id,mathematics_interest,physics_interest,chemistry_interest,biology_interest,computer_interest,accountancy_interest,economics_interest,business_interest,history_political_science_interest,psychology_interest,logical_reasoning,numerical_ability,scientific_interest,problem_solving,communication,leadership,creativity,empathy,research_interest,public_speaking,technology_interest,medical_healthcare_interest,business_finance_interest,social_issues_interest,government_public_service_interest,law_debate_interest,teaching_interest,long_study_willingness,stress_tolerance,risk_tolerance,teamwork,people_interaction,career_choice
1,3,5,4,3,5,1,5,4,5,7,7,3,7,7,8,6,9,8,5,8,3,4,2,5,3,4,9,7,5,3,7,7,Teaching / Professor
2,5,3,1,3,7,9,9,6,3,3,6,10,2,6,4,8,3,3,5,5,4,2,10,3,3,3,5,8,7,3,7,6,CA / Accounting
3,4,1,5,1,3,1,5,4,10,5,8,4,2,8,6,5,5,6,6,8,4,3,4,7,6,8,5,9,7,7,6,9,Law
4,6,4,9,10,6,5,2,4,4,6,6,5,8,10,9,8,4,10,7,9,7,10,6,7,5,4,9,9,8,4,8,8,MBBS / Doctor
5,7,1,1,3,5,8,6,5,3,3,7,9,3,5,4,5,5,2,3,4,6,1,10,2,6,4,6,5,4,4,7,6,CA / Accounting
6,8,7,6,6,8,6,5,2,3,4,9,6,7,8,5,7,8,6,6,6,6,1,2,4,5,3,4,6,8,6,6,4,Engineering
7,4,6,5,8,6,5,4,5,3,6,7,7,10,10,8,8,10,8,4,8,7,10,6,4,4,2,3,8,10,4,9,9,Dentist
8,6,4,4,4,4,10,9,6,4,6,7,8,3,6,6,7,5,3,6,4,5,2,10,3,7,5,5,9,7,3,9,4,CA / Accounting
9,3,2,3,3,7,3,7,5,7,8,7,5,3,7,7,6,6,7,7,8,7,5,5,7,7,10,3,8,8,5,7,7,Law
10,4,3,3,2,6,4,6,6,6,6,6,7,3,7,7,8,9,5,4,8,7,2,7,6,5,3,3,7,7,5,7,8,Business / Management
11,7,3,2,1,5,9,8,7,3,3,8,8,1,6,9,7,4,5,5,6,6,2,7,3,1,4,5,8,7,5,5,5,Finance / Banking
12,6,3,2,2,4,5,5,6,3,5,9,9,5,6,8,6,3,6,3,3,9,2,7,3,5,2,4,6,10,4,5,5,Finance / Banking
13,8,6,1,3,7,9,9,9,4,3,7,10,2,8,8,7,6,4,5,7,10,4,10,3,4,4,6,7,8,6,3,8,Finance / Banking
14,7,3,5,1,5,10,7,6,5,6,8,7,3,8,4,8,5,3,5,5,5,1,9,3,5,5,5,9,9,5,8,5,CA / Accounting
15,5,2,1,4,4,5,3,6,6,7,5,4,2,6,7,5,5,5,4,7,5,1,4,5,8,9,2,9,7,4,10,7,Law
16,4,4,3,1,7,9,4,6,7,4,10,9,5,7,6,4,6,3,4,2,7,3,9,4,6,2,7,5,7,7,8,4,Finance / Banking
17,1,2,3,1,5,4,4,3,8,4,3,1,7,7,10,10,8,7,5,6,7,1,6,8,2,7,4,6,6,7,7,10,Journalism / Media
18,2,2,3,3,4,5,4,9,5,7,7,8,5,9,7,10,8,8,6,7,7,3,6,6,5,2,5,7,9,9,6,7,Business / Management
19,8,5,5,3,8,5,9,10,5,3,9,7,5,8,9,10,7,7,3,8,7,2,7,4,3,5,5,3,8,8,8,7,Business / Management
20,8,4,1,1,5,10,8,9,2,2,9,9,3,6,6,7,5,5,6,6,6,5,8,6,5,5,4,10,10,7,8,6,CA / Accounting
21,7,1,1,1,5,7,5,5,2,2,4,7,1,6,3,5,3,5,4,3,5,1,7,2,3,3,3,7,6,4,7,4,CA / Accounting
22,5,1,1,2,6,1,4,3,8,5,6,2,3,8,6,7,6,8,7,8,4,2,4,7,3,10,3,9,5,4,6,7,Law
23,5,6,4,4,5,3,3,3,4,8,5,5,5,7,10,6,8,8,8,9,8,5,1,4,4,2,9,6,6,4,7,7,Teaching / Professor
24,6,1,3,1,5,9,6,7,4,3,10,7,1,6,7,6,1,3,3,6,4,1,6,3,6,3,5,7,7,4,4,4,CA / Accounting
25,5,7,7,8,3,4,4,4,1,3,8,4,8,7,10,5,7,8,6,3,3,9,3,4,4,4,4,10,7,3,8,9,Dentist
26,10,5,4,4,7,7,7,7,4,3,6,8,2,7,7,6,7,5,4,5,6,1,10,5,6,8,7,7,5,7,7,5,CA / Accounting
27,5,5,7,2,2,5,7,9,4,7,5,7,6,9,9,10,9,6,6,8,9,1,7,4,5,7,5,5,9,8,10,10,Business / Management
28,5,7,8,9,5,3,4,4,2,5,5,7,8,7,7,3,7,9,2,3,5,10,3,2,2,2,4,6,7,3,6,8,Dentist
29,6,3,7,6,5,2,1,1,2,3,6,6,10,5,4,4,6,6,10,3,5,7,1,4,6,2,7,9,3,4,3,6,Pharmacy
30,7,4,4,4,3,9,8,8,3,5,8,8,3,7,5,6,5,6,6,8,5,2,10,5,4,3,5,7,7,8,10,5,Finance / Banking
31,1,3,5,4,4,1,5,5,10,5,6,4,3,6,8,8,9,7,5,9,5,1,5,8,9,7,7,8,9,5,9,9,Civil Services
32,7,2,1,2,4,8,5,7,2,3,6,10,1,4,5,4,5,5,6,5,4,3,8,2,4,4,3,9,8,3,6,7,CA / Accounting
33,9,1,2,2,7,6,8,8,4,4,7,8,2,9,7,6,5,6,8,5,7,2,10,5,4,5,4,4,8,5,7,5,Finance / Banking
34,8,4,3,1,7,5,8,5,4,5,8,8,2,7,6,7,4,7,5,6,6,3,10,3,2,6,3,6,7,5,8,7,Finance / Banking
35,3,2,2,1,6,3,1,3,8,5,6,2,2,6,8,7,10,6,6,7,9,4,5,8,5,5,7,4,7,6,9,10,Journalism / Media
36,7,1,5,2,5,9,9,6,5,5,10,10,3,8,6,5,5,4,6,6,7,3,10,5,3,5,5,9,8,5,9,6,CA / Accounting
37,5,5,3,3,5,5,7,10,5,6,7,7,7,7,9,7,10,6,3,5,8,1,8,5,4,4,4,6,9,8,9,8,Business / Management
38,8,6,4,6,8,3,4,3,1,5,8,7,6,9,3,4,5,7,7,1,6,3,3,2,6,4,5,5,7,5,6,6,Engineering
39,7,3,1,3,3,10,8,5,5,4,7,7,3,6,7,4,7,3,2,5,4,1,10,7,4,5,4,8,6,3,5,5,CA / Accounting
40,3,4,5,4,7,4,7,7,9,8,8,5,5,8,9,10,8,5,9,9,4,1,4,10,10,9,7,10,6,5,10,10,Civil Services
41,2,1,3,2,6,3,3,6,9,6,9,5,5,9,7,6,6,6,5,7,4,1,4,4,7,8,5,4,7,5,7,8,Law
42,9,8,5,7,6,3,4,5,6,6,7,8,5,7,8,8,10,7,10,10,5,4,2,6,3,5,9,8,8,6,9,7,Teaching / Professor
43,3,4,6,6,3,1,1,4,4,5,8,5,7,6,5,5,4,6,5,2,4,6,2,1,3,1,3,5,5,1,4,5,Pharmacy
44,3,1,3,5,7,2,5,8,9,3,10,4,4,9,9,7,7,6,6,10,5,1,5,7,8,10,6,6,8,4,6,8,Law
45,7,6,2,4,6,2,5,2,4,4,7,5,4,5,8,6,6,8,7,8,6,2,3,6,4,3,10,6,6,2,7,6,Teaching / Professor
46,1,1,4,4,5,4,1,2,4,8,6,4,5,4,8,6,6,7,6,8,5,7,3,6,4,3,7,8,5,2,6,7,Psychology
47,4,2,8,7,7,4,2,5,2,5,7,4,10,7,8,4,6,4,8,6,6,10,2,4,3,1,4,9,6,4,5,7,Pharmacy
48,6,3,3,1,4,9,7,5,1,4,8,9,1,7,7,5,3,5,5,2,6,1,10,3,3,2,6,7,10,6,8,2,CA / Accounting
49,6,1,2,2,8,10,8,4,4,5,5,7,1,9,7,4,2,1,2,2,5,2,10,4,3,4,3,7,7,5,7,4,CA / Accounting
50,4,1,3,2,7,4,7,5,10,6,9,6,4,6,8,7,6,7,5,9,6,6,4,8,6,10,5,7,10,7,5,8,Law
51,8,3,2,3,9,4,8,9,2,6,6,7,7,8,8,10,7,4,7,7,8,6,5,5,2,6,4,4,9,8,7,7,Business / Management
52,4,1,6,6,2,2,8,4,10,4,6,5,4,9,7,6,8,9,10,6,4,3,2,9,10,4,6,6,8,3,7,5,Civil Services
53,3,4,7,8,4,1,1,4,4,3,3,3,9,5,8,1,5,7,3,4,4,10,1,5,1,2,4,8,5,3,6,9,Dentist
54,5,2,2,5,5,10,9,6,3,4,8,7,2,5,9,6,4,3,4,2,6,3,10,5,6,7,4,7,9,3,6,5,CA / Accounting
55,3,5,7,6,5,4,4,6,3,5,4,4,5,9,5,4,8,7,5,4,4,8,3,2,3,2,8,9,9,4,7,9,Dentist
56,9,9,5,6,9,3,7,3,6,2,9,8,7,10,6,8,8,6,7,5,9,4,4,7,5,5,3,9,7,5,10,7,Engineering
57,1,2,2,6,1,5,1,4,4,10,8,3,6,9,8,3,8,10,6,6,2,5,2,4,4,3,5,8,8,6,8,7,Psychology
58,5,1,1,3,5,7,4,5,4,2,5,8,1,9,5,5,3,2,3,7,7,1,9,2,5,1,3,6,8,4,3,5,CA / Accounting
59,9,2,1,1,6,6,6,9,4,3,10,9,3,8,6,6,6,7,4,5,5,3,10,4,3,3,5,6,6,7,6,8,Finance / Banking
60,5,3,3,1,3,4,3,2,8,5,7,5,5,8,9,7,4,8,5,7,3,1,4,8,9,4,5,9,5,2,7,5,Civil Services
61,9,8,7,5,10,4,4,5,3,3,6,7,8,8,4,3,10,5,5,5,10,4,1,8,1,3,3,6,7,3,7,7,Engineering
62,3,7,6,7,5,2,4,5,6,9,8,8,7,10,9,8,8,10,7,6,5,8,4,10,2,5,9,5,7,4,8,8,Psychology
63,1,5,6,8,3,1,2,1,2,6,5,3,8,8,8,6,6,7,5,6,4,8,1,7,7,2,7,9,7,5,5,7,MBBS / Doctor
64,1,2,2,3,7,9,3,9,4,5,7,6,3,8,8,9,8,5,8,7,8,2,7,5,1,3,3,5,5,8,10,8,Business / Management
65,9,3,2,3,5,9,6,7,4,3,6,6,2,6,5,5,7,3,2,4,5,4,10,5,4,5,3,8,6,3,7,6,CA / Accounting
66,1,3,9,5,5,4,1,2,4,4,8,5,6,5,8,2,4,4,4,4,3,9,3,4,1,2,6,6,6,2,6,4,Pharmacy
67,9,6,6,2,10,3,4,4,3,3,7,10,6,5,4,7,7,5,8,4,9,2,5,4,3,5,6,6,6,9,8,5,Engineering
68,6,1,1,1,9,10,5,7,1,4,7,8,4,7,7,6,3,2,4,3,5,1,8,5,1,1,4,3,4,9,7,10,Finance / Banking
69,5,5,9,10,3,1,1,3,1,5,7,4,9,7,6,9,5,8,8,7,5,10,2,6,3,3,7,9,7,2,8,8,MBBS / Doctor
70,6,2,2,4,4,3,4,3,5,10,4,3,5,6,9,5,5,8,8,7,4,5,2,8,5,4,4,10,7,3,6,10,Psychology
71,5,4,7,10,5,2,3,3,5,5,7,6,9,6,7,6,5,7,8,6,3,7,4,5,4,5,6,7,6,5,10,9,MBBS / Doctor
72,4,4,9,10,7,1,3,4,6,7,7,5,9,9,10,9,7,7,5,4,6,8,3,6,5,5,6,7,7,6,10,10,MBBS / Doctor
73,6,3,3,8,4,3,7,6,7,5,7,4,7,8,7,10,8,7,10,8,5,3,4,8,4,5,8,8,7,5,7,8,Teaching / Professor
74,10,3,1,3,8,7,10,6,1,6,7,7,5,7,6,5,4,4,5,4,7,2,9,3,3,4,2,10,3,5,7,7,Finance / Banking
75,5,4,8,7,4,4,4,3,4,5,10,7,8,8,9,5,5,8,6,7,5,9,3,8,5,7,6,9,10,8,8,10,MBBS / Doctor
76,8,5,3,10,4,1,1,3,2,7,4,4,10,9,7,6,10,5,8,7,5,9,6,7,2,1,7,5,9,2,7,8,Dentist
77,2,4,4,5,4,1,6,7,7,5,5,6,3,6,8,8,9,6,6,8,6,4,4,9,6,9,7,7,7,7,10,10,Journalism / Media
78,4,5,1,1,4,5,8,9,2,4,5,6,3,5,8,10,7,6,2,3,4,2,6,5,3,6,6,5,5,5,10,6,Business / Management
79,3,5,3,2,4,4,6,7,8,5,8,3,5,7,10,5,7,8,7,7,9,4,5,10,7,5,5,4,8,9,7,10,Journalism / Media
80,4,3,6,6,4,2,1,3,1,6,8,5,9,9,6,3,5,5,8,1,1,8,3,4,1,1,3,4,4,4,5,4,Pharmacy
81,2,1,2,1,6,3,6,5,9,6,7,5,4,7,9,5,6,5,8,7,4,4,5,6,7,10,5,10,8,8,8,10,Law
82,7,7,5,3,8,1,2,3,5,6,9,5,6,8,6,6,5,5,7,6,7,2,1,3,3,2,5,6,3,6,5,6,Engineering
83,8,5,2,6,6,4,4,5,9,6,9,5,3,9,8,9,4,6,4,6,7,3,3,9,10,7,5,8,8,3,9,8,Civil Services
84,8,3,1,4,6,10,8,6,3,4,8,9,2,6,8,7,3,5,6,5,5,1,9,7,3,5,3,9,7,5,6,5,Finance / Banking
85,3,6,7,7,2,3,4,4,4,4,9,5,8,8,7,6,4,5,6,4,5,9,2,5,2,3,6,6,7,5,5,7,Dentist
86,6,3,2,4,5,2,8,6,9,6,9,4,5,10,6,7,8,7,5,8,7,1,5,8,6,9,6,9,8,7,7,10,Law
87,7,4,3,3,4,10,7,7,3,4,6,9,4,9,5,8,3,4,4,5,5,1,10,2,4,2,5,5,6,2,4,5,CA / Accounting
88,5,1,2,1,4,8,6,4,1,7,7,10,2,6,5,6,4,1,2,1,5,1,9,2,2,6,4,8,8,1,6,7,CA / Accounting
89,8,1,4,5,4,4,4,3,4,10,10,4,6,5,9,6,8,9,7,6,2,8,3,6,4,2,5,6,7,3,8,9,Psychology
90,4,6,2,6,3,3,4,5,2,7,7,5,7,8,7,7,8,5,8,10,6,3,1,4,4,6,10,8,5,3,9,6,Teaching / Professor
91,3,2,4,3,5,4,6,4,10,4,9,5,5,9,8,9,3,9,5,10,6,3,3,7,10,8,7,10,9,6,7,7,Civil Services
92,7,7,7,5,9,3,5,8,4,4,10,9,10,9,8,9,7,5,9,7,8,3,1,6,5,5,4,6,7,7,8,8,Engineering
93,5,1,1,1,2,9,5,6,3,7,6,8,2,5,5,6,4,4,2,3,3,1,10,3,4,5,3,9,6,1,6,6,CA / Accounting
94,4,4,8,10,7,4,3,6,2,5,6,4,9,8,10,7,9,9,4,4,6,8,3,6,2,3,9,10,10,5,5,9,Dentist
95,2,3,2,3,2,1,3,4,5,10,6,4,3,9,8,4,3,9,8,7,4,7,2,9,4,2,8,7,4,2,7,8,Psychology
96,9,5,6,8,7,6,9,10,5,6,10,6,7,9,10,8,7,8,4,8,10,1,8,7,5,4,5,5,8,8,8,10,Business / Management
97,1,3,5,3,1,7,8,4,10,6,6,6,3,8,9,8,8,5,2,8,6,1,5,8,6,10,5,8,8,6,5,10,Law
98,6,6,4,2,4,3,6,5,8,7,4,2,2,5,10,5,9,7,6,8,5,4,3,8,5,8,7,5,7,6,7,9,Journalism / Media
99,7,8,3,1,9,2,4,2,3,4,9,6,9,7,5,8,7,4,6,7,10,2,4,4,2,4,5,8,8,6,7,7,Engineering
100,5,3,3,2,3,3,5,4,8,4,5,5,4,9,7,10,10,8,4,7,2,1,5,8,10,10,4,9,7,4,10,7,Civil Services
101,5,4,4,7,3,4,2,3,4,10,6,3,3,7,9,2,7,8,6,6,5,6,2,7,5,6,8,8,5,3,8,8,Psychology
102,2,5,4,1,7,2,4,5,7,8,5,5,3,7,9,6,8,5,9,8,7,2,1,8,4,8,5,4,6,7,8,10,Journalism / Media
103,5,3,5,6,1,1,3,1,3,4,8,8,10,6,7,6,10,9,5,4,3,8,4,2,2,1,5,8,7,6,7,9,Dentist
104,5,3,2,5,5,9,10,9,2,7,10,4,8,6,6,10,10,6,6,9,9,2,6,7,5,6,4,7,6,9,9,9,Business / Management
105,6,3,4,1,8,10,9,6,3,3,8,10,1,10,6,8,5,5,6,4,5,1,10,7,4,7,6,7,9,4,9,7,CA / Accounting
106,7,4,5,4,9,3,7,7,2,4,9,6,4,9,8,10,9,7,4,9,5,3,9,5,4,8,7,6,6,5,10,10,Business / Management
107,1,1,3,1,6,1,4,5,8,3,8,1,6,9,9,6,6,6,5,8,6,1,5,6,4,9,5,5,8,3,3,7,Law
108,6,1,3,3,5,3,6,9,5,7,10,7,4,10,6,6,7,7,5,6,6,1,6,7,4,8,4,7,8,10,9,10,Business / Management
109,7,8,8,8,7,6,1,4,1,6,7,4,6,6,7,9,10,10,1,5,9,8,3,4,3,3,7,7,8,2,6,8,Dentist
110,6,3,1,1,5,7,8,8,3,2,7,9,3,5,3,6,4,4,4,3,5,1,10,3,3,5,4,8,6,2,6,5,CA / Accounting
111,8,8,5,6,5,3,4,5,8,8,9,6,7,8,6,6,6,7,7,9,5,1,4,6,5,3,10,7,4,3,5,7,Teaching / Professor
112,5,3,7,10,2,1,5,4,1,4,6,5,6,8,8,6,8,8,5,5,4,6,3,4,3,3,3,9,10,3,6,10,Dentist
113,2,1,2,4,6,5,6,5,8,5,9,4,3,9,7,9,5,7,5,10,5,3,4,8,6,7,5,9,7,3,7,8,Law
114,5,6,3,5,6,1,5,6,3,4,9,8,7,7,6,3,6,6,8,5,5,1,2,3,1,3,7,7,7,4,4,3,Engineering
115,1,1,2,2,7,1,3,5,5,6,7,5,3,10,7,7,10,8,8,7,7,2,2,10,5,7,4,6,7,8,9,10,Journalism / Media
116,3,1,5,2,3,2,7,3,6,5,9,5,1,7,9,6,5,7,8,7,4,1,5,10,6,9,5,7,3,3,9,10,Law
117,4,6,7,10,3,1,3,3,2,6,6,5,5,7,7,6,6,7,7,5,6,6,1,6,3,1,6,8,8,5,7,9,MBBS / Doctor
118,5,9,8,5,8,5,4,3,3,3,7,9,6,8,4,6,5,3,6,6,9,4,4,4,5,3,6,9,6,5,6,4,Engineering
119,4,7,6,6,5,6,3,3,4,9,7,4,10,9,9,6,5,10,8,7,6,10,4,5,6,3,9,10,8,5,9,8,MBBS / Doctor
120,4,4,6,4,5,5,7,6,9,6,6,7,6,10,7,10,5,6,5,9,6,5,5,9,10,9,6,9,10,5,6,8,Civil Services
121,7,3,2,2,6,8,6,9,4,4,6,10,2,9,6,7,3,5,5,5,9,3,10,2,7,6,4,8,10,8,6,7,Finance / Banking
122,1,2,4,5,3,1,1,3,7,10,8,5,7,9,7,8,5,8,8,6,3,5,4,10,3,3,10,9,5,5,9,10,Psychology
123,2,6,8,8,2,2,4,6,1,7,7,3,7,9,6,5,5,6,5,5,4,8,2,3,1,1,6,9,10,3,7,8,Dentist
124,2,1,2,3,3,1,2,2,2,7,5,3,7,7,7,5,6,9,5,5,1,5,1,8,3,6,7,9,7,1,8,9,Psychology
125,5,3,6,2,3,1,9,6,10,3,9,5,3,8,9,4,7,8,5,10,4,1,6,10,9,8,9,8,6,3,4,5,Civil Services
126,2,7,6,9,3,3,3,4,4,5,6,3,9,6,5,5,6,6,4,5,4,10,2,5,2,2,9,8,8,6,7,6,Dentist
127,3,4,2,6,6,1,5,6,5,9,6,2,8,6,9,7,6,8,8,8,4,4,2,9,4,2,9,7,6,1,7,7,Psychology
128,2,3,2,1,7,5,9,7,2,6,5,5,5,7,7,6,9,5,5,7,8,2,6,3,3,5,3,6,9,7,6,7,Business / Management
129,7,6,3,4,5,1,4,3,4,5,9,9,9,8,6,7,7,4,6,4,9,3,3,3,2,5,5,6,8,5,5,7,Engineering
130,8,1,1,1,5,9,6,9,5,1,6,9,3,6,7,4,4,3,4,3,6,1,9,3,6,4,4,9,7,5,4,6,CA / Accounting
131,6,5,7,7,4,3,5,1,6,5,6,8,7,7,7,8,5,7,8,8,5,2,5,4,5,4,7,8,6,1,9,8,Teaching / Professor
132,6,3,7,8,5,1,2,4,5,8,7,4,7,4,8,6,8,7,7,7,6,4,2,7,3,4,10,8,6,4,3,7,Teaching / Professor
133,7,5,4,3,8,6,10,10,5,5,7,9,5,9,6,7,5,5,7,5,7,2,9,4,6,5,7,6,10,7,8,7,Finance / Banking
134,8,7,6,6,9,4,7,5,4,6,10,9,5,7,6,7,7,7,8,7,10,2,5,4,2,4,7,8,10,7,10,6,Engineering
135,4,2,3,1,6,1,5,3,6,5,9,5,2,7,10,5,9,8,7,9,4,3,1,5,2,10,3,6,9,7,8,9,Journalism / Media
136,4,4,2,3,7,5,5,2,8,6,10,7,5,8,8,10,4,8,5,6,6,4,5,8,10,6,6,7,7,4,7,8,Civil Services
137,3,3,1,3,2,4,3,5,7,5,10,3,3,6,10,7,5,8,7,8,4,2,6,9,2,8,5,6,6,6,9,8,Law
138,3,3,10,9,5,3,3,4,2,3,6,3,8,8,6,4,2,4,10,3,3,8,3,3,3,1,7,7,6,3,8,5,Pharmacy
139,3,6,7,7,4,2,1,6,3,4,7,6,8,9,6,3,3,5,5,2,4,10,5,4,2,4,5,8,7,5,6,6,Pharmacy
140,9,7,6,6,7,4,8,3,6,8,9,8,9,9,3,7,9,7,6,5,10,4,2,7,4,6,4,8,8,7,6,3,Engineering
141,6,3,8,6,5,3,2,5,6,9,7,5,6,9,9,9,9,10,5,7,4,10,2,10,6,4,8,9,7,5,9,10,Psychology
142,6,3,6,6,5,2,5,2,4,7,7,6,5,7,7,7,5,9,9,7,5,4,1,5,6,4,9,6,7,5,8,10,Teaching / Professor
143,5,1,3,2,3,10,7,5,4,4,8,9,1,5,5,2,4,3,4,6,4,1,7,5,2,7,2,8,8,5,4,4,CA / Accounting
144,3,1,1,2,7,2,4,5,7,5,5,1,1,7,10,7,9,8,5,7,4,1,3,8,6,8,5,5,7,6,9,9,Journalism / Media
145,2,4,4,7,4,1,6,4,3,8,5,4,9,6,8,7,6,10,7,5,3,9,1,4,3,4,5,9,6,2,7,8,MBBS / Doctor
146,1,1,3,4,5,3,2,3,8,6,6,5,3,3,10,6,8,7,4,10,5,2,3,8,3,5,4,5,6,6,6,10,Journalism / Media
147,5,4,9,10,9,2,3,4,6,7,9,7,7,9,7,7,6,10,7,6,9,9,4,7,6,3,6,10,10,5,7,9,MBBS / Doctor
148,2,1,5,1,4,3,3,3,5,9,6,3,4,4,8,5,7,9,2,9,4,1,4,7,4,6,3,4,6,6,7,7,Journalism / Media
149,5,4,1,3,2,8,5,4,5,4,7,8,1,6,4,4,3,5,4,4,4,2,5,2,2,4,3,7,7,4,8,4,CA / Accounting
150,4,4,5,8,4,3,4,3,2,6,7,3,6,9,7,4,7,7,2,7,3,10,2,4,2,1,4,9,9,4,6,6,Dentist
151,3,3,9,4,5,1,2,4,4,4,6,3,6,7,6,5,5,4,7,2,3,6,1,1,1,3,2,6,5,3,6,5,Pharmacy
152,6,9,7,5,10,2,9,4,4,4,8,9,7,10,6,6,6,5,6,4,7,7,3,2,3,4,6,8,8,5,7,4,Engineering
153,2,3,3,7,5,4,4,5,10,6,8,7,4,7,7,9,10,7,7,6,5,4,6,10,3,10,4,5,7,6,10,9,Journalism / Media
154,9,4,6,4,6,7,10,6,2,3,7,9,4,9,5,5,6,4,3,3,7,2,9,6,5,4,6,8,6,8,10,10,Finance / Banking
155,4,3,4,5,2,3,4,6,6,10,7,3,5,7,10,4,7,8,8,5,5,7,2,7,4,4,6,8,8,4,8,9,Psychology
156,1,1,4,4,6,2,3,3,8,4,7,4,3,6,9,5,9,7,9,10,5,4,2,10,5,10,5,5,5,8,8,8,Journalism / Media
157,4,4,1,5,5,1,5,4,7,7,8,1,4,6,10,9,9,7,8,10,7,1,1,9,3,4,6,1,6,5,5,6,Journalism / Media
158,3,2,2,4,1,2,5,6,7,3,8,3,1,8,8,7,9,7,6,10,7,4,4,8,7,6,3,8,7,6,8,7,Law
159,6,3,4,5,8,7,9,9,2,6,8,8,4,7,7,8,6,6,5,7,7,2,7,5,5,5,10,6,9,8,8,10,Business / Management
160,5,2,1,3,9,5,9,7,4,7,5,6,3,9,9,10,9,6,6,6,8,1,6,8,5,6,4,4,7,8,10,10,Business / Management
161,7,6,8,5,6,2,4,4,2,4,9,5,5,7,4,8,8,5,5,4,6,4,4,5,3,3,4,7,4,7,6,4,Engineering
162,4,5,2,1,6,5,3,4,9,8,6,3,3,8,10,6,10,9,7,8,7,2,7,9,6,9,6,6,6,6,10,6,Journalism / Media
163,3,2,4,1,3,8,6,8,2,3,6,9,4,6,7,5,2,5,3,5,6,2,7,2,3,2,2,6,5,3,5,4,CA / Accounting
164,6,2,2,4,6,10,7,6,1,3,6,8,3,5,7,6,4,4,1,3,3,1,7,2,3,3,4,8,10,2,6,5,CA / Accounting
165,8,9,5,4,8,1,5,4,4,5,10,7,7,8,5,5,7,6,7,4,10,5,3,7,5,4,6,7,8,7,7,3,Engineering
166,1,3,5,6,7,1,3,4,5,6,6,6,8,6,8,7,7,10,7,9,4,3,1,6,2,5,10,9,6,6,6,10,Teaching / Professor
167,10,10,10,7,10,4,5,5,4,5,9,7,5,9,5,5,7,5,8,5,10,4,4,5,2,5,6,9,5,4,7,8,Engineering
168,6,2,2,3,5,1,2,4,8,4,6,2,5,7,9,7,7,5,2,8,4,3,4,9,4,7,4,4,5,4,7,8,Journalism / Media
169,5,6,4,3,5,5,8,2,9,7,8,10,6,10,7,7,6,6,7,7,3,5,5,9,9,9,7,10,8,5,8,7,Civil Services
170,5,4,2,3,6,4,3,4,8,6,8,5,4,9,10,6,7,7,7,9,4,3,5,8,9,9,6,5,6,5,7,10,Law
171,7,5,9,6,4,3,6,6,7,7,8,7,7,6,8,6,6,7,9,9,7,7,5,8,3,7,10,10,5,6,7,7,Teaching / Professor
172,7,2,5,5,4,3,5,3,8,3,7,3,6,7,10,6,7,4,9,9,6,4,2,5,3,4,9,10,6,4,7,8,Teaching / Professor
173,3,1,7,2,4,3,4,4,10,3,7,3,3,10,6,7,4,5,6,8,1,1,5,8,5,8,4,9,8,8,9,8,Law
174,5,5,10,9,3,2,1,3,3,4,6,5,9,8,6,4,3,4,6,3,6,8,1,4,3,3,7,10,7,3,7,1,Pharmacy
175,5,1,3,4,4,10,9,7,5,3,6,8,4,9,4,4,3,1,3,4,1,2,10,5,5,5,6,9,7,6,4,7,CA / Accounting
176,4,4,7,8,7,1,5,2,3,6,8,6,9,7,10,7,1,7,5,4,6,9,1,7,2,1,4,9,8,3,7,7,MBBS / Doctor
177,4,5,7,9,5,3,2,3,5,5,7,5,8,9,8,4,6,7,4,6,3,8,3,5,3,2,5,7,8,3,6,7,MBBS / Doctor
178,3,2,3,2,5,3,3,5,6,10,7,2,5,6,6,6,7,9,4,3,3,5,1,6,3,4,7,6,5,1,5,7,Psychology
179,4,3,1,5,7,6,7,5,4,4,7,7,3,10,6,8,5,6,6,4,8,4,9,4,5,6,2,5,9,6,9,6,Finance / Banking
180,3,2,8,10,6,3,4,4,2,5,8,6,8,7,8,6,5,8,5,7,5,10,3,7,5,4,7,10,8,5,8,5,MBBS / Doctor
181,8,1,2,2,5,8,7,7,1,2,9,6,4,7,3,5,6,7,7,3,8,1,8,5,4,4,1,5,5,7,8,9,Finance / Banking
182,6,5,4,4,4,3,5,5,10,10,7,6,3,9,10,5,6,6,7,8,5,5,4,7,6,10,5,8,7,6,10,10,Law
183,10,6,2,6,10,2,2,4,3,4,6,8,8,6,7,9,7,4,6,6,6,4,3,7,4,6,3,8,7,5,7,8,Engineering
184,4,5,3,6,8,6,5,4,6,6,9,4,6,7,7,7,9,8,6,7,4,3,2,6,3,3,6,9,4,4,7,8,Teaching / Professor
185,6,4,3,4,7,5,4,10,5,5,4,6,3,6,8,8,7,7,5,6,6,2,7,6,2,7,6,2,8,9,9,8,Business / Management
186,2,4,4,4,5,2,5,4,9,7,7,6,5,8,9,8,8,7,9,8,5,3,4,7,7,6,7,10,10,5,7,8,Civil Services
187,6,5,6,3,4,2,6,6,7,5,7,4,6,6,8,6,10,8,7,8,8,5,3,5,5,5,10,10,7,4,6,10,Teaching / Professor
188,6,4,4,7,6,4,7,5,7,5,7,4,5,8,8,6,7,7,7,9,5,2,5,9,5,5,9,8,8,5,7,8,Teaching / Professor
189,3,2,2,1,7,3,1,6,6,2,7,6,3,8,8,4,10,6,5,7,6,3,3,9,4,5,3,6,5,5,7,10,Journalism / Media
190,2,1,1,3,4,3,3,3,8,6,5,4,2,6,10,4,7,4,4,8,3,4,6,7,6,10,3,9,6,5,6,7,Law
191,9,5,3,1,6,5,8,7,7,6,7,9,5,8,7,6,6,5,6,6,9,3,9,6,3,1,2,4,8,7,9,8,Finance / Banking
192,5,4,8,6,3,5,2,4,2,3,6,6,10,6,5,8,6,7,8,6,5,8,2,2,2,1,3,8,8,2,8,5,Pharmacy
193,5,1,3,4,6,1,4,1,8,10,7,3,7,5,9,3,6,7,7,3,4,7,2,8,5,3,6,7,5,3,9,8,Psychology
194,4,4,7,4,4,2,6,2,8,3,9,2,4,6,7,7,5,10,7,8,5,2,3,7,10,6,6,8,4,4,8,7,Civil Services
195,4,3,4,2,6,4,8,8,3,4,6,5,5,8,9,9,9,3,3,8,7,4,5,4,4,5,5,7,7,10,10,7,Business / Management
196,4,6,3,6,4,4,6,5,6,9,8,3,8,10,10,8,5,10,8,7,4,9,3,8,3,5,9,10,8,2,6,10,Psychology
197,5,5,4,5,10,3,1,3,5,8,9,6,4,7,7,7,8,7,8,9,6,1,3,2,5,6,10,9,7,4,6,7,Teaching / Professor
198,2,3,6,8,5,1,2,2,3,6,7,3,9,9,7,5,7,10,3,6,7,9,1,4,6,4,6,10,6,4,7,7,MBBS / Doctor
199,10,7,5,5,9,4,7,7,3,6,8,8,9,10,9,7,8,5,5,8,9,5,6,3,3,7,6,7,8,9,9,5,Engineering
200,7,5,5,4,6,7,7,10,4,2,7,9,6,7,8,5,6,7,6,1,7,1,10,4,7,4,4,7,8,5,6,6,Finance / Banking
201,4,2,2,9,3,3,5,2,4,9,6,4,9,10,6,6,9,9,6,8,4,5,2,7,3,3,8,7,4,5,8,8,Psychology
202,4,6,4,2,7,3,2,6,9,4,6,3,5,5,10,7,9,8,5,10,8,3,2,10,4,6,6,6,6,6,8,8,Journalism / Media
203,6,2,5,1,5,7,6,5,1,3,7,7,1,8,5,3,1,3,3,3,9,2,8,1,6,4,7,6,5,6,6,7,CA / Accounting
204,3,4,6,4,4,3,4,3,4,9,6,5,7,7,8,8,8,8,7,6,7,3,1,6,4,3,9,9,5,5,6,9,Teaching / Professor
205,5,2,1,3,5,8,8,6,1,3,6,8,2,7,3,5,3,3,4,3,3,1,10,1,5,1,4,6,6,4,7,7,CA / Accounting
206,9,3,6,1,6,9,8,7,2,4,10,8,6,7,5,5,6,2,8,5,7,1,9,6,2,4,6,4,6,5,5,7,Finance / Banking
207,4,6,7,9,4,2,1,5,2,5,6,7,9,10,5,8,9,6,6,3,3,9,2,3,3,3,7,8,9,2,8,9,Dentist
208,4,5,10,4,4,3,2,1,2,4,7,1,9,8,5,3,7,5,7,3,6,8,3,3,1,1,5,7,6,5,6,6,Pharmacy
209,7,6,10,6,5,5,3,4,3,4,9,3,8,8,4,5,5,7,7,3,5,8,3,4,3,2,3,8,4,4,6,5,Pharmacy
210,7,9,6,3,8,1,5,3,3,6,8,6,8,8,5,7,7,3,9,5,9,3,6,4,2,3,7,8,7,8,8,6,Engineering
211,4,4,10,7,3,3,2,2,3,3,6,6,7,9,6,7,6,6,8,5,7,7,3,4,5,3,4,8,5,6,6,4,Pharmacy
212,10,8,6,6,7,3,4,4,6,2,7,6,10,8,6,4,7,7,7,5,7,3,5,3,5,6,5,8,7,9,10,5,Engineering
213,5,3,2,4,7,4,5,5,8,7,8,6,5,7,10,10,6,6,7,10,5,4,2,8,10,7,6,9,7,6,9,10,Civil Services
214,5,1,1,2,2,1,3,3,7,5,5,2,1,5,7,7,5,7,7,5,4,1,4,8,6,7,6,6,7,3,7,7,Law
215,5,4,10,8,6,4,2,6,4,6,9,2,6,8,2,4,5,5,9,4,9,6,4,5,3,3,4,5,7,6,9,4,Pharmacy
216,3,3,4,5,9,4,8,9,4,6,5,6,5,7,9,6,8,8,4,6,5,4,9,5,3,2,5,5,7,10,6,6,Business / Management
217,3,7,6,7,4,3,3,6,4,4,7,4,6,9,5,2,7,6,8,1,6,5,5,2,1,4,1,7,5,5,5,5,Pharmacy
218,6,7,4,4,5,1,7,5,4,3,7,8,7,10,6,6,5,5,7,5,8,4,6,5,6,5,7,6,7,6,8,7,Engineering
219,5,4,4,1,5,2,5,2,7,5,7,4,6,10,8,5,5,8,6,7,5,3,6,7,9,6,3,6,6,6,4,5,Civil Services
220,4,2,4,4,5,4,6,5,7,7,7,4,5,8,8,7,10,3,6,9,6,3,5,8,8,7,4,4,5,5,8,9,Journalism / Media
221,4,2,1,2,2,3,7,5,9,3,5,3,6,5,9,7,7,6,5,7,5,3,2,7,5,7,6,6,7,7,8,9,Law
222,8,9,7,3,10,2,6,4,6,4,9,9,6,9,6,5,7,7,6,6,9,2,5,3,5,3,5,5,7,8,6,5,Engineering
223,4,5,5,3,7,2,5,3,4,5,7,9,7,6,6,6,7,9,9,9,6,3,4,6,7,5,9,9,8,4,8,8,Teaching / Professor
224,4,2,5,7,5,3,3,3,5,2,3,2,9,5,7,5,5,7,6,4,6,10,4,4,3,3,9,8,9,5,9,9,MBBS / Doctor
225,5,5,1,2,7,5,5,4,8,6,8,5,1,8,9,7,9,5,7,10,6,1,8,8,8,10,7,9,7,5,8,8,Law
226,6,4,7,10,2,1,2,3,2,5,8,6,10,6,6,3,4,3,9,5,8,9,3,3,4,3,2,7,4,4,8,5,Pharmacy
227,3,5,6,5,5,3,3,3,8,7,8,5,7,9,8,10,6,6,6,7,7,2,1,5,4,6,6,8,6,4,9,7,Teaching / Professor
228,5,4,1,3,3,5,7,4,9,6,8,6,5,10,7,8,7,6,8,8,5,3,1,5,10,7,4,9,6,7,9,5,Civil Services
229,4,2,5,4,4,3,1,2,6,7,9,6,7,7,10,5,6,7,7,6,3,2,2,6,1,8,8,6,4,3,6,8,Teaching / Professor
230,6,6,7,9,4,3,4,5,4,4,7,6,6,8,8,10,5,8,9,5,7,10,2,6,5,7,4,9,8,5,10,8,MBBS / Doctor
231,2,2,4,6,1,1,4,3,8,9,8,4,7,9,9,6,6,9,8,7,4,7,4,8,5,4,9,8,5,4,8,8,Psychology
232,5,3,8,9,5,4,2,5,3,8,9,7,9,8,7,6,5,7,7,5,5,9,2,5,6,2,5,9,7,7,7,8,MBBS / Doctor
233,7,6,9,7,5,4,4,5,6,3,6,6,7,5,10,8,6,7,9,10,4,3,5,4,5,5,9,5,8,2,7,9,Teaching / Professor
234,5,6,3,5,8,1,5,4,7,4,8,3,6,7,9,8,6,9,10,7,3,3,5,8,4,5,10,10,8,6,9,8,Teaching / Professor
235,5,6,8,9,3,2,4,3,4,2,7,6,8,9,6,4,5,6,8,4,7,7,3,7,3,2,5,7,7,5,7,3,Pharmacy
236,7,4,5,3,7,5,8,10,5,4,6,7,6,8,7,9,7,5,7,6,7,3,5,3,4,2,7,5,7,10,8,9,Business / Management
237,3,5,6,5,6,6,6,10,5,5,9,4,4,7,8,10,10,7,5,8,10,1,9,5,6,7,7,9,6,10,9,9,Business / Management
238,7,6,3,2,5,10,7,5,2,3,8,8,3,7,6,5,7,6,5,5,4,1,9,2,4,8,5,10,10,3,6,5,CA / Accounting
239,6,1,2,1,7,8,6,8,1,1,8,8,1,4,6,6,4,5,4,3,6,1,6,3,5,3,6,7,8,2,7,7,CA / Accounting
240,7,2,2,1,6,7,8,4,2,5,9,8,4,5,8,8,5,4,1,4,7,3,10,2,5,4,7,10,8,5,5,5,CA / Accounting
241,3,5,8,8,3,1,1,4,2,4,6,6,10,5,6,3,4,5,8,1,3,8,1,5,4,2,5,4,7,4,4,5,Pharmacy
242,9,4,1,1,4,6,8,8,5,1,8,8,1,9,8,5,4,5,6,3,6,1,10,6,2,3,2,4,10,5,8,6,Finance / Banking
243,10,8,7,3,9,4,4,5,5,4,7,6,7,9,5,6,8,6,9,7,7,6,3,6,4,4,3,7,5,8,10,5,Engineering
244,5,3,2,4,5,4,3,10,4,7,8,7,3,6,9,9,7,7,5,8,5,4,7,6,5,6,5,7,9,9,9,9,Business / Management
245,6,5,4,5,4,6,10,10,7,7,6,5,4,7,10,10,9,7,5,8,4,4,7,5,5,4,4,5,6,7,7,7,Business / Management
246,6,7,6,6,8,4,6,4,6,6,10,9,10,8,9,7,9,5,8,7,7,3,1,4,3,4,9,10,5,7,8,6,Engineering
247,7,6,4,7,4,4,5,4,1,3,7,4,8,8,6,5,7,7,5,7,6,10,1,4,7,3,6,8,8,5,10,9,Dentist
248,4,4,3,4,3,3,5,4,8,4,8,5,3,7,10,7,6,8,6,4,4,2,5,10,6,8,5,9,10,4,7,8,Civil Services
249,3,3,9,10,6,4,3,4,3,5,8,9,6,10,10,5,9,4,7,6,7,8,3,4,2,2,7,10,9,4,9,10,Dentist
250,8,6,5,3,6,1,5,4,3,3,7,6,4,8,6,5,9,3,5,4,8,1,4,4,1,3,3,5,4,6,9,5,Engineering
251,2,3,2,6,2,3,3,5,6,8,8,3,6,6,9,5,6,10,8,6,3,7,3,10,9,5,7,8,8,3,7,9,Psychology
252,3,4,4,7,7,4,3,5,1,7,7,5,9,7,5,6,6,5,7,5,7,6,3,1,3,1,2,9,8,2,7,5,Pharmacy
253,5,3,4,2,7,1,5,5,10,6,5,4,5,7,7,7,6,8,5,8,5,3,6,7,5,9,5,7,7,6,7,9,Law
254,3,3,1,3,5,3,6,3,8,4,7,2,4,8,7,7,7,8,7,7,3,5,4,7,6,10,5,9,10,5,8,7,Law
255,3,3,4,3,8,1,4,3,6,5,5,1,1,7,9,5,9,7,9,10,6,2,5,8,5,6,5,5,7,7,7,7,Journalism / Media
256,5,5,4,4,7,5,8,5,9,7,7,6,3,10,7,8,7,5,7,6,6,3,3,6,10,6,4,10,8,3,9,9,Civil Services
257,10,6,5,4,9,3,5,5,4,4,10,5,7,8,7,4,7,5,8,6,7,3,6,3,4,4,5,10,7,8,6,7,Engineering
258,8,8,6,4,5,3,3,7,6,6,8,6,6,10,5,3,9,7,9,7,10,4,1,5,5,4,5,6,6,9,10,6,Engineering
259,5,2,3,4,3,2,6,7,8,5,9,4,2,10,7,9,6,7,8,6,5,1,4,10,5,9,6,10,7,5,7,9,Law
260,6,5,8,7,7,3,3,6,3,5,8,6,8,6,7,4,6,5,9,6,6,9,2,1,3,2,5,10,4,5,7,7,Pharmacy
261,5,3,1,2,9,6,7,6,5,5,8,4,4,9,10,8,6,7,2,5,7,6,6,4,4,4,2,7,8,8,8,10,Business / Management
262,5,5,4,8,6,5,5,4,2,5,6,3,7,7,6,8,6,8,7,6,4,10,1,3,5,4,6,10,8,3,7,8,MBBS / Doctor
263,3,4,5,4,2,2,6,5,9,6,6,4,3,8,10,8,4,10,6,9,4,3,3,10,9,6,6,10,6,5,8,9,Civil Services
264,7,5,8,7,7,5,2,1,4,3,5,4,8,5,7,4,6,5,8,3,6,6,4,3,2,3,6,9,8,4,5,5,Pharmacy
265,2,3,3,2,4,2,5,6,7,6,9,5,3,6,10,9,6,7,4,5,4,2,6,7,9,6,6,9,9,6,5,7,Civil Services
266,4,1,4,1,5,4,5,6,10,6,5,4,3,9,8,7,7,6,4,9,3,1,4,6,6,7,5,6,6,5,6,6,Law
267,8,4,2,1,6,6,5,5,3,3,8,6,2,9,8,6,7,3,6,4,9,2,7,6,3,2,6,7,5,6,6,5,Finance / Banking
268,4,4,1,1,4,9,6,9,5,4,6,10,3,6,6,6,3,1,6,5,5,2,10,3,4,7,3,10,10,4,4,5,CA / Accounting
269,3,1,1,2,5,5,4,6,10,5,9,3,6,7,7,10,8,5,7,9,3,1,6,8,4,9,6,8,7,4,8,8,Law
270,2,3,4,6,5,6,7,10,5,6,7,5,6,6,5,9,9,5,5,5,9,4,7,5,2,3,5,7,8,7,10,10,Business / Management
271,10,6,4,4,8,8,5,10,4,4,10,9,7,7,8,6,5,4,4,7,8,3,7,2,3,4,4,7,9,9,8,6,Finance / Banking
272,5,2,5,3,6,4,7,7,10,7,8,6,4,10,9,9,7,7,7,9,5,4,4,9,10,8,7,10,9,2,9,10,Civil Services
273,4,7,6,8,5,3,4,5,2,4,9,5,10,8,7,5,8,7,8,4,2,5,4,4,2,1,5,9,6,3,7,7,Dentist
274,3,5,6,7,3,1,3,5,3,7,5,4,10,7,8,5,5,6,6,5,6,8,2,6,2,1,5,9,7,2,7,7,MBBS / Doctor
275,4,4,3,2,5,3,5,4,5,5,8,5,4,6,10,5,9,5,8,5,4,2,3,9,6,6,4,5,6,5,8,8,Journalism / Media
276,5,4,3,3,5,2,2,3,7,5,8,5,4,7,6,8,6,8,4,10,6,1,4,9,10,7,7,8,8,5,9,9,Civil Services
277,4,4,4,1,1,2,6,5,10,3,6,3,1,6,8,7,5,6,5,9,5,3,4,7,6,10,4,8,8,9,9,5,Law
278,7,9,6,3,8,1,5,2,5,4,10,6,7,10,7,5,7,5,7,4,8,1,4,5,3,1,6,7,6,6,5,4,Engineering
279,4,3,3,3,7,2,5,4,7,4,10,3,4,7,10,6,10,6,4,10,6,2,4,9,2,7,5,5,5,7,8,9,Journalism / Media
280,7,9,6,4,7,4,10,5,4,2,7,7,6,8,8,7,6,3,8,4,6,4,5,1,2,3,6,6,5,7,6,6,Engineering
281,6,5,4,3,6,5,8,9,3,7,5,6,3,7,10,7,7,7,4,7,9,4,7,5,5,6,5,7,8,8,8,10,Business / Management
282,2,4,4,4,3,1,3,5,7,6,9,3,4,9,10,7,6,5,6,10,5,3,2,8,4,10,4,5,5,4,7,7,Law
283,3,3,5,5,4,2,3,4,7,7,6,4,7,5,10,4,6,9,7,7,2,4,1,6,6,2,6,5,5,1,5,8,Psychology
284,2,4,3,3,8,1,10,10,4,5,8,7,4,6,10,10,9,7,6,8,4,3,7,5,5,3,3,5,8,10,10,8,Business / Management
285,5,1,4,8,2,2,8,6,9,3,10,5,5,7,9,8,5,9,7,8,6,6,5,7,10,8,6,8,10,6,8,6,Civil Services
286,6,4,2,3,4,8,5,6,2,4,9,10,4,9,7,4,5,3,4,4,2,1,8,1,6,5,4,10,8,5,8,6,CA / Accounting
287,5,5,3,5,7,5,7,10,5,4,8,7,5,8,7,9,6,6,4,9,9,2,7,5,5,5,5,6,7,10,8,9,Business / Management
288,2,4,9,9,1,4,2,5,3,6,9,5,9,4,5,3,5,6,8,4,8,9,4,4,3,3,5,10,6,5,6,6,Pharmacy
289,6,2,6,10,5,5,3,5,1,5,6,6,8,7,6,4,9,8,2,2,4,10,1,4,1,2,5,8,4,8,9,8,Dentist
290,4,5,5,8,6,1,2,5,2,5,6,4,7,10,8,5,8,5,8,5,6,9,4,2,2,2,7,8,6,2,7,7,Dentist
291,2,1,4,7,4,4,5,3,4,10,6,4,6,7,9,3,6,9,6,6,1,6,3,8,4,4,7,8,4,5,5,8,Psychology
292,5,2,1,4,4,1,7,5,8,7,9,8,2,9,7,8,8,6,10,9,4,1,5,10,7,10,5,8,7,5,7,8,Law
293,4,2,4,4,3,1,4,3,7,5,8,4,2,7,2,7,3,5,5,7,3,3,5,7,7,7,3,6,7,3,7,8,Civil Services
294,4,1,1,3,3,2,3,1,4,9,7,3,3,6,9,5,6,8,5,3,3,4,4,7,5,3,7,8,4,2,8,9,Psychology
295,1,3,2,2,5,4,3,5,10,5,7,4,1,5,9,9,8,8,5,8,2,1,5,6,5,8,6,7,6,5,8,7,Law
296,3,2,4,6,3,3,1,3,5,8,6,2,5,4,8,6,8,10,5,5,1,6,3,5,3,5,7,4,4,2,7,9,Psychology
297,6,4,9,7,6,3,4,3,4,3,8,3,10,10,7,5,4,5,8,5,6,10,3,4,3,3,4,9,5,6,7,5,Pharmacy
298,6,8,7,10,5,4,4,4,4,5,8,5,10,10,10,7,3,8,7,6,7,10,2,9,4,3,5,7,6,6,9,7,MBBS / Doctor
299,1,2,4,6,5,3,4,2,5,9,3,7,8,7,9,7,9,10,10,7,4,8,3,8,1,3,10,8,6,2,8,8,Psychology
300,5,3,10,10,5,1,4,4,4,4,7,5,6,9,5,5,8,5,9,3,6,8,1,5,3,4,5,7,9,5,6,6,Pharmacy
301,4,2,2,5,1,3,3,3,4,10,5,5,5,8,6,7,6,9,5,7,3,5,6,10,1,3,4,6,4,3,4,10,Psychology
302,6,3,6,7,6,4,5,5,6,10,7,5,7,8,8,6,6,10,8,7,3,6,1,7,3,4,7,9,6,5,4,10,Psychology
303,8,7,4,6,6,6,7,7,8,4,8,7,5,8,8,9,9,6,5,5,10,4,8,4,3,6,5,7,6,10,10,9,Business / Management
304,7,4,1,2,4,7,10,7,2,5,7,9,2,5,5,2,3,7,1,2,9,1,8,3,1,5,3,5,8,4,6,4,Finance / Banking
305,3,5,2,3,4,2,4,5,6,5,8,5,2,6,9,10,5,5,5,6,4,3,4,7,9,7,3,10,7,2,8,9,Civil Services
306,7,8,5,2,9,4,6,4,6,4,9,7,7,5,6,6,7,8,5,4,7,3,6,7,3,3,3,9,9,6,5,4,Engineering
307,7,6,7,4,9,3,6,4,3,5,9,9,6,10,5,5,6,7,8,6,10,8,2,4,3,3,4,7,5,7,8,7,Engineering
308,7,4,6,4,4,2,4,2,6,6,3,4,5,5,7,6,4,8,7,9,4,4,3,3,3,8,10,6,5,4,7,5,Teaching / Professor
309,4,4,3,5,5,3,6,4,10,5,9,5,4,10,7,10,8,10,5,8,4,3,2,9,10,9,5,10,6,2,10,9,Civil Services
310,1,1,1,5,3,1,3,3,5,9,7,4,3,8,9,4,5,7,5,8,1,7,4,8,3,2,3,7,5,1,6,8,Psychology
311,6,5,9,10,5,2,1,7,1,6,5,5,10,10,4,7,4,6,6,4,6,9,4,4,2,4,7,6,6,3,7,5,Pharmacy
312,6,4,6,9,6,2,5,4,4,5,6,5,9,7,6,3,7,9,4,6,5,10,2,6,4,3,8,10,6,6,7,5,MBBS / Doctor
313,8,9,5,4,9,4,5,4,3,6,8,9,6,10,7,4,8,4,6,4,8,5,5,3,2,4,5,6,9,8,6,5,Engineering
314,2,2,5,7,4,1,4,7,5,10,7,4,6,7,8,7,10,8,8,4,2,7,3,9,5,4,4,8,6,1,7,9,Psychology
315,2,5,5,9,5,5,2,3,2,3,6,5,8,7,6,4,2,7,5,3,2,6,2,3,1,4,3,8,5,2,9,5,Pharmacy
316,5,1,3,4,5,3,4,5,10,5,8,6,1,7,6,10,6,7,9,6,5,2,4,8,8,10,8,8,6,7,6,8,Law
317,8,6,6,4,9,4,5,2,6,4,8,7,6,10,8,6,7,5,6,4,9,2,4,4,4,3,6,5,6,5,5,7,Engineering
318,7,1,2,1,7,9,10,10,4,3,9,8,3,8,6,9,5,5,6,8,7,1,9,2,4,6,3,5,9,6,9,6,Finance / Banking
319,1,1,5,3,3,2,7,7,9,3,6,4,3,10,6,7,7,6,7,10,5,1,5,8,4,9,3,9,8,4,7,6,Law
320,9,3,4,4,4,7,6,7,4,6,9,8,3,6,8,4,3,2,6,5,7,2,7,4,5,2,1,6,7,7,8,6,Finance / Banking
321,10,2,4,1,6,8,7,5,3,4,6,8,3,8,4,5,5,4,3,6,8,3,9,4,6,5,6,7,8,8,9,3,Finance / Banking
322,5,3,4,5,7,5,7,9,7,8,10,9,8,10,8,10,7,10,4,9,10,4,5,4,5,7,5,7,6,10,9,10,Business / Management
323,5,4,1,1,4,1,6,6,10,4,7,5,5,5,10,6,9,9,5,9,4,4,3,7,3,8,6,8,9,8,7,8,Journalism / Media
324,4,5,7,7,2,3,3,6,2,3,5,5,10,8,7,5,6,7,5,3,5,10,3,5,1,1,7,10,10,1,7,8,Dentist
325,8,3,5,2,5,10,8,6,3,5,10,7,3,7,5,7,7,4,3,1,5,3,9,4,7,5,4,6,8,5,7,4,CA / Accounting
326,1,3,1,4,6,3,2,4,6,5,4,4,1,8,9,6,10,7,8,9,8,2,2,9,6,6,4,3,8,7,6,8,Journalism / Media
327,5,4,7,6,6,6,5,6,5,5,7,6,7,9,10,5,7,8,10,8,6,3,4,6,6,7,9,10,6,4,7,6,Teaching / Professor
328,3,1,1,4,2,1,3,3,7,5,7,4,3,7,6,4,10,10,3,10,4,1,5,10,4,6,5,6,5,6,9,8,Journalism / Media
329,3,2,1,2,6,5,6,4,7,6,6,3,3,8,9,5,9,5,8,9,5,4,3,7,6,8,5,5,5,5,7,9,Journalism / Media
330,4,4,7,5,2,2,6,6,9,4,9,5,1,6,10,9,7,8,6,7,6,1,2,7,9,6,5,9,9,5,10,7,Civil Services
331,1,4,4,6,5,2,3,7,6,7,8,7,4,9,8,5,6,10,6,6,5,7,3,7,4,5,7,9,6,1,8,7,Psychology
332,10,5,3,5,6,9,9,10,4,8,6,9,6,8,8,6,4,5,7,5,8,2,10,3,5,5,4,9,6,8,9,7,Finance / Banking
333,7,1,6,6,6,1,3,3,3,8,8,7,7,4,6,8,5,8,6,6,5,1,1,6,8,6,7,7,6,3,6,9,Teaching / Professor
334,6,7,10,10,5,4,7,5,5,6,8,4,10,10,8,6,5,9,7,4,10,7,1,7,6,3,6,10,9,4,10,9,MBBS / Doctor
335,1,3,1,4,7,5,7,5,9,5,10,5,1,9,5,9,7,5,8,8,3,2,7,8,3,9,5,7,3,4,7,10,Law
336,7,1,3,6,2,5,7,4,10,5,9,5,4,7,7,9,7,7,5,8,5,2,5,9,9,8,7,7,9,6,6,10,Civil Services
337,4,4,8,10,4,4,6,3,4,4,8,5,7,8,8,5,8,6,5,3,2,8,3,2,2,6,4,9,7,3,5,6,Dentist
338,6,5,4,5,6,1,7,5,10,3,6,8,6,10,10,6,9,5,8,8,5,5,5,9,6,9,5,7,9,7,6,10,Law
339,7,5,6,6,5,3,4,2,6,5,6,6,4,5,8,5,6,9,7,7,7,1,1,4,3,3,10,5,7,3,7,7,Teaching / Professor
340,5,5,5,5,5,3,8,4,8,5,8,4,4,7,8,6,5,8,8,8,2,1,5,8,10,10,6,7,10,3,7,8,Civil Services
341,2,1,3,5,7,3,3,3,2,6,10,3,2,8,10,8,7,9,7,6,3,3,1,7,1,2,6,8,5,2,6,9,Psychology
342,5,5,10,8,5,2,4,8,1,2,5,4,9,9,6,6,6,5,8,2,9,8,3,3,3,4,5,8,6,4,10,5,Pharmacy
343,2,1,1,1,3,1,5,4,9,3,8,2,2,6,7,8,6,7,7,7,5,1,3,6,6,9,3,7,8,5,6,8,Law
344,4,4,1,3,7,8,7,3,1,2,10,9,3,6,6,7,5,2,7,5,6,2,10,4,4,6,3,5,6,7,8,6,Finance / Banking
345,4,4,7,8,5,6,4,5,4,6,7,5,9,8,5,4,6,6,7,7,5,10,3,5,4,2,5,6,7,7,5,6,MBBS / Doctor
346,3,1,1,5,4,1,4,3,7,9,5,6,6,10,6,5,6,7,6,5,3,6,2,8,5,1,5,6,4,3,8,6,Psychology
347,7,3,4,7,5,5,8,6,10,9,9,4,6,9,9,8,7,7,6,7,4,2,4,8,10,9,9,8,8,3,9,8,Civil Services
348,8,10,5,7,10,2,8,6,6,7,10,9,9,10,7,5,9,8,9,5,10,4,2,7,4,8,8,8,9,10,10,8,Engineering
349,7,3,3,1,6,7,8,4,4,8,8,7,5,6,7,5,3,5,4,2,8,6,10,4,9,2,5,9,6,7,6,6,Finance / Banking
350,4,4,2,5,4,4,5,2,5,8,8,4,6,6,5,5,6,8,6,4,2,5,4,6,4,4,6,10,7,3,7,8,Psychology
351,9,3,3,3,8,5,10,9,5,4,10,10,3,10,8,8,6,5,4,4,8,2,7,4,3,5,6,7,5,6,6,7,Finance / Banking
352,4,2,9,10,7,1,2,5,3,3,7,4,8,7,5,3,4,6,6,3,5,9,2,2,3,1,2,5,6,1,8,4,Pharmacy
353,5,6,6,6,7,2,6,4,6,7,8,6,3,9,7,7,8,4,7,8,9,4,1,7,6,4,9,9,7,3,6,5,Teaching / Professor
354,3,1,2,4,2,1,2,2,3,9,5,1,1,4,10,3,7,7,7,8,2,6,4,6,2,3,4,7,6,1,5,6,Psychology
355,7,6,9,10,5,1,5,6,3,4,6,8,9,10,8,6,9,8,6,6,5,10,3,6,4,1,5,8,9,3,6,7,MBBS / Doctor
356,7,4,8,3,7,6,5,5,7,4,7,7,8,9,8,8,9,5,6,10,6,6,6,8,4,5,10,10,9,2,8,10,Teaching / Professor
357,4,2,4,2,3,3,5,6,9,6,9,6,4,9,9,10,5,6,5,8,2,1,4,5,7,6,5,9,4,4,6,3,Civil Services
358,2,3,2,2,4,2,3,5,7,6,5,3,4,7,9,7,7,5,3,7,5,4,3,7,5,10,4,7,7,2,7,7,Law
359,2,1,3,1,6,1,5,4,4,5,9,4,2,5,10,6,10,8,8,7,7,1,5,8,5,9,5,6,6,6,10,9,Journalism / Media
360,9,10,5,5,9,5,5,4,5,5,7,10,9,9,6,7,9,3,7,6,6,4,5,6,6,4,4,5,9,8,9,5,Engineering
361,4,1,6,10,4,3,4,3,4,2,8,5,8,8,4,7,8,7,6,2,6,9,5,4,2,3,7,8,9,4,9,10,Dentist
362,5,4,5,9,3,2,7,5,1,5,8,4,10,6,10,6,10,7,4,2,3,6,3,3,5,3,6,7,9,4,6,6,Dentist
363,6,3,9,10,4,2,4,5,1,6,5,6,8,7,6,3,7,6,7,6,5,7,4,3,6,2,4,7,7,3,6,4,Pharmacy
364,9,7,5,4,10,1,5,4,3,4,9,9,7,10,8,7,6,5,7,4,6,1,4,5,2,5,5,9,7,5,8,7,Engineering
365,4,4,2,5,3,3,4,3,3,9,6,6,5,7,7,2,6,8,3,6,3,3,1,8,3,3,6,8,8,4,7,10,Psychology
366,7,6,8,4,9,4,6,4,4,4,9,8,6,6,6,5,4,5,8,8,8,2,2,5,4,3,4,4,8,5,7,4,Engineering
367,6,2,3,5,7,6,8,8,6,8,10,9,4,9,8,10,9,6,7,8,8,4,9,7,7,4,6,7,8,10,10,8,Business / Management
368,4,3,1,1,2,2,5,1,10,2,7,6,2,5,6,10,5,5,4,4,5,1,2,7,7,5,2,8,6,2,8,8,Civil Services
369,4,3,4,7,3,1,3,1,5,10,6,4,4,6,8,3,5,10,4,5,6,8,2,8,3,2,6,7,4,4,8,7,Psychology
370,7,7,5,4,6,3,5,3,5,7,4,6,5,7,6,9,7,9,6,7,6,3,4,6,4,5,9,8,6,5,6,6,Teaching / Professor
371,4,4,5,9,5,2,4,3,4,5,7,6,7,9,8,7,6,9,6,6,7,9,2,6,4,3,7,9,10,4,7,8,MBBS / Doctor
372,6,5,4,6,4,3,5,3,7,5,7,3,6,9,7,8,6,9,10,8,7,4,5,6,6,4,10,7,6,3,8,9,Teaching / Professor
373,6,5,3,5,6,4,5,5,4,9,4,7,8,6,10,6,7,9,8,7,5,4,2,7,4,4,9,6,6,4,10,10,Teaching / Professor
374,6,7,5,1,10,3,6,8,4,4,9,9,7,8,8,7,4,3,9,6,8,3,4,6,2,3,6,7,8,5,8,8,Engineering
375,4,3,1,1,4,1,5,6,8,5,7,3,2,6,7,5,5,9,5,8,4,1,4,5,6,9,4,5,7,7,3,6,Law
376,1,7,5,8,6,3,6,4,4,7,10,5,7,5,10,6,8,8,5,5,7,9,1,4,3,3,7,9,9,6,9,9,Dentist
377,5,4,6,7,5,2,4,6,3,5,7,4,6,10,7,5,8,9,4,1,4,9,2,5,3,1,4,10,7,2,7,10,Dentist
378,3,4,7,10,4,2,6,2,5,5,7,8,9,8,6,6,4,6,3,4,5,10,1,5,2,2,3,10,8,5,9,10,MBBS / Doctor
379,4,1,2,2,5,2,6,7,7,5,6,4,3,5,8,7,10,8,6,10,6,4,4,9,6,5,6,5,4,5,10,9,Journalism / Media
380,7,6,6,2,3,2,6,5,6,5,8,6,3,7,8,7,7,8,8,6,3,2,1,9,9,9,7,9,8,5,10,8,Civil Services
381,5,6,8,9,6,4,6,2,6,4,9,4,10,10,8,7,6,8,8,6,3,10,4,5,4,2,6,10,6,5,8,10,MBBS / Doctor
382,4,6,7,4,6,1,2,1,5,6,8,7,10,6,6,6,6,4,8,4,6,8,3,2,4,2,5,7,5,3,6,5,Pharmacy
383,9,5,5,7,8,7,8,10,5,6,8,6,6,10,10,10,10,8,5,8,10,2,10,5,6,6,6,5,10,7,7,10,Business / Management
384,5,5,4,3,6,1,7,4,6,8,5,4,6,8,8,4,7,8,7,8,7,4,4,7,5,5,10,10,6,2,9,7,Teaching / Professor
385,6,6,3,6,4,3,4,5,6,5,6,6,4,8,6,10,9,7,8,7,5,4,3,5,5,4,9,8,6,3,6,5,Teaching / Professor
386,3,6,7,7,6,4,1,5,3,6,10,3,6,9,8,2,9,4,6,7,4,8,4,5,3,4,4,9,7,2,8,7,Dentist
387,4,4,5,5,5,5,1,5,5,5,6,6,7,6,9,3,8,8,5,9,6,4,2,4,3,9,8,9,7,6,8,6,Teaching / Professor
388,1,3,1,5,3,1,6,2,4,6,7,1,4,5,6,4,5,10,7,3,5,6,1,7,6,5,9,9,2,4,6,7,Psychology
389,8,9,6,7,10,2,6,8,4,6,10,7,9,7,6,8,8,5,8,6,9,5,4,5,4,2,4,10,8,5,6,7,Engineering
390,5,4,6,5,4,4,7,4,8,5,9,6,5,10,8,6,8,8,4,9,2,1,5,10,10,7,6,10,8,3,6,7,Civil Services
391,4,6,6,10,3,4,4,6,3,5,10,6,8,7,9,5,8,6,4,5,6,9,7,3,4,1,5,7,8,5,9,10,Dentist
392,6,6,5,9,3,4,2,4,5,6,8,5,10,7,7,4,5,6,4,3,5,10,3,6,6,2,5,9,8,6,8,9,MBBS / Doctor
393,3,5,4,4,4,4,6,6,9,6,6,5,2,6,6,7,5,4,7,10,6,4,3,7,6,10,5,5,6,6,7,9,Law
394,3,1,1,3,2,3,6,7,6,5,9,1,1,8,10,3,4,5,6,10,5,3,2,7,7,7,4,7,6,6,8,6,Law
395,1,4,3,1,5,1,4,7,6,6,9,4,2,6,9,6,5,4,10,10,5,3,7,6,4,10,8,7,7,6,7,9,Law
396,6,2,3,3,4,8,8,8,3,1,8,6,2,6,7,5,7,3,2,4,5,4,8,6,4,5,3,10,5,2,7,5,Finance / Banking
397,4,1,5,8,2,5,4,3,6,5,4,2,5,7,7,4,7,8,6,5,5,8,3,5,6,1,6,6,8,3,7,8,Psychology
398,7,8,7,10,1,4,1,4,4,6,7,2,8,9,5,5,5,6,4,2,5,8,5,3,1,1,6,8,8,5,7,9,Dentist
399,5,4,8,10,2,3,3,2,1,7,6,4,10,8,7,5,4,10,7,7,4,10,4,6,7,4,6,6,9,5,10,7,MBBS / Doctor
400,4,1,2,2,6,1,6,4,5,7,7,1,2,7,7,6,8,9,4,8,8,2,4,8,2,8,3,6,5,7,9,8,Journalism / Media
401,7,7,5,9,6,3,5,4,4,6,6,4,9,9,9,7,8,10,6,6,8,9,2,7,6,6,7,9,7,5,10,10,MBBS / Doctor
402,5,6,1,1,6,9,10,6,5,5,7,10,3,9,6,8,5,2,2,7,6,2,10,4,5,3,6,9,9,4,7,4,CA / Accounting
403,8,3,2,1,4,9,8,8,5,2,7,10,4,7,8,7,5,4,2,2,6,4,10,3,6,3,1,10,4,1,7,5,CA / Accounting
404,4,5,3,1,6,3,3,5,5,3,8,3,5,6,9,7,6,7,5,7,5,3,5,10,4,8,8,6,8,6,10,9,Journalism / Media
405,4,3,1,1,4,5,6,7,3,4,8,6,5,4,8,8,7,7,3,7,5,3,4,4,4,6,3,5,6,7,7,5,Business / Management
406,5,5,9,10,6,3,5,6,5,8,10,4,9,8,5,5,10,8,7,6,3,9,5,4,4,1,4,8,10,3,8,8,Dentist
407,10,4,1,4,4,8,9,8,5,3,10,10,2,10,7,6,4,1,6,3,6,2,8,5,3,3,5,8,5,3,7,6,CA / Accounting
408,4,5,5,6,6,2,3,4,7,5,10,3,4,6,9,8,6,6,6,9,3,3,3,6,3,3,9,9,5,4,7,8,Teaching / Professor
409,5,4,5,10,5,4,1,5,4,7,3,5,8,8,7,5,3,6,6,7,7,9,1,8,5,4,4,9,6,7,6,7,MBBS / Doctor
410,1,2,1,1,2,1,5,6,9,4,9,4,3,7,6,4,4,4,5,9,5,4,1,6,5,8,2,8,9,5,10,4,Law
411,6,4,1,3,9,8,6,6,8,5,7,10,4,10,7,6,5,4,4,3,6,3,9,3,2,5,6,5,6,5,8,8,Finance / Banking
412,3,4,2,6,7,1,6,4,9,8,6,3,5,8,8,7,10,7,7,8,4,4,5,8,6,6,6,6,7,9,7,10,Journalism / Media
413,6,5,5,8,5,3,5,4,5,4,8,5,9,9,6,6,8,9,6,4,6,7,2,4,5,3,6,8,8,5,8,8,MBBS / Doctor
414,6,4,8,8,6,4,3,4,3,4,8,6,9,10,7,6,5,8,6,6,4,8,1,6,4,3,7,10,7,3,9,8,MBBS / Doctor
415,5,4,5,4,7,4,8,2,10,5,8,3,3,8,9,10,6,10,6,5,7,2,5,10,10,10,5,10,8,6,9,7,Civil Services
416,6,6,7,8,3,5,3,4,5,8,4,7,9,5,8,4,7,5,7,2,2,8,3,4,1,1,6,5,6,4,6,10,Dentist
417,4,3,3,5,4,1,3,6,5,5,6,5,4,5,10,6,7,9,4,8,7,1,5,9,4,8,8,5,6,7,7,8,Journalism / Media
418,3,5,3,3,6,7,7,8,4,5,5,5,5,9,10,9,7,5,5,7,7,3,8,5,4,4,4,7,7,6,10,7,Business / Management
419,5,3,1,2,3,9,8,4,2,1,8,10,4,7,6,6,2,3,4,3,5,1,7,2,4,4,4,9,7,3,7,8,CA / Accounting
420,10,4,2,4,8,9,8,6,5,4,10,9,5,9,4,6,7,3,4,6,9,1,10,1,4,2,3,7,8,8,5,8,Finance / Banking
421,4,4,7,6,6,2,3,5,2,5,6,4,8,9,10,3,7,7,4,4,7,7,4,4,2,1,6,6,6,4,9,7,Dentist
422,5,4,3,1,7,8,6,4,3,6,10,8,2,7,7,6,5,4,5,5,4,2,8,5,5,5,4,6,8,2,4,7,CA / Accounting
423,5,2,3,3,5,1,5,4,8,6,5,5,4,6,10,10,6,6,3,7,6,2,3,7,10,7,5,7,6,6,9,6,Civil Services
424,2,3,6,8,4,4,4,4,1,5,10,7,9,9,9,6,7,7,5,6,6,10,6,4,2,1,6,8,7,2,6,10,Dentist
425,6,3,7,10,5,1,3,3,4,3,6,6,9,7,4,5,3,6,8,3,4,9,4,3,1,3,7,7,6,4,6,6,Pharmacy
426,5,3,2,5,1,2,2,2,5,5,4,5,3,8,6,5,6,7,3,6,4,6,4,7,4,3,6,7,6,1,7,6,Psychology
427,4,8,4,5,8,3,4,3,3,5,7,6,5,8,5,5,6,4,6,5,10,4,6,3,1,3,6,7,8,2,8,6,Engineering
428,7,3,6,8,3,3,1,4,4,6,6,5,9,5,5,6,6,7,7,4,6,8,1,6,5,2,5,9,6,4,7,7,MBBS / Doctor
429,7,5,5,5,7,5,10,7,3,3,9,10,3,9,8,7,5,5,4,6,9,3,9,5,3,6,6,8,7,7,5,6,Finance / Banking
430,3,4,4,6,3,4,2,3,7,9,7,7,7,8,7,5,9,8,8,8,4,3,4,7,2,4,9,7,8,5,7,10,Psychology
431,10,3,2,2,7,8,10,7,4,5,7,10,5,9,6,9,3,6,6,6,7,3,10,5,5,5,8,5,10,8,8,5,Finance / Banking
432,8,2,2,4,5,3,7,5,8,7,6,7,1,10,7,10,4,7,4,7,3,3,7,9,9,9,5,6,6,6,9,10,Civil Services
433,5,4,2,3,7,2,3,5,8,7,7,1,3,8,8,7,8,7,7,10,6,4,3,7,5,7,5,6,7,5,8,10,Journalism / Media
434,3,3,6,4,6,5,6,5,2,6,5,5,2,6,8,10,9,4,4,4,7,4,7,6,5,5,4,5,5,6,9,10,Business / Management
435,3,5,9,9,5,1,4,5,3,6,7,3,9,5,9,7,5,5,5,3,6,10,1,1,3,2,4,6,7,2,8,6,Dentist
436,3,3,1,5,4,2,5,7,6,6,7,6,3,7,10,7,7,8,8,7,4,1,3,7,6,7,4,8,9,5,8,9,Civil Services
437,6,3,6,4,7,6,8,8,5,9,10,7,4,5,8,9,8,6,6,6,8,3,6,8,6,4,6,4,7,10,9,9,Business / Management
438,5,1,3,5,2,1,2,4,3,7,5,4,3,6,8,6,10,8,8,6,3,5,3,8,3,4,9,10,5,3,8,8,Psychology
439,3,6,6,7,6,1,3,1,1,5,8,4,10,6,6,4,7,9,7,3,3,6,4,5,2,3,6,6,7,2,8,8,Dentist
440,3,3,2,2,5,3,7,10,6,6,6,5,1,7,7,7,5,6,6,9,4,5,4,8,4,9,4,9,8,6,6,9,Law
441,7,3,2,2,6,6,4,5,3,5,6,7,4,7,6,6,2,6,3,6,6,2,7,4,4,4,2,9,8,2,5,5,CA / Accounting
442,2,3,3,3,5,2,5,1,6,10,10,3,1,8,6,6,5,10,6,7,4,7,3,8,2,6,7,8,5,4,7,9,Psychology
443,3,3,2,3,8,1,7,3,7,7,8,3,4,7,9,6,7,8,7,9,6,4,5,6,5,8,6,4,6,6,9,10,Journalism / Media
444,1,2,4,2,5,4,5,2,9,4,8,4,1,6,10,5,6,8,4,10,5,4,6,7,2,5,4,6,6,6,4,7,Law
445,6,4,6,9,3,3,4,5,4,5,5,4,10,9,4,7,7,7,7,5,6,10,4,4,1,2,8,7,10,2,6,6,Dentist
446,7,3,4,3,6,7,6,4,6,4,7,10,3,7,9,8,6,4,6,6,8,4,8,4,5,4,6,9,8,8,7,7,Finance / Banking
447,5,5,3,2,9,3,7,8,7,5,7,6,2,6,7,9,8,5,6,3,4,1,8,4,5,4,6,5,7,8,8,10,Business / Management
448,4,6,7,9,6,3,5,6,3,7,7,6,7,10,9,6,8,9,4,5,5,8,4,4,5,4,5,9,8,4,10,7,Dentist
449,4,7,6,8,6,3,6,5,1,7,8,7,8,10,7,7,4,6,8,5,4,10,1,4,2,5,6,9,8,6,9,9,MBBS / Doctor
450,1,4,3,5,4,1,5,1,4,5,6,3,3,4,8,7,10,7,5,7,3,3,3,8,3,7,6,4,6,7,8,8,Journalism / Media
451,1,4,1,6,8,2,4,5,7,6,6,1,4,7,10,7,7,8,6,9,5,5,6,7,5,7,5,4,4,7,7,9,Journalism / Media
452,1,6,8,10,1,2,4,3,1,6,4,5,8,8,7,6,7,6,5,5,6,10,4,5,3,1,6,5,6,1,6,8,Dentist
453,4,1,1,4,3,3,3,4,6,10,8,3,7,7,8,6,6,5,6,5,2,7,1,9,3,4,6,6,1,4,7,9,Psychology
454,4,4,2,2,2,4,3,4,7,7,7,2,4,5,9,5,10,10,9,10,8,6,4,9,5,5,4,5,5,4,7,9,Journalism / Media
455,8,1,1,1,4,8,7,6,6,6,6,7,2,7,4,5,5,4,3,4,7,2,7,5,3,2,4,7,8,8,6,4,Finance / Banking
456,3,3,2,3,4,1,5,5,5,4,7,4,4,6,8,3,8,7,7,7,8,2,4,6,5,9,7,4,5,4,7,9,Journalism / Media
457,6,5,3,3,2,4,9,8,3,7,5,8,9,8,10,6,5,5,6,7,7,1,7,4,3,3,5,5,7,5,9,9,Business / Management
458,4,4,3,6,4,3,6,6,10,5,8,2,5,10,9,9,4,7,7,10,5,3,4,9,4,9,5,5,8,3,9,7,Law
459,6,4,1,3,5,8,10,8,1,5,8,7,2,8,3,7,3,3,6,2,4,3,9,3,2,4,3,8,5,3,7,5,CA / Accounting
460,9,3,5,2,6,7,6,8,5,5,10,7,1,6,7,8,5,4,7,4,5,3,10,4,6,4,4,5,6,6,8,5,Finance / Banking
461,5,7,3,5,7,5,1,4,5,3,7,7,6,8,3,5,7,4,4,6,9,1,1,2,4,4,5,6,5,7,6,6,Engineering
462,3,3,8,8,2,5,4,5,3,6,7,7,10,7,4,3,5,6,6,4,7,10,3,4,5,5,6,9,8,4,6,7,Pharmacy
463,5,4,9,7,5,1,4,2,1,5,6,3,5,5,7,6,9,6,5,6,5,10,3,3,2,1,1,6,3,3,6,7,Dentist
464,3,2,5,4,8,3,4,4,6,6,8,2,4,5,9,7,10,4,6,10,5,2,4,8,3,7,5,6,6,6,7,6,Journalism / Media
465,8,9,5,4,7,3,5,4,2,4,8,5,5,9,2,6,6,6,5,6,8,3,5,3,5,2,5,8,8,9,6,4,Engineering
466,6,1,3,1,6,3,7,8,6,7,7,7,6,7,10,9,7,6,4,5,5,5,8,7,3,4,2,7,8,7,7,10,Business / Management
467,9,3,1,1,8,6,7,10,4,5,10,6,5,9,5,7,6,3,6,3,10,2,9,1,4,5,2,5,5,4,5,7,Finance / Banking
468,3,4,6,4,3,3,2,3,5,10,6,3,3,8,10,6,8,9,6,7,6,6,4,6,4,4,9,7,7,4,8,8,Psychology
469,7,1,1,1,6,8,7,4,1,2,7,9,1,8,5,4,5,4,1,5,4,1,7,2,1,4,3,7,8,4,5,8,CA / Accounting
470,5,4,9,10,2,4,1,6,3,4,5,6,9,7,4,6,5,5,9,4,8,8,6,4,4,3,5,9,6,3,6,6,Pharmacy
471,9,5,3,2,5,8,7,5,4,6,6,10,3,6,6,8,6,5,3,2,5,2,9,2,2,5,3,9,6,4,4,6,CA / Accounting
472,8,3,3,1,7,5,9,2,1,4,8,8,4,9,10,6,6,3,4,3,7,2,10,4,6,6,4,6,5,6,6,5,Finance / Banking
473,4,5,5,2,3,1,5,5,8,6,9,6,4,8,8,6,7,5,8,9,4,5,1,10,10,10,4,8,7,3,10,7,Civil Services
474,8,6,7,5,9,5,4,4,4,4,10,8,6,9,6,8,8,6,7,5,8,4,4,7,6,5,6,7,5,6,8,7,Engineering
475,5,2,8,8,4,2,1,6,3,7,7,6,8,7,5,4,7,5,7,2,5,7,2,6,3,1,6,7,8,5,7,6,Pharmacy
476,5,6,2,5,4,4,6,6,4,7,6,7,6,9,7,7,5,5,5,7,5,4,3,5,5,4,10,7,7,1,9,6,Teaching / Professor
477,4,1,2,2,6,5,4,6,8,6,8,6,2,5,7,6,8,7,8,8,6,2,3,6,1,10,7,8,7,7,6,8,Law
478,5,5,8,4,4,4,5,5,3,5,8,5,8,6,10,6,8,6,7,10,5,4,5,5,6,5,7,10,10,5,8,7,Teaching / Professor
479,1,3,3,3,5,4,4,4,7,6,8,6,1,9,10,10,7,6,7,8,4,1,4,10,7,7,5,8,9,5,7,6,Law
480,3,3,4,1,6,2,6,4,6,5,6,7,3,6,10,7,9,6,3,8,5,2,3,7,4,6,7,4,9,4,6,7,Journalism / Media
481,5,4,9,9,4,1,2,4,3,2,6,6,10,8,7,6,3,5,9,2,6,6,5,4,1,1,5,7,9,3,7,8,Pharmacy
482,4,3,1,5,3,2,4,3,4,10,6,5,5,6,6,8,8,8,10,4,4,4,1,4,4,5,9,9,6,5,9,8,Psychology
483,3,1,3,2,6,1,4,5,9,5,9,6,3,7,10,4,10,6,7,9,5,3,4,7,3,3,4,6,5,7,10,9,Journalism / Media
484,10,10,7,10,10,5,5,3,3,4,10,10,8,10,7,8,7,7,8,5,10,4,4,7,5,6,4,9,10,6,9,6,Engineering
485,4,4,4,1,8,6,3,4,8,7,10,5,4,8,8,7,5,9,7,9,4,1,2,7,6,7,4,7,8,6,6,7,Law
486,6,5,6,8,6,1,4,3,4,4,3,7,10,5,8,7,4,10,8,7,8,10,2,5,5,6,6,8,6,6,9,7,MBBS / Doctor
487,6,7,3,3,6,1,4,5,5,5,8,7,3,8,2,2,6,4,5,6,8,2,5,6,4,2,3,4,6,4,6,5,Engineering
488,2,5,3,8,7,5,4,4,6,6,6,5,5,8,8,8,6,7,8,8,5,5,3,8,4,6,10,6,9,1,9,7,Teaching / Professor
489,7,1,2,3,2,1,3,5,8,6,8,7,3,8,7,7,5,4,8,6,7,4,4,5,6,8,7,8,8,5,7,9,Law
490,6,3,5,4,5,2,8,7,9,8,9,5,2,7,10,7,6,8,6,8,3,2,5,8,6,10,6,9,6,6,8,8,Law
491,6,4,1,5,6,3,5,6,8,7,8,6,4,8,9,8,3,7,5,8,3,2,6,9,8,9,4,6,7,6,8,8,Civil Services
492,7,9,8,7,9,4,5,6,5,5,9,9,7,8,9,10,6,3,5,5,10,5,5,6,3,4,5,5,6,5,9,7,Engineering
493,5,5,4,3,5,7,7,10,6,5,8,6,7,7,6,10,9,7,6,8,5,4,9,6,2,5,6,9,5,9,7,10,Business / Management
494,4,5,8,7,4,2,5,4,2,6,7,4,7,7,5,6,5,4,8,4,4,7,4,5,4,2,7,7,7,5,7,5,Pharmacy
495,4,5,5,3,8,5,8,7,3,7,8,6,7,10,9,7,8,5,5,6,5,1,7,2,3,6,4,4,7,7,9,7,Business / Management
496,6,9,8,8,9,2,2,5,6,8,9,6,9,8,9,8,8,8,6,8,6,9,1,8,6,5,8,10,9,5,8,6,MBBS / Doctor
497,4,1,2,1,8,9,6,7,4,4,8,10,5,5,3,3,4,1,2,4,4,1,10,5,4,3,3,6,6,2,6,5,CA / Accounting
498,3,4,1,3,3,3,4,3,7,6,7,2,4,7,9,9,9,9,6,8,6,5,1,9,6,6,7,5,7,4,9,10,Journalism / Media
499,5,5,1,4,4,10,8,8,2,4,7,10,4,7,8,8,3,4,3,1,6,1,9,3,4,4,3,5,5,4,6,7,CA / Accounting
500,3,5,3,3,4,2,6,3,8,5,6,2,3,6,7,3,9,6,6,7,6,2,1,8,3,9,5,8,9,3,6,9,Journalism / Media
501,10,5,6,2,9,4,7,7,5,4,10,8,8,10,6,8,9,4,9,7,10,3,3,4,5,3,6,6,7,7,10,5,Engineering
502,10,5,7,5,4,2,4,7,8,7,7,5,5,8,10,8,5,7,10,9,7,4,5,6,6,5,9,9,4,2,9,9,Teaching / Professor
503,8,5,4,5,4,3,7,9,7,4,9,5,4,8,7,9,7,4,4,8,5,4,9,7,4,2,6,7,6,8,9,10,Business / Management
504,5,2,4,1,6,9,8,9,2,4,9,9,4,5,7,6,4,3,5,3,6,3,10,4,3,2,2,8,7,6,7,7,Finance / Banking
505,6,5,7,10,3,3,2,6,6,5,5,6,9,10,10,8,5,8,7,6,5,7,6,5,5,3,9,10,8,5,9,8,MBBS / Doctor
506,1,1,3,3,5,2,6,3,3,6,4,3,4,7,9,5,10,9,9,10,7,2,6,6,5,8,6,8,7,5,8,10,Journalism / Media
507,8,10,8,6,9,2,6,4,5,4,8,8,8,9,5,4,10,9,7,3,8,4,6,3,4,4,6,7,5,8,9,6,Engineering
508,2,1,5,2,6,3,5,6,10,6,7,5,4,6,9,9,6,10,5,8,4,3,2,10,10,8,4,10,6,3,8,8,Civil Services
509,5,3,9,9,4,2,2,4,4,6,7,5,8,3,4,4,5,2,9,2,6,7,3,1,2,4,3,5,7,3,5,6,Pharmacy
510,2,2,3,3,5,2,2,1,6,9,8,4,3,6,10,5,7,9,6,5,3,7,2,8,3,2,6,6,4,2,8,7,Psychology
511,6,6,7,10,4,4,3,3,4,8,5,6,9,8,9,6,6,7,10,8,7,9,3,5,6,5,8,10,9,6,8,7,MBBS / Doctor
512,4,2,1,4,4,3,8,5,9,5,10,4,2,4,9,8,6,6,6,10,4,2,2,9,6,10,6,8,6,5,8,7,Law
513,5,3,3,1,5,3,5,6,9,7,8,4,3,6,7,8,6,7,6,8,6,2,5,7,6,10,5,8,7,6,8,9,Law
514,4,1,2,1,7,6,8,5,8,3,6,5,2,8,7,6,8,5,3,7,5,3,5,6,10,6,7,7,8,3,9,7,Civil Services
515,4,5,8,8,5,1,5,4,4,4,8,6,7,8,8,10,6,8,6,5,7,8,4,3,5,5,8,9,9,4,6,8,MBBS / Doctor
516,4,3,3,1,3,5,5,7,4,4,8,6,3,9,9,6,8,4,3,9,7,2,7,6,3,4,5,3,8,5,8,6,Business / Management
517,5,1,8,6,5,3,5,4,2,4,7,6,8,8,5,3,3,5,7,3,7,8,4,4,4,1,5,9,5,2,5,6,Pharmacy
518,5,4,7,10,4,1,5,4,6,6,7,3,7,7,8,7,5,5,8,7,7,8,5,6,6,3,7,10,10,5,9,5,MBBS / Doctor
519,2,4,5,8,3,3,2,4,5,8,5,6,5,8,9,3,6,8,9,6,6,7,2,6,6,4,7,10,8,3,5,7,Psychology
520,2,5,7,10,4,6,5,4,4,6,8,5,9,7,9,7,5,8,6,7,4,10,3,5,6,5,6,10,5,7,8,10,MBBS / Doctor
521,6,3,3,3,6,7,7,8,6,1,5,7,3,7,7,6,5,6,4,6,10,1,6,4,5,4,1,4,6,7,7,7,Finance / Banking
522,1,3,4,3,4,3,6,6,6,3,6,5,5,4,6,8,5,7,5,6,5,1,4,7,8,8,4,8,7,4,6,7,Law
523,4,1,3,1,4,3,5,2,4,5,5,3,2,8,9,7,9,6,6,10,5,2,2,5,9,8,5,5,5,5,8,6,Journalism / Media
524,6,3,3,1,6,7,6,6,9,4,10,5,3,8,9,9,7,8,7,7,6,4,5,10,7,10,4,10,10,4,6,9,Law
525,3,5,2,2,8,2,4,5,9,7,7,3,3,5,8,9,9,7,6,9,4,4,3,10,3,7,6,7,7,7,9,10,Journalism / Media
526,3,4,6,4,8,4,5,4,4,6,5,7,9,5,8,7,9,10,7,10,6,3,1,5,4,4,10,9,6,1,7,7,Teaching / Professor
527,6,3,1,1,7,10,7,9,3,5,5,8,2,6,4,6,4,3,3,5,4,2,8,3,1,5,3,8,10,4,7,4,CA / Accounting
528,6,3,5,6,7,7,8,8,8,3,8,6,7,9,10,10,8,4,7,6,7,5,9,5,4,3,3,8,9,9,9,8,Business / Management
529,6,1,4,2,5,10,7,5,1,6,8,10,2,9,4,3,5,5,6,4,5,2,10,3,3,3,4,8,5,7,4,5,CA / Accounting
530,4,2,4,6,4,2,4,4,9,10,9,2,6,7,10,7,8,7,8,7,2,8,4,7,4,7,9,9,7,4,9,10,Psychology
531,10,2,3,1,6,8,8,5,3,6,6,10,4,8,5,6,4,5,3,4,10,3,9,4,6,4,5,3,7,6,6,8,Finance / Banking
532,8,9,7,4,10,1,3,7,5,4,8,7,7,9,6,4,7,4,5,7,10,6,5,4,4,4,4,9,4,6,8,5,Engineering
533,9,7,5,3,5,1,4,3,4,5,8,10,6,8,6,7,7,5,4,3,10,1,6,5,3,2,7,9,7,6,6,6,Engineering
534,6,4,4,4,4,4,6,6,10,5,7,5,4,10,10,8,5,8,3,7,4,1,6,7,10,7,5,7,6,4,8,9,Civil Services
535,4,2,1,1,5,2,3,9,7,4,8,3,5,8,8,8,7,4,6,6,2,1,4,7,1,8,2,8,6,5,5,8,Law
536,8,4,3,1,7,10,8,8,4,5,7,8,2,3,5,7,6,3,4,3,6,1,9,3,5,3,5,10,5,4,5,8,CA / Accounting
537,6,3,1,1,5,7,10,4,1,5,7,9,3,7,5,6,6,3,5,3,5,1,9,2,2,3,1,7,6,5,4,6,CA / Accounting
538,9,7,4,2,10,3,7,4,4,8,6,5,9,7,6,5,7,3,6,5,7,2,3,2,3,4,4,6,7,5,8,8,Engineering
539,5,2,3,2,6,9,6,4,3,3,8,7,4,9,4,6,1,2,2,2,5,1,9,1,5,3,3,7,8,3,8,6,CA / Accounting
540,3,3,7,9,4,2,4,2,1,5,5,4,7,9,10,7,7,5,3,4,6,9,3,5,5,4,6,9,8,2,7,8,Dentist
541,5,5,2,1,3,7,6,6,2,3,10,8,2,8,8,6,5,5,5,1,5,3,8,2,4,5,5,8,4,4,4,6,CA / Accounting
542,6,4,9,9,3,2,5,6,4,2,6,4,9,6,7,4,7,7,6,6,5,6,2,2,4,4,6,10,7,7,5,9,Dentist
543,4,3,9,5,7,2,1,4,2,7,6,5,9,6,5,5,6,4,6,1,4,8,4,4,2,2,5,7,6,5,7,4,Pharmacy
544,4,5,7,10,5,5,5,5,3,6,6,4,8,5,8,6,8,6,6,3,7,10,3,5,2,5,8,10,5,5,6,9,Dentist
545,2,3,4,2,4,3,4,3,9,4,7,5,1,10,8,6,8,8,3,3,4,2,5,9,6,9,6,9,4,7,6,9,Law
546,5,2,3,1,7,10,8,8,5,5,8,9,4,9,4,6,5,2,5,4,9,3,10,5,5,3,4,6,7,5,5,6,CA / Accounting
547,4,7,9,10,8,4,2,5,2,6,7,6,8,8,9,9,6,10,6,7,6,9,5,4,2,4,7,10,7,6,9,9,MBBS / Doctor
548,3,6,1,5,6,4,7,5,10,6,7,8,3,6,7,9,6,6,7,7,4,3,6,9,9,8,5,8,7,5,10,6,Civil Services
549,6,4,6,3,2,2,5,5,8,4,7,5,5,9,10,8,9,10,6,7,7,2,5,6,8,9,6,9,8,3,8,10,Civil Services
550,5,2,7,4,6,3,3,5,5,5,6,6,10,8,5,8,6,8,3,6,6,9,1,5,5,3,7,7,7,6,8,10,MBBS / Doctor
551,8,9,6,2,8,1,6,3,2,6,9,8,10,9,5,7,7,7,7,5,6,3,4,3,3,4,5,5,6,6,7,6,Engineering
552,6,1,5,8,6,3,1,5,3,5,8,4,7,10,6,6,9,8,5,5,4,10,6,5,3,1,7,10,8,5,8,9,Dentist
553,4,3,1,5,7,4,7,10,5,4,6,3,5,9,9,9,8,4,4,5,7,1,7,6,4,5,5,8,6,8,10,9,Business / Management
554,7,5,3,2,8,5,7,9,4,2,8,7,3,8,7,6,4,6,6,3,7,2,8,4,6,3,5,8,8,8,7,7,Finance / Banking
555,9,5,1,4,7,9,9,5,4,6,7,7,1,7,5,5,6,6,3,4,7,2,10,5,6,5,4,6,8,6,6,8,Finance / Banking
556,1,1,1,4,4,4,5,4,7,4,9,3,1,7,10,6,6,4,4,7,5,1,7,5,5,8,4,10,6,5,8,7,Law
557,5,3,1,8,2,3,3,1,7,10,6,7,5,7,7,6,8,9,6,7,2,7,3,4,4,3,7,8,8,3,7,7,Psychology
558,5,6,7,9,3,4,3,2,1,6,9,3,7,7,9,3,4,6,7,5,5,8,3,6,6,4,8,7,8,7,5,7,MBBS / Doctor
559,3,4,4,6,4,1,2,6,5,10,6,4,7,7,7,5,5,10,6,7,3,6,5,7,5,6,9,7,8,5,8,6,Psychology
560,6,4,3,5,5,8,7,7,3,4,4,7,3,7,9,6,2,3,6,4,3,3,10,4,4,6,2,10,7,6,5,6,CA / Accounting
561,5,4,4,3,7,4,5,5,8,3,7,4,4,5,8,6,5,8,8,7,4,3,7,10,7,7,6,8,5,6,9,9,Civil Services
562,4,3,9,10,5,1,5,3,2,2,5,5,6,6,3,5,4,5,6,3,3,6,3,5,1,1,6,7,6,6,6,4,Pharmacy
563,5,1,3,4,6,4,5,3,6,4,5,4,6,5,9,5,10,7,7,8,7,2,4,9,7,10,7,6,8,8,6,10,Journalism / Media
564,4,3,5,7,2,1,1,3,1,6,8,7,7,8,7,4,5,8,5,4,5,8,4,3,1,2,5,8,6,2,8,8,Dentist
565,5,6,5,3,4,7,8,3,10,5,10,4,4,10,7,6,10,10,5,8,7,3,2,6,10,7,6,9,8,8,9,8,Civil Services
566,5,4,2,1,6,10,10,5,2,3,10,6,3,8,8,5,5,3,3,4,6,3,10,5,5,6,4,10,7,5,6,6,CA / Accounting
567,4,3,1,3,7,3,6,3,7,4,5,4,5,5,10,6,6,9,3,10,5,2,3,10,8,7,6,6,6,6,10,9,Journalism / Media
568,10,4,3,4,6,8,9,6,8,4,8,10,5,6,4,5,5,3,5,4,5,3,10,4,4,3,4,7,5,5,5,9,Finance / Banking
569,4,3,7,8,4,1,2,4,1,2,8,4,5,7,3,6,4,2,9,3,4,8,3,6,2,1,8,5,6,2,5,4,Pharmacy
570,6,3,7,10,4,1,5,5,2,6,6,7,9,10,6,7,5,8,6,2,6,9,1,4,3,1,8,10,6,8,6,9,MBBS / Doctor
571,3,5,6,9,6,1,5,1,2,5,6,2,8,5,7,2,5,3,7,2,4,7,2,3,4,2,4,9,5,4,6,8,Pharmacy
572,6,6,6,7,8,3,4,4,3,1,7,7,7,6,5,2,4,3,8,3,4,7,3,5,2,2,6,6,8,3,9,1,Pharmacy
573,6,4,6,8,9,3,7,2,8,8,10,5,6,9,10,7,9,9,8,10,7,4,1,6,5,3,8,7,7,4,6,7,Teaching / Professor
574,4,5,8,9,5,2,3,6,1,6,7,6,8,9,7,7,5,7,5,3,5,7,1,4,1,4,3,7,6,4,8,7,Dentist
575,2,5,8,7,3,3,7,4,4,6,6,6,7,4,6,5,4,7,8,1,4,8,4,4,4,4,3,7,6,6,7,6,Pharmacy
576,3,4,5,2,6,3,9,9,4,4,8,8,4,8,7,10,5,8,4,7,7,4,6,7,6,4,6,6,8,10,8,10,Business / Management
577,8,7,10,2,8,4,5,4,2,4,9,8,8,10,7,6,5,4,6,5,8,2,2,2,3,2,3,6,5,7,8,5,Engineering
578,8,5,2,3,8,7,8,8,1,3,9,9,3,6,7,5,2,6,4,4,4,1,10,5,4,3,4,7,5,7,8,6,Finance / Banking
579,1,2,2,2,3,4,4,7,4,5,8,3,4,7,8,7,9,5,6,10,4,4,4,8,5,8,5,6,5,5,7,9,Law
580,6,5,7,10,1,1,1,5,3,6,6,5,6,9,3,7,7,6,5,5,3,9,2,2,2,2,4,9,4,1,4,8,Dentist
581,2,7,4,9,3,2,4,5,3,3,6,6,9,10,10,6,9,8,7,5,9,9,3,2,3,3,5,9,7,3,7,7,Dentist
582,6,1,4,1,4,10,8,7,2,5,6,6,1,7,4,5,2,4,2,2,4,1,7,2,4,3,4,7,6,5,3,6,CA / Accounting
583,4,3,3,4,7,4,5,5,8,6,8,6,6,6,7,10,7,8,5,9,4,3,4,10,6,10,5,10,8,4,7,8,Law
584,6,2,9,10,6,4,1,3,5,6,8,7,9,7,8,4,6,9,6,7,6,9,5,3,6,5,7,8,8,3,7,8,MBBS / Doctor
585,5,4,2,4,5,4,5,6,6,9,7,3,6,9,8,7,6,10,7,5,4,4,3,9,5,4,7,8,5,5,7,7,Psychology
586,4,4,2,3,5,7,8,6,4,1,5,7,3,4,8,7,6,5,4,2,6,1,8,4,3,3,5,7,6,4,7,6,CA / Accounting
587,5,5,7,10,4,4,4,4,3,6,6,4,9,9,6,7,9,10,6,5,4,10,1,5,3,3,4,8,6,2,7,9,Dentist
588,3,1,1,2,2,4,3,4,10,2,7,2,3,8,7,5,4,4,4,8,3,2,3,9,7,8,5,8,6,4,7,7,Law
589,5,5,8,6,7,1,3,3,1,5,8,6,7,8,8,6,6,6,5,5,2,10,2,4,5,4,8,10,8,3,9,7,MBBS / Doctor
590,9,1,2,4,6,6,8,7,1,3,8,9,3,6,6,4,4,5,8,2,8,2,6,3,3,4,5,9,8,6,7,9,Finance / Banking
591,4,3,2,7,5,2,2,3,4,6,4,3,6,5,8,5,6,5,7,7,1,4,2,3,3,4,7,8,8,2,6,6,Teaching / Professor
592,8,8,7,5,10,5,8,7,7,3,10,10,10,8,8,7,10,4,6,3,9,7,5,5,5,4,6,8,6,7,9,8,Engineering
593,9,3,2,1,6,9,7,8,3,2,9,10,6,6,8,8,6,4,3,3,4,1,10,2,1,5,5,9,6,3,7,7,CA / Accounting
594,5,7,7,10,6,3,1,2,2,9,5,2,4,6,7,7,3,9,6,4,5,10,2,3,4,3,6,10,4,4,8,5,MBBS / Doctor
595,3,2,2,2,4,4,9,8,4,5,7,7,4,7,6,9,6,4,4,9,7,2,5,7,3,4,5,5,6,6,7,6,Business / Management
596,8,5,2,4,2,8,10,8,4,1,10,10,5,10,7,7,6,5,4,6,10,4,10,4,5,1,4,6,5,8,8,3,Finance / Banking
597,5,1,3,2,1,4,4,5,6,9,10,4,3,8,6,8,6,7,6,6,3,1,4,8,4,9,6,8,5,8,7,5,Law
598,8,3,4,2,6,6,9,8,3,6,6,5,5,9,9,8,9,6,4,5,4,1,7,4,2,4,5,7,7,8,8,9,Business / Management
599,6,4,4,5,7,5,6,2,5,6,6,4,8,10,7,5,5,7,10,7,6,7,3,7,3,4,10,10,4,4,7,5,Teaching / Professor
600,8,5,6,8,5,1,5,6,4,4,8,5,10,7,9,5,6,6,6,4,6,8,1,4,3,1,4,10,8,1,9,10,Dentist
601,6,7,7,10,7,2,3,2,6,7,9,6,8,10,5,7,5,10,10,7,5,10,2,4,2,4,5,10,8,3,10,10,MBBS / Doctor
602,4,2,3,5,5,3,8,6,6,5,10,6,5,6,10,9,6,7,7,7,6,2,4,7,10,9,8,10,9,8,8,10,Civil Services
603,7,2,8,6,7,3,8,3,9,6,7,5,4,6,7,6,7,10,9,7,4,1,5,10,10,8,7,8,7,6,8,5,Civil Services
604,10,6,7,3,10,2,4,3,3,6,9,9,5,9,4,4,7,5,6,6,10,5,2,6,6,3,2,5,6,9,7,5,Engineering
605,2,2,1,2,5,4,6,6,7,7,7,1,3,7,8,7,8,7,5,8,5,5,5,9,3,6,5,6,6,8,8,10,Journalism / Media
606,1,5,6,8,7,1,3,4,3,4,3,3,7,8,5,6,6,6,4,3,3,10,4,3,4,1,4,8,7,4,5,7,Dentist
607,7,3,3,1,5,7,8,6,4,6,5,9,3,7,7,8,5,6,5,5,6,2,9,4,2,2,6,8,4,6,6,7,Finance / Banking
608,6,3,1,1,5,8,6,7,1,4,10,9,1,5,4,6,3,3,3,2,5,1,9,3,6,3,5,9,6,3,8,3,CA / Accounting
609,10,4,2,1,4,8,6,8,5,3,6,8,1,9,7,4,2,6,5,6,4,4,8,4,1,4,4,7,8,3,6,5,CA / Accounting
610,5,5,8,9,3,2,4,5,2,6,6,5,7,8,8,5,7,5,7,2,5,10,3,5,4,4,8,10,6,4,5,6,MBBS / Doctor
611,8,8,4,4,10,6,6,4,5,6,5,10,6,8,5,6,5,4,7,5,9,3,5,6,5,5,6,8,10,8,7,5,Engineering
612,4,4,5,8,8,1,3,7,9,7,7,6,6,5,10,5,8,8,9,7,4,2,3,6,3,4,10,10,7,5,8,8,Teaching / Professor
613,3,1,3,1,6,2,8,7,10,4,10,2,3,6,8,8,6,5,7,9,5,3,3,9,8,9,6,8,9,10,9,7,Law
614,1,2,2,1,4,1,6,1,6,5,6,4,1,3,8,5,10,7,6,9,3,2,1,6,6,10,8,5,3,6,8,9,Journalism / Media
615,8,7,7,5,7,3,3,5,4,4,10,6,8,10,8,6,6,3,6,4,8,3,4,5,2,3,5,7,10,7,5,7,Engineering
616,6,6,4,5,4,3,4,4,7,4,10,7,3,7,6,7,5,9,9,7,5,1,2,5,2,7,9,10,6,2,7,9,Teaching / Professor
617,5,5,6,8,8,1,6,3,6,8,6,5,9,10,10,4,5,8,9,9,4,4,5,6,4,6,10,8,7,4,6,8,Teaching / Professor
618,8,3,4,1,6,6,7,4,5,5,8,9,2,9,7,6,7,2,2,5,6,1,9,4,5,2,3,7,8,8,6,7,Finance / Banking
619,4,5,7,10,2,2,3,2,2,6,7,2,5,6,6,6,3,7,3,2,3,8,1,4,1,2,5,6,7,1,6,8,MBBS / Doctor
620,4,3,4,4,7,3,5,4,9,5,9,8,1,7,9,6,9,5,6,9,3,3,7,9,6,10,2,7,5,6,8,7,Law
621,4,1,4,3,6,6,7,9,3,6,7,3,6,9,10,10,9,7,6,6,4,2,9,4,5,6,5,4,8,7,10,10,Business / Management
622,5,4,7,3,4,1,1,3,4,6,6,4,7,5,8,6,8,6,10,6,5,1,3,4,7,4,8,6,2,3,5,8,Teaching / Professor
623,8,5,10,8,5,5,2,5,4,5,6,2,10,9,7,6,6,9,6,7,6,9,4,4,3,3,7,9,10,5,8,8,MBBS / Doctor
624,7,10,5,5,9,5,4,3,2,7,9,8,10,9,4,6,6,4,6,4,7,6,4,4,5,5,5,8,7,7,8,6,Engineering
625,3,3,5,3,4,2,10,10,5,7,8,6,3,10,7,8,8,6,5,8,6,3,8,4,6,5,7,4,8,7,7,10,Business / Management
626,8,7,4,5,9,2,3,5,4,2,7,7,5,8,3,7,8,4,6,1,6,2,2,5,6,2,3,7,9,4,7,8,Engineering
627,7,5,10,10,6,5,7,4,4,8,6,4,10,10,7,10,4,10,6,9,6,10,1,9,5,5,7,9,6,5,9,9,MBBS / Doctor
628,3,2,2,4,4,4,3,3,7,8,5,1,5,7,9,5,8,7,5,4,4,5,6,10,5,1,7,8,6,1,5,7,Psychology
629,6,4,8,10,8,4,2,2,7,6,5,4,10,9,9,7,5,6,6,6,4,10,2,3,5,5,9,7,10,5,8,10,MBBS / Doctor
630,5,5,8,6,5,2,2,2,1,5,10,5,10,6,5,3,5,3,6,3,5,9,4,4,5,1,6,8,5,5,7,5,Pharmacy
631,9,3,2,2,5,6,7,9,5,2,9,7,5,8,6,7,7,2,7,3,9,3,8,3,5,6,5,7,6,7,7,4,Finance / Banking
632,6,5,7,7,8,1,3,5,4,5,8,3,10,8,7,4,4,8,9,6,6,9,6,4,7,3,5,9,8,5,4,8,MBBS / Doctor
633,5,6,4,7,3,3,3,6,4,4,8,3,4,7,8,5,6,10,5,7,5,4,1,4,3,3,9,9,7,1,6,7,Teaching / Professor
634,4,3,4,3,6,5,6,3,7,6,6,5,3,5,9,5,8,8,5,9,6,2,5,9,7,6,5,4,7,5,9,9,Journalism / Media
635,2,3,3,7,1,4,1,4,4,7,7,3,8,8,7,5,7,10,4,4,6,4,3,9,3,5,4,8,9,3,8,10,Psychology
636,1,5,3,2,5,4,5,4,7,6,6,3,3,5,7,7,5,6,5,6,3,2,4,8,9,4,3,9,7,5,7,6,Civil Services
637,4,3,3,6,2,2,4,5,5,6,7,5,5,6,10,5,9,8,7,9,8,6,2,9,3,3,6,10,6,3,7,8,Psychology
638,6,4,5,3,8,5,1,5,6,6,7,6,5,4,7,5,7,7,6,7,6,2,4,6,3,3,10,6,7,3,7,6,Teaching / Professor
639,4,5,3,5,7,2,5,3,6,10,8,4,5,6,10,8,8,8,10,4,5,6,7,9,5,4,10,10,3,5,9,10,Psychology
640,5,1,2,5,2,1,2,4,5,7,3,4,6,7,6,7,6,9,6,6,2,4,5,6,6,3,10,9,6,2,6,10,Psychology
641,6,6,3,1,4,8,9,4,1,5,10,8,2,7,5,8,4,3,4,5,4,2,9,2,3,4,3,10,7,4,7,5,CA / Accounting
642,7,9,7,5,8,2,4,3,3,5,8,8,8,7,4,6,6,4,9,3,10,4,5,6,5,6,3,7,6,4,6,9,Engineering
643,5,2,3,3,4,1,6,6,4,4,5,3,5,6,10,8,8,5,4,8,8,1,8,5,3,7,7,6,6,5,9,10,Business / Management
644,5,7,5,4,5,2,2,2,5,3,5,3,5,7,7,6,8,6,7,9,8,5,2,5,5,6,10,5,4,5,8,8,Teaching / Professor
645,6,6,7,9,8,3,1,3,4,5,9,4,7,7,8,4,5,9,4,4,3,8,2,4,3,3,8,9,10,3,7,8,MBBS / Doctor
646,7,5,8,4,6,3,7,5,10,7,10,5,5,8,7,8,7,8,3,10,7,3,4,6,10,7,4,10,10,4,8,9,Civil Services
647,7,4,7,8,4,1,3,6,4,5,10,4,7,6,9,4,9,3,5,2,6,10,2,3,1,4,4,9,6,6,9,8,Dentist
648,3,4,5,6,3,1,4,4,2,4,6,7,10,9,7,4,7,8,3,2,5,9,4,1,2,2,4,7,6,5,4,9,Dentist
649,5,1,10,10,5,1,2,2,2,2,6,10,9,6,3,4,6,5,8,6,6,8,2,2,4,4,2,9,8,1,6,6,Pharmacy
650,5,6,3,6,5,1,1,6,7,7,9,7,8,5,8,10,8,3,8,7,4,5,2,6,3,5,10,9,6,4,10,9,Teaching / Professor
651,6,6,7,5,9,3,6,2,5,4,9,8,6,6,5,7,8,3,5,4,8,1,2,3,4,2,5,8,5,6,8,5,Engineering
652,2,2,1,8,4,5,5,4,4,8,8,8,4,9,10,8,7,10,8,7,7,7,4,8,5,4,9,7,6,7,7,6,Psychology
653,6,4,4,3,6,4,7,3,10,7,9,5,4,7,10,10,7,6,6,6,6,2,5,9,10,10,6,7,9,2,8,10,Civil Services
654,4,6,8,7,4,4,4,2,7,6,6,2,9,7,5,6,6,9,6,5,4,9,3,5,5,1,3,8,4,5,7,3,Pharmacy
655,4,4,2,9,6,1,3,5,3,6,9,7,6,7,8,6,6,3,3,7,6,9,1,4,5,1,5,9,8,3,9,9,MBBS / Doctor
656,4,6,5,3,5,7,9,10,5,4,7,8,4,8,10,9,8,4,6,6,5,2,8,3,2,6,5,5,7,10,10,9,Business / Management
657,8,5,8,4,8,5,6,3,3,5,7,4,7,6,8,6,6,4,3,3,10,6,5,4,3,2,8,6,10,8,4,5,Engineering
658,3,4,5,5,5,1,5,9,7,5,6,9,5,6,8,10,8,7,2,5,6,2,7,6,7,4,4,5,9,9,8,10,Business / Management
659,10,5,2,2,6,7,10,8,5,5,6,9,5,9,6,6,5,3,6,6,7,1,10,7,4,3,4,8,7,5,9,8,Finance / Banking
660,9,5,2,3,7,9,8,7,3,5,10,10,4,8,5,5,6,6,5,5,7,4,10,3,5,1,3,4,6,5,4,8,Finance / Banking
661,5,7,6,8,6,3,3,3,2,6,7,6,8,9,7,6,4,10,7,3,3,10,3,5,5,4,9,10,9,4,6,9,MBBS / Doctor
662,6,1,1,2,7,6,8,7,2,4,7,7,4,8,3,5,3,4,3,5,2,1,8,3,1,6,1,8,6,3,6,7,CA / Accounting
663,7,10,7,3,9,4,5,3,3,6,6,6,8,8,5,6,5,6,6,5,10,3,3,2,5,4,5,6,7,8,8,9,Engineering
664,4,5,7,10,7,1,5,4,4,8,7,3,4,7,7,7,7,8,5,5,6,10,4,3,4,5,7,7,10,5,8,7,MBBS / Doctor
665,6,6,10,10,2,3,6,3,5,7,10,4,8,10,9,8,7,9,8,7,6,10,3,5,6,2,8,9,9,5,10,10,MBBS / Doctor
666,3,6,6,10,6,3,5,6,6,4,6,4,10,8,7,6,6,9,5,5,3,6,3,6,5,6,4,6,7,2,7,9,MBBS / Doctor
667,5,4,7,10,3,3,2,6,3,5,6,7,9,6,9,5,7,10,7,4,4,8,2,3,4,1,4,7,8,5,6,8,Dentist
668,7,7,4,2,6,2,5,6,4,6,6,7,8,9,4,7,6,4,7,5,8,2,2,4,5,4,6,7,6,4,6,5,Engineering
669,4,4,4,6,6,1,5,3,5,6,6,5,5,8,5,6,4,8,5,9,4,5,1,5,4,4,6,8,3,3,7,6,Teaching / Professor
670,7,5,4,3,7,5,7,10,5,6,6,8,3,9,8,10,10,6,7,7,9,2,8,4,4,5,7,5,10,6,9,9,Business / Management
671,1,1,1,4,2,1,3,4,7,4,4,4,2,5,8,3,9,6,2,7,5,1,1,8,3,7,4,5,4,8,7,6,Journalism / Media
672,8,8,1,2,9,5,6,5,7,6,8,10,6,7,6,5,7,6,7,5,9,1,2,4,3,4,7,7,5,6,10,8,Engineering
673,4,3,7,9,5,1,4,3,5,8,5,5,10,8,5,7,4,8,5,6,4,10,2,4,5,2,9,9,7,4,8,9,MBBS / Doctor
674,6,4,3,6,5,4,3,4,6,7,4,4,8,7,7,7,6,6,10,7,3,3,2,3,5,7,10,8,6,3,9,5,Teaching / Professor
675,3,6,5,5,7,5,8,6,8,6,8,7,6,9,10,10,7,8,5,8,4,2,4,7,10,7,5,10,10,4,9,8,Civil Services
676,8,6,5,5,9,3,2,7,2,6,9,8,6,8,5,6,6,2,8,5,8,2,4,3,1,4,5,6,5,6,5,4,Engineering
677,6,6,8,6,4,1,5,4,8,5,6,4,9,9,7,6,6,5,7,9,6,3,2,5,5,7,9,7,5,6,10,8,Teaching / Professor
678,5,3,3,7,6,2,4,3,6,10,6,7,4,8,9,5,8,10,9,8,4,8,5,8,4,4,9,7,6,4,6,9,Psychology
679,9,2,5,3,6,9,6,6,4,3,7,10,4,6,8,8,4,2,3,3,8,3,8,6,5,6,4,6,5,4,7,7,CA / Accounting
680,9,4,1,2,4,9,5,4,3,7,5,9,3,7,7,4,4,3,6,5,4,2,10,1,5,3,2,8,8,4,7,7,Finance / Banking
681,9,3,2,4,8,9,8,10,4,6,8,8,5,8,8,6,6,4,8,6,8,3,10,5,7,4,5,6,4,8,10,8,Finance / Banking
682,4,2,3,8,2,5,6,2,4,6,4,2,4,7,7,5,9,10,7,9,3,5,3,8,4,3,7,8,4,2,6,7,Psychology
683,5,5,1,1,4,2,5,6,9,5,5,5,2,7,10,6,7,10,7,8,9,1,7,8,4,5,5,7,7,9,8,10,Journalism / Media
684,5,8,7,9,3,3,2,3,3,5,6,5,8,9,8,7,7,8,3,5,5,7,3,3,3,3,5,7,9,8,7,8,Dentist
685,5,2,8,9,5,4,3,4,3,4,8,4,8,5,4,5,3,4,6,4,6,10,1,4,3,2,5,5,5,1,8,6,Pharmacy
686,7,4,4,5,5,2,7,9,10,8,8,4,5,7,10,10,10,6,7,10,3,3,2,7,8,8,8,10,7,5,8,8,Civil Services
687,5,4,2,4,5,4,8,10,5,5,7,8,5,8,8,7,9,5,5,6,8,3,6,5,7,2,5,5,10,9,9,10,Business / Management
688,2,2,3,3,4,2,6,1,7,6,6,4,3,8,10,8,10,6,5,8,8,2,4,9,5,8,5,8,8,7,8,5,Journalism / Media
689,4,5,1,3,5,4,8,7,6,8,8,6,6,6,10,7,10,5,5,4,6,1,5,6,2,4,3,7,9,9,7,10,Business / Management
690,7,6,2,3,8,6,6,8,5,3,8,8,4,6,10,10,9,4,3,8,9,2,7,3,3,5,6,3,10,8,10,10,Business / Management
691,6,5,7,6,6,3,4,4,6,7,8,8,6,6,9,7,9,6,8,10,7,6,3,3,5,6,9,9,7,2,9,6,Teaching / Professor
692,7,9,6,1,9,5,4,4,1,2,9,7,5,9,5,5,8,3,5,5,10,5,3,6,3,6,3,9,6,9,8,4,Engineering
693,8,4,3,4,6,4,6,4,9,5,5,5,5,7,8,9,6,10,8,10,7,3,3,6,4,7,9,6,6,3,7,8,Teaching / Professor
694,5,5,9,9,8,5,6,6,4,7,7,7,9,9,10,7,5,8,9,7,7,10,1,4,5,5,6,8,8,7,6,5,MBBS / Doctor
695,3,2,1,2,3,3,3,3,7,8,6,2,5,6,8,6,9,7,5,9,6,4,4,7,5,7,4,3,6,6,9,8,Journalism / Media
696,5,3,2,3,5,3,6,6,2,3,9,6,5,8,8,10,8,8,4,8,8,1,7,2,3,4,4,5,8,6,10,9,Business / Management
697,6,5,3,3,4,6,7,4,10,8,10,6,4,7,8,7,8,10,9,6,5,4,4,10,9,8,5,9,8,4,8,9,Civil Services
698,5,1,4,4,6,4,5,9,5,8,5,5,3,9,10,10,9,7,5,8,7,4,10,5,4,5,5,6,7,10,10,10,Business / Management
699,6,3,5,6,5,3,9,5,10,7,8,5,1,8,9,8,3,5,5,6,5,4,6,8,10,8,5,8,8,5,6,7,Civil Services
700,5,5,4,6,5,3,7,5,9,4,7,6,6,7,10,6,6,6,6,6,6,2,3,10,6,8,3,10,8,5,8,7,Civil Services
701,3,3,6,4,6,3,4,3,5,8,9,4,5,10,8,4,8,10,7,7,4,6,5,7,4,5,7,6,4,1,5,7,Psychology
702,6,1,1,1,5,6,5,6,5,3,7,10,2,10,7,6,4,6,4,4,9,1,8,3,1,5,4,8,6,6,6,7,Finance / Banking
703,9,5,4,6,10,6,5,5,5,6,8,9,8,9,4,5,6,3,4,4,8,3,5,5,3,2,6,7,6,6,6,5,Engineering
704,10,5,4,3,8,7,9,7,3,5,7,10,3,8,6,5,7,5,9,7,8,3,10,3,3,3,7,8,9,9,8,7,Finance / Banking
705,3,1,2,5,6,2,7,5,6,6,8,6,3,10,10,7,7,8,6,10,6,1,6,9,7,10,6,10,8,5,7,8,Law
706,2,2,9,8,5,3,5,4,1,3,8,5,8,4,4,7,5,6,6,1,4,8,1,3,3,1,5,5,7,2,4,3,Pharmacy
707,3,3,1,3,3,2,3,2,6,9,6,2,6,6,9,4,7,10,8,7,4,4,2,7,5,6,7,7,5,2,8,8,Psychology
708,8,7,6,10,4,3,5,5,5,7,10,3,7,10,6,7,8,9,5,4,7,9,3,3,4,2,7,9,8,2,8,9,Dentist
709,7,3,5,10,4,2,3,5,6,5,7,5,9,8,8,5,8,6,7,3,8,9,3,6,2,4,3,8,6,4,9,8,Dentist
710,6,5,5,6,4,1,4,3,3,5,4,4,5,9,10,8,7,9,5,6,3,9,3,4,2,2,4,6,8,3,7,4,Dentist
711,5,8,5,4,8,3,5,3,8,7,9,4,8,8,8,6,7,8,8,10,3,5,1,10,7,6,10,9,6,3,8,5,Teaching / Professor
712,4,2,4,4,4,4,3,2,10,7,7,5,3,10,9,7,6,7,6,6,4,1,6,9,7,6,4,8,9,5,10,9,Civil Services
713,5,4,4,2,8,7,10,10,5,8,8,6,5,10,10,10,9,7,6,8,9,3,6,6,6,5,6,8,8,8,8,9,Business / Management
714,6,4,5,9,3,2,4,3,2,5,8,3,7,10,7,6,7,8,4,6,4,10,4,3,1,1,3,8,7,3,7,9,Dentist
715,7,4,2,5,3,8,6,7,2,2,7,7,4,8,4,7,3,3,5,4,4,3,9,7,5,7,3,6,9,5,9,8,CA / Accounting
716,2,5,9,6,7,2,3,5,3,3,3,1,10,7,5,5,4,6,5,3,6,6,7,1,3,2,6,6,4,4,5,6,Pharmacy
717,10,9,6,2,7,5,10,6,6,5,7,9,6,7,4,7,7,5,7,3,8,3,2,4,2,5,6,5,7,9,6,7,Engineering
718,9,9,7,4,8,2,2,2,3,4,10,9,6,9,5,7,8,6,5,6,6,5,4,4,1,3,7,6,8,6,8,6,Engineering
719,6,4,4,4,6,2,7,4,6,5,8,3,7,7,10,6,6,9,8,6,8,2,2,6,5,6,7,8,5,4,9,7,Teaching / Professor
720,4,8,8,9,4,4,6,2,2,6,8,6,10,7,8,8,7,7,6,5,8,8,2,6,3,4,4,9,8,5,7,8,MBBS / Doctor
721,5,3,3,2,6,6,7,10,5,3,6,5,5,8,8,10,5,5,3,7,7,2,5,5,4,2,4,6,9,6,9,6,Business / Management
722,7,3,2,3,5,7,6,7,4,5,8,9,3,8,4,6,6,4,3,2,8,2,7,2,2,2,5,7,6,6,6,6,CA / Accounting
723,4,5,5,5,4,7,9,3,6,5,8,6,6,8,8,6,5,8,6,6,4,3,3,8,9,10,7,4,9,4,7,8,Civil Services
724,4,6,2,5,6,6,6,8,5,7,9,5,3,7,7,10,10,5,7,9,5,2,5,5,4,5,3,4,8,9,6,7,Business / Management
725,10,5,5,2,8,2,6,5,2,4,8,9,10,9,4,6,7,4,7,2,9,3,4,6,2,4,6,7,5,8,7,5,Engineering
726,5,4,5,9,4,3,1,3,5,6,8,6,9,9,7,7,5,10,7,3,6,7,3,6,3,2,6,7,6,3,9,6,MBBS / Doctor
727,3,4,3,7,6,3,4,3,6,8,7,5,7,8,8,4,9,10,6,9,4,7,1,6,6,5,10,10,4,2,6,6,Psychology
728,8,3,5,4,6,6,6,10,4,5,7,7,7,10,10,9,10,7,6,10,6,7,8,4,4,6,5,4,9,8,10,8,Business / Management
729,4,4,5,5,5,4,8,2,9,7,10,4,2,8,7,7,6,5,5,8,2,1,5,8,10,6,5,8,8,4,7,8,Civil Services
730,7,10,7,4,10,3,8,7,3,6,10,10,7,10,7,5,8,6,6,6,10,4,4,5,5,5,7,8,6,6,8,8,Engineering
731,2,3,4,4,5,2,4,5,9,5,9,5,2,6,10,6,7,8,7,7,4,5,5,10,3,9,3,8,5,4,6,8,Law
732,1,1,2,3,5,2,4,4,7,3,5,3,3,10,9,8,9,5,6,8,4,2,2,8,6,6,5,7,7,6,7,7,Journalism / Media
733,5,5,7,6,4,2,1,3,1,3,4,6,8,9,7,5,4,5,4,1,7,7,3,3,3,1,7,8,9,3,6,7,Dentist
734,6,5,9,6,5,3,3,4,1,5,6,6,10,8,5,3,5,5,9,5,6,7,4,4,1,1,3,6,7,5,6,5,Pharmacy
735,6,3,9,7,6,6,5,6,4,7,4,6,10,7,7,4,7,6,8,3,5,10,5,3,4,4,5,8,9,4,8,7,Pharmacy
736,6,4,2,1,6,7,8,8,1,6,10,8,3,7,6,10,5,6,7,7,9,1,10,4,7,3,3,7,8,4,7,5,Finance / Banking
737,8,9,6,5,9,3,2,4,3,2,10,10,9,8,7,5,7,3,7,5,6,3,3,7,5,3,5,7,6,4,6,4,Engineering
738,7,3,3,1,6,3,6,9,5,3,8,6,6,10,10,7,8,4,6,9,8,2,8,4,4,5,2,5,10,8,9,8,Business / Management
739,3,3,8,10,7,3,7,3,6,4,3,5,9,9,8,7,8,9,6,2,4,10,2,6,6,4,7,8,10,3,10,9,MBBS / Doctor
740,7,5,6,4,3,4,7,4,4,10,8,5,8,9,8,7,6,9,9,4,3,6,2,8,3,4,6,10,6,6,4,9,Psychology
741,3,2,7,9,4,1,2,3,2,2,7,2,6,8,5,5,7,4,4,5,7,7,2,6,1,2,5,6,8,6,6,9,Dentist
742,6,7,6,10,4,5,2,3,5,3,7,5,9,7,7,7,9,6,4,3,5,9,2,5,2,4,5,6,6,3,7,9,Dentist
743,5,5,8,9,5,2,1,3,4,5,3,5,7,6,5,3,5,10,5,6,5,9,2,5,2,3,7,9,8,4,7,7,MBBS / Doctor
744,6,3,3,2,6,6,8,7,5,8,7,6,2,7,9,10,8,10,5,6,9,2,8,4,2,7,5,9,6,6,8,10,Business / Management
745,7,5,6,2,4,8,8,10,5,8,10,9,5,9,6,7,8,4,5,6,10,2,10,5,4,2,4,6,8,7,6,7,Finance / Banking
746,3,1,2,2,6,4,5,6,10,8,8,5,2,8,9,7,7,6,7,8,5,2,6,9,8,10,5,6,9,6,7,10,Law
747,7,6,4,5,9,1,4,5,6,6,6,9,6,9,6,3,7,5,5,4,5,3,3,2,2,3,3,6,3,7,6,3,Engineering
748,7,1,5,6,3,2,1,4,4,10,6,6,4,10,9,5,9,9,8,6,1,8,3,8,5,3,6,8,7,3,7,6,Psychology
749,4,1,3,3,4,3,4,2,7,8,7,3,3,6,9,7,10,5,3,9,3,2,3,10,5,4,4,5,5,4,9,7,Journalism / Media
750,9,2,4,3,6,9,8,6,3,3,6,9,4,7,5,9,4,5,4,5,6,2,9,3,4,4,5,10,6,5,6,4,CA / Accounting
751,4,1,3,1,5,5,6,7,4,8,3,6,3,7,7,8,8,5,1,8,8,1,7,6,5,6,5,6,9,7,8,5,Business / Management
752,7,6,4,6,4,5,5,4,6,6,7,5,7,9,9,6,6,7,9,8,2,2,1,7,2,6,10,9,3,2,7,7,Teaching / Professor
753,4,3,9,10,4,1,1,5,4,5,5,2,5,7,4,6,8,5,6,4,8,7,2,3,2,3,4,9,7,4,10,7,Dentist
754,7,2,3,1,4,8,7,7,2,2,7,6,1,8,5,5,4,1,2,4,6,1,9,2,2,3,4,5,5,8,6,7,Finance / Banking
755,5,2,7,9,6,2,2,6,6,6,6,6,9,8,7,5,8,6,7,5,5,9,4,5,1,3,4,8,3,5,8,7,Pharmacy
756,3,1,2,6,3,1,2,2,3,9,5,6,5,7,9,4,7,8,7,5,2,4,1,9,3,4,7,3,4,3,8,8,Psychology
757,5,2,5,2,4,2,9,3,9,4,8,6,3,8,8,9,7,7,4,7,6,2,3,8,7,9,7,7,8,3,7,10,Civil Services
758,1,4,3,2,6,2,6,7,6,6,7,6,1,6,8,4,9,6,8,10,6,1,1,9,4,9,6,9,8,8,7,10,Journalism / Media
759,5,1,2,3,6,1,3,6,6,5,8,2,3,8,6,6,8,5,6,9,2,5,5,8,7,9,5,10,5,6,5,10,Law
760,6,5,6,4,4,2,5,6,10,7,6,7,3,7,10,7,6,5,6,9,6,1,4,7,9,8,3,10,6,5,8,7,Civil Services
761,7,2,2,3,3,8,6,6,5,5,7,10,5,5,4,5,4,4,2,4,7,1,9,2,2,6,5,7,8,7,6,3,CA / Accounting
762,5,1,1,2,5,10,6,4,1,1,6,7,2,6,2,6,4,3,3,2,5,2,8,4,4,3,1,10,8,6,5,6,CA / Accounting
763,7,3,3,4,6,7,7,6,4,6,9,8,6,7,8,4,5,3,4,3,7,1,6,3,3,1,5,7,8,9,5,5,Finance / Banking
764,9,5,4,4,8,8,10,7,6,6,9,9,3,8,5,8,5,4,3,4,10,2,10,3,3,4,5,6,7,6,9,10,Finance / Banking
765,2,4,4,6,4,4,4,4,9,10,8,4,7,7,7,8,10,8,8,7,4,8,4,9,4,5,7,8,6,4,5,8,Psychology
766,6,5,8,8,6,2,1,3,2,5,7,4,7,9,5,4,10,8,3,4,3,10,3,5,1,2,7,9,9,5,10,9,Dentist
767,7,7,4,4,4,5,7,3,7,6,7,6,6,6,10,6,7,10,8,8,5,2,3,5,4,2,10,7,9,2,7,8,Teaching / Professor
768,4,1,3,1,7,10,5,5,4,5,7,7,2,7,4,7,3,4,5,3,5,1,7,4,3,4,2,10,8,1,6,4,CA / Accounting
769,5,2,1,5,6,8,8,5,4,2,6,10,2,9,3,7,4,5,4,5,6,2,10,4,4,4,5,10,9,7,7,5,CA / Accounting
770,7,5,9,9,5,1,4,4,6,8,10,5,10,8,9,6,7,7,8,8,4,8,3,6,5,3,6,10,7,6,8,8,MBBS / Doctor
771,5,2,2,3,4,9,8,7,2,2,4,8,4,6,4,5,5,4,5,2,6,1,9,2,4,2,4,5,6,9,6,5,Finance / Banking
772,4,4,5,1,5,3,8,5,7,4,6,3,3,3,9,7,7,8,6,6,6,1,3,7,9,6,5,9,10,4,8,9,Civil Services
773,4,5,3,5,2,2,3,4,6,7,9,7,6,7,7,6,9,6,10,5,6,2,1,8,5,6,8,10,6,5,7,10,Teaching / Professor
774,8,3,1,2,4,8,5,8,2,4,8,8,6,6,4,9,5,4,8,2,6,1,8,2,4,4,4,3,8,6,10,5,Finance / Banking
775,5,1,4,1,9,10,6,7,3,3,7,7,3,5,5,5,7,5,3,5,6,3,10,1,5,4,7,6,8,2,9,6,CA / Accounting
776,3,3,2,3,3,1,4,5,10,6,8,6,3,8,8,8,4,9,7,5,3,4,4,10,7,7,8,9,8,5,10,8,Civil Services
777,6,4,10,9,7,1,1,3,2,4,7,5,7,7,4,4,4,4,8,3,5,7,3,4,4,2,3,7,4,4,6,3,Pharmacy
778,8,7,4,4,9,2,5,3,5,5,6,7,8,6,4,6,10,4,7,5,8,4,3,4,1,4,6,7,8,7,7,5,Engineering
779,9,4,1,4,6,5,9,9,3,4,8,9,4,8,3,5,6,3,5,3,8,2,9,4,2,7,2,10,3,6,5,8,Finance / Banking
780,2,1,4,6,3,3,4,4,5,9,6,4,6,7,7,5,8,10,7,7,1,7,2,6,2,2,10,10,6,4,7,7,Psychology
781,5,6,7,9,6,3,1,5,3,8,5,6,8,8,8,5,8,5,6,7,4,9,5,4,4,3,5,9,5,5,7,10,Dentist
782,7,8,4,4,10,6,4,4,4,6,6,6,8,6,6,7,8,5,7,7,10,3,5,6,7,6,7,7,7,7,8,5,Engineering
783,4,3,3,5,6,3,6,6,9,8,8,6,4,8,8,7,7,7,6,9,6,4,6,10,6,8,5,7,9,2,6,5,Law
784,8,6,1,3,3,8,5,8,3,3,8,9,1,7,4,4,4,5,3,6,5,1,7,1,4,7,5,9,9,5,7,5,CA / Accounting
785,4,4,3,5,4,4,7,7,5,4,5,7,7,8,8,9,7,8,5,4,9,4,8,1,4,6,6,6,9,8,10,9,Business / Management
786,2,1,1,6,4,2,5,4,7,7,4,1,4,4,8,4,9,6,6,5,5,2,3,6,4,4,7,5,6,7,9,10,Journalism / Media
787,1,3,1,6,3,3,6,1,2,9,5,5,4,8,8,4,8,7,7,5,4,6,2,5,3,2,6,6,7,3,7,10,Psychology
788,6,2,7,9,3,2,1,3,2,6,6,5,6,5,4,5,3,6,5,2,2,7,1,3,1,1,3,9,4,3,7,5,Pharmacy
789,4,4,4,8,3,1,6,5,4,4,7,5,7,10,5,6,7,4,5,4,4,5,4,4,3,1,5,7,6,1,6,6,Dentist
790,8,5,2,3,7,3,6,7,6,10,6,8,5,7,10,10,10,8,6,8,9,5,10,5,5,6,8,10,10,10,10,10,Business / Management
791,9,5,6,2,9,9,8,6,2,6,10,9,3,10,8,9,5,6,9,4,7,2,10,7,4,9,5,7,10,8,7,7,Finance / Banking
792,6,4,6,5,7,1,5,2,8,6,7,7,7,7,8,6,6,6,8,6,5,4,4,3,4,6,10,9,6,3,8,8,Teaching / Professor
793,2,2,5,8,5,1,3,5,4,6,7,3,10,6,9,7,6,9,6,4,4,10,2,3,5,4,6,7,9,6,8,8,MBBS / Doctor
794,2,3,1,4,4,3,5,4,8,3,9,5,4,9,10,6,5,5,8,7,8,3,5,10,5,10,7,6,5,6,5,9,Law
795,6,4,4,1,6,8,10,7,6,5,5,9,3,9,8,5,6,4,4,7,6,2,9,5,6,6,5,4,9,7,9,6,Finance / Banking
796,2,6,8,7,6,2,5,4,3,5,8,5,7,10,5,4,7,6,9,3,3,9,3,4,5,5,3,10,8,3,8,5,Pharmacy
797,6,7,8,10,7,4,6,8,6,7,7,6,10,7,10,7,6,9,6,7,5,10,4,6,6,4,8,9,8,3,10,7,MBBS / Doctor
798,9,4,4,2,7,9,10,9,4,8,10,10,3,7,7,5,5,5,7,7,8,2,10,2,2,5,4,6,5,6,9,9,Finance / Banking
799,8,5,3,2,4,7,7,9,5,5,8,10,5,5,9,6,7,6,4,4,5,1,10,5,4,4,5,8,7,7,6,5,Finance / Banking
800,5,4,7,10,4,4,5,2,3,4,8,7,9,8,5,6,4,3,9,4,7,9,2,2,5,1,4,6,9,2,8,4,Pharmacy
801,7,3,1,4,3,7,10,4,4,5,7,7,1,7,5,4,6,3,5,3,8,2,10,1,3,5,3,6,8,6,7,6,Finance / Banking
802,6,3,9,8,7,1,2,2,1,5,6,3,7,7,6,3,3,7,7,6,5,5,2,3,4,1,4,6,8,2,7,5,Pharmacy
803,4,4,4,3,3,2,4,3,7,5,9,5,1,6,6,8,7,8,5,9,3,1,3,8,6,8,2,6,7,3,10,9,Civil Services
804,2,1,2,4,6,1,5,3,5,9,7,5,4,10,8,6,6,6,6,8,4,1,7,8,5,7,6,7,6,7,5,8,Law
805,6,1,3,8,3,7,3,1,3,10,7,6,5,6,7,2,4,10,6,5,2,8,1,9,3,6,8,6,5,2,7,9,Psychology
806,8,3,1,1,6,9,6,4,3,3,8,10,2,10,5,7,3,4,3,5,9,1,6,3,4,5,3,10,6,5,6,4,CA / Accounting
807,2,1,5,2,4,1,3,8,6,4,8,2,4,9,8,7,10,8,5,8,5,2,2,7,4,6,6,6,7,6,8,10,Journalism / Media
808,6,4,1,2,6,8,8,7,4,3,9,9,3,7,4,7,3,6,7,3,5,3,10,4,5,6,3,7,5,2,5,5,CA / Accounting
809,10,3,3,3,7,9,9,7,5,3,8,10,6,9,5,4,6,7,4,4,7,6,10,5,4,6,7,8,9,6,6,8,CA / Accounting
810,8,5,5,5,4,1,4,3,7,7,4,4,6,7,8,6,7,8,5,5,5,4,2,9,6,4,7,9,5,3,6,6,Teaching / Professor
811,5,5,3,8,3,1,7,5,5,10,8,2,7,9,10,6,5,9,7,6,4,7,6,5,2,4,6,8,4,6,10,9,Psychology
812,9,7,3,5,8,2,6,7,8,9,6,3,5,7,7,6,7,7,9,8,5,5,7,7,4,3,9,7,8,6,7,7,Teaching / Professor
813,7,6,4,3,5,6,8,9,5,6,9,4,3,7,8,10,7,8,7,8,9,2,6,6,4,4,8,7,9,7,10,9,Business / Management
814,5,2,7,4,4,4,3,2,1,5,5,6,9,6,4,5,4,6,8,2,7,7,4,4,2,1,4,8,6,3,7,6,Pharmacy
815,2,3,4,4,4,3,5,3,8,2,6,5,3,4,7,8,5,5,6,5,4,1,1,7,9,6,6,10,5,4,8,8,Civil Services
816,5,2,5,3,4,2,5,1,5,6,8,5,6,7,10,6,10,6,8,10,5,3,1,10,4,7,8,6,5,3,7,7,Teaching / Professor
817,4,3,3,8,4,5,6,4,5,8,9,5,6,6,8,6,8,10,9,8,5,4,3,9,5,6,5,7,6,4,8,10,Psychology
818,8,9,6,6,10,3,7,2,4,5,9,6,7,9,7,8,9,5,8,5,9,5,4,5,6,5,7,10,8,6,8,7,Engineering
819,3,4,8,7,4,1,4,4,3,3,5,4,9,7,6,4,6,5,3,3,7,8,1,2,3,4,3,8,8,4,4,9,Dentist
820,4,2,3,7,3,3,5,2,6,10,8,3,9,7,10,6,10,10,8,8,6,8,1,7,4,5,6,6,7,3,5,9,Psychology
821,3,5,5,7,7,5,6,4,5,8,5,4,6,7,8,6,6,9,6,6,4,7,2,9,3,3,6,8,6,3,6,10,Psychology
822,5,1,2,3,4,3,7,4,7,5,7,5,5,8,7,5,4,7,7,7,4,1,1,6,8,7,4,7,7,4,6,7,Civil Services
823,2,4,5,6,4,2,3,5,5,8,7,4,6,7,9,7,8,10,10,5,3,5,6,8,4,7,7,10,8,5,4,7,Psychology
824,7,3,2,3,5,7,7,9,5,2,8,7,2,3,6,6,7,6,6,6,8,3,10,2,3,3,3,6,9,8,9,6,Finance / Banking
825,5,5,7,10,5,1,1,5,3,5,7,3,8,10,7,5,8,8,7,3,4,10,5,3,4,3,5,8,9,8,9,9,Dentist
826,4,2,6,10,6,2,2,3,3,2,5,5,8,7,9,5,4,8,5,4,7,7,1,5,4,1,9,7,7,5,10,7,MBBS / Doctor
827,6,2,1,3,7,7,6,7,3,6,6,8,5,7,7,5,4,5,4,3,7,1,10,3,3,6,4,8,5,3,8,6,CA / Accounting
828,3,5,2,3,5,10,10,4,4,4,7,8,4,7,6,5,4,5,5,3,5,3,10,6,7,5,6,9,6,4,6,7,CA / Accounting
829,3,3,4,3,1,1,4,7,10,7,7,4,4,4,6,9,6,5,6,10,4,3,5,10,5,9,5,6,9,5,5,8,Law
830,5,3,3,1,5,6,2,2,8,7,7,6,1,7,8,10,4,8,9,7,3,3,3,6,7,5,6,8,8,6,8,7,Civil Services
831,3,1,7,7,3,5,2,4,1,4,6,4,9,6,5,6,7,8,10,3,5,7,4,6,4,5,3,7,8,4,4,8,Pharmacy
832,2,4,3,5,2,4,5,4,5,4,9,4,5,6,8,6,8,9,7,9,5,6,3,8,9,6,3,7,7,5,7,10,Civil Services
833,5,3,8,9,4,3,1,4,5,6,8,4,6,6,8,5,8,7,5,4,6,8,2,4,2,1,7,7,8,3,5,10,Dentist
834,6,6,8,6,6,1,6,3,6,7,6,5,3,5,8,3,9,7,8,5,4,3,1,6,6,5,9,8,5,3,7,8,Teaching / Professor
835,2,6,7,8,6,2,3,4,6,6,6,4,9,9,9,7,6,10,4,9,7,10,1,5,4,5,7,9,9,4,7,8,MBBS / Doctor
836,5,3,4,2,4,1,4,4,9,8,5,6,2,6,10,9,8,9,4,8,6,2,4,9,10,8,5,8,9,2,8,7,Civil Services
837,3,2,5,6,6,4,8,6,7,5,9,6,5,10,10,9,7,6,6,9,6,8,4,7,8,9,7,10,10,7,10,7,Law
838,6,1,1,1,6,8,8,6,2,5,6,8,2,5,5,4,2,3,3,2,5,2,8,1,4,3,4,9,6,2,5,4,CA / Accounting
839,5,2,7,9,5,3,1,6,1,1,6,3,7,8,6,4,7,7,4,6,5,10,4,2,1,4,8,9,7,2,8,6,Dentist
840,7,7,5,6,9,5,5,4,4,4,10,9,7,7,8,6,7,7,6,4,8,2,4,3,3,3,4,6,7,6,7,9,Engineering
841,4,5,6,4,4,3,7,10,5,7,10,7,2,7,9,8,10,5,4,6,7,3,4,4,2,4,3,7,8,8,6,8,Business / Management
842,2,3,5,5,4,3,4,4,6,9,5,4,6,6,8,6,8,10,7,7,5,7,1,6,4,3,6,6,7,1,8,10,Psychology
843,5,4,5,2,4,6,8,5,8,4,10,6,4,10,9,8,4,7,6,6,8,3,3,10,10,7,4,9,8,6,6,7,Civil Services
844,3,4,6,5,4,5,9,8,4,5,8,4,5,7,8,9,9,6,7,9,6,5,8,5,5,4,3,6,7,10,7,9,Business / Management
845,4,3,2,4,4,4,6,7,8,5,10,4,3,8,9,7,7,7,5,8,5,1,7,10,7,9,5,7,10,4,9,8,Law
846,10,7,8,4,5,4,4,4,2,7,7,10,7,7,8,6,7,3,6,6,7,3,3,5,6,4,4,10,6,6,7,6,Engineering
847,3,1,3,3,3,1,3,6,3,7,6,2,7,5,6,6,9,9,6,6,4,7,3,4,4,3,6,3,5,1,8,8,Psychology
848,5,4,2,5,7,6,3,9,6,5,6,4,2,8,7,8,10,4,4,9,6,3,7,6,1,5,5,4,8,9,9,10,Business / Management
849,8,8,3,5,4,2,5,3,3,7,10,7,6,6,7,5,4,5,7,6,8,3,7,4,5,3,6,5,6,4,6,8,Engineering
850,6,1,2,4,7,2,7,7,9,6,9,4,3,7,8,8,9,5,5,10,5,4,4,10,6,10,7,5,5,5,7,8,Law
851,4,3,4,3,4,4,6,1,7,4,10,3,4,9,10,5,9,7,4,9,6,3,1,9,5,6,6,8,4,7,9,9,Journalism / Media
852,4,4,9,9,6,3,3,4,5,6,7,4,8,8,8,4,6,9,6,4,5,7,2,5,6,4,8,9,7,7,8,6,MBBS / Doctor
853,4,2,3,4,3,3,7,6,7,2,6,4,1,6,9,8,5,8,5,8,2,3,2,5,6,7,4,5,8,6,5,9,Law
854,2,2,5,3,6,2,4,8,9,7,5,3,3,8,10,7,9,7,6,7,6,2,1,5,4,6,6,4,7,5,9,7,Journalism / Media
855,5,6,2,4,6,5,6,5,7,7,8,4,2,9,10,7,5,6,6,9,6,2,4,7,10,8,5,10,10,4,9,10,Civil Services
856,5,4,4,4,7,3,3,5,7,6,8,3,5,6,10,7,10,8,6,9,5,4,5,8,7,5,4,8,5,9,7,10,Journalism / Media
857,7,4,5,6,6,3,5,5,9,9,10,9,9,8,9,10,8,7,10,10,8,4,6,6,6,6,9,9,8,5,10,8,Teaching / Professor
858,4,4,4,5,2,4,5,6,3,10,8,5,7,7,8,4,7,10,7,5,3,6,4,9,4,4,8,7,7,5,9,7,Psychology
859,9,9,5,5,9,3,6,7,3,3,6,9,8,7,3,5,8,5,6,4,10,4,4,4,4,4,3,7,8,8,7,4,Engineering
860,3,7,5,9,2,2,1,7,4,7,9,6,8,6,10,5,6,9,8,5,5,10,3,2,4,3,7,9,7,4,6,7,Dentist
861,5,3,8,7,6,4,3,3,3,5,6,4,10,8,4,5,4,5,7,2,4,10,1,4,3,4,2,8,8,7,7,6,Pharmacy
862,8,9,4,2,8,3,6,3,5,3,9,9,7,7,8,7,8,7,7,4,7,4,5,7,4,6,5,6,5,6,6,9,Engineering
863,7,2,3,4,4,2,6,4,10,5,5,3,3,9,10,8,7,7,5,9,6,2,4,7,4,10,5,5,4,8,9,7,Law
864,4,4,7,10,8,6,6,2,3,9,10,7,10,8,10,6,4,10,6,4,7,7,4,5,7,5,9,8,6,4,9,9,MBBS / Doctor
865,6,3,7,9,4,1,2,4,4,5,3,5,7,10,6,5,6,8,6,3,7,7,3,6,2,2,5,7,8,3,6,8,Dentist
866,7,7,2,1,6,5,5,9,5,4,5,5,4,9,7,9,10,4,3,8,8,3,10,5,1,5,4,8,9,6,10,10,Business / Management
867,2,3,6,3,5,2,5,4,5,4,6,3,1,6,10,8,9,7,7,7,5,6,4,5,6,8,4,5,9,6,7,10,Journalism / Media
868,4,6,8,8,6,2,3,4,2,4,8,4,10,5,9,6,5,8,4,7,5,8,5,4,3,4,7,10,8,6,10,7,MBBS / Doctor
869,5,1,3,4,3,4,4,3,5,6,5,7,6,9,7,4,6,9,9,7,3,7,5,6,7,5,9,8,9,4,8,9,Psychology
870,3,4,8,7,3,3,4,5,2,6,7,4,9,4,8,4,3,7,6,4,6,9,2,3,5,3,5,6,7,3,4,5,Pharmacy
871,7,3,5,2,3,8,9,6,2,5,10,9,4,9,9,7,4,4,1,2,7,6,8,3,5,7,3,8,7,5,7,6,CA / Accounting
872,3,1,2,2,5,1,3,6,8,8,6,4,5,5,8,7,7,7,4,10,4,3,5,8,4,9,5,6,7,5,5,8,Law
873,5,5,6,2,7,7,10,8,4,4,9,9,2,6,8,5,6,6,4,4,10,2,10,8,5,3,5,7,8,8,9,4,Finance / Banking
874,2,3,10,8,5,2,3,4,6,7,6,7,10,7,4,7,4,4,9,3,8,7,3,4,5,2,5,4,7,1,9,6,Pharmacy
875,5,6,6,9,3,1,3,3,1,4,5,4,6,7,7,6,10,6,7,5,3,10,3,6,5,2,5,6,5,5,6,8,Dentist
876,4,4,7,9,4,4,4,4,5,5,6,5,10,8,7,4,5,6,5,6,10,10,3,4,3,7,5,6,9,4,9,10,MBBS / Doctor
877,8,2,6,2,3,2,5,4,7,5,7,6,7,10,7,6,6,8,10,8,5,5,3,6,5,3,7,7,6,5,7,7,Teaching / Professor
878,8,6,6,5,5,4,6,5,7,7,5,6,8,6,7,4,6,7,9,6,7,4,1,7,6,5,10,10,7,5,6,9,Teaching / Professor
879,7,5,4,5,6,2,7,3,4,2,7,4,4,7,8,5,7,6,8,7,4,4,1,3,3,2,6,7,6,2,7,6,Teaching / Professor
880,7,6,7,8,6,3,3,5,1,4,7,4,9,6,7,8,3,7,5,5,5,9,2,5,4,3,8,7,8,3,10,8,MBBS / Doctor
881,4,5,5,5,5,4,4,7,7,6,10,3,5,8,8,7,8,10,8,10,5,2,4,10,6,10,6,9,8,7,7,10,Law
882,8,6,6,3,8,7,7,10,6,4,9,6,3,9,9,10,9,8,6,9,7,4,8,7,5,5,5,9,6,10,10,10,Business / Management
883,7,7,6,3,6,3,4,6,3,1,8,10,9,10,4,7,5,5,4,3,7,4,4,4,1,3,3,7,8,7,5,1,Engineering
884,5,5,1,3,8,5,9,10,4,4,7,8,6,10,8,10,7,2,4,5,8,1,6,5,5,5,8,8,7,10,10,8,Business / Management
885,7,4,1,3,6,3,9,8,3,5,5,7,5,8,8,8,5,5,3,4,5,1,5,6,4,6,5,7,7,10,6,8,Business / Management
886,4,6,8,7,2,3,2,6,3,5,7,5,9,5,6,4,5,4,6,2,5,10,1,6,1,3,6,6,7,3,6,3,Pharmacy
887,4,8,6,10,5,4,2,8,4,6,8,5,10,7,8,6,5,7,8,6,6,10,5,4,5,3,7,10,5,4,8,9,MBBS / Doctor
888,4,5,8,7,3,4,6,6,4,6,7,8,9,9,10,6,4,10,7,6,7,9,3,7,4,2,7,9,5,6,8,8,Pharmacy
889,5,2,2,4,7,4,5,4,9,4,8,2,1,7,8,10,3,8,5,7,4,1,2,7,8,9,5,9,10,2,7,7,Civil Services
890,8,3,4,3,5,3,5,10,4,5,6,6,2,7,6,10,5,4,1,5,6,4,7,4,4,4,8,5,8,9,7,9,Business / Management
891,7,9,3,5,7,4,5,4,3,3,9,6,7,9,8,6,7,5,4,3,8,3,2,6,4,4,4,7,8,6,8,5,Engineering
892,5,1,7,8,3,1,1,2,3,4,4,3,8,7,3,1,5,6,9,5,4,9,4,2,3,2,4,7,8,5,8,7,Pharmacy
893,5,3,3,1,5,1,6,5,9,5,7,3,1,7,8,7,8,6,9,7,7,3,5,9,1,10,6,6,6,7,6,7,Law
894,6,3,4,7,5,3,5,4,6,2,9,3,6,6,6,8,7,10,7,9,6,5,5,8,8,7,4,10,10,5,7,8,Civil Services
895,6,5,3,4,3,4,3,6,3,5,8,4,4,6,7,6,4,9,9,7,3,2,4,7,3,6,7,8,5,4,7,7,Teaching / Professor
896,3,5,4,5,5,1,4,4,7,6,9,3,5,5,9,7,10,8,7,9,6,2,2,8,6,9,5,6,7,7,8,9,Journalism / Media
897,6,4,2,5,6,1,4,9,5,7,7,5,6,7,10,8,7,9,6,9,7,1,4,8,4,9,4,6,7,8,6,8,Journalism / Media
898,7,5,1,3,4,7,8,10,4,3,8,10,1,9,8,7,5,7,7,4,8,4,10,5,3,8,6,10,8,7,7,9,Finance / Banking
899,4,3,2,2,7,4,1,4,7,8,5,3,5,8,10,7,9,9,7,8,7,4,1,9,6,7,5,8,7,6,7,10,Journalism / Media
900,6,10,4,3,8,3,3,6,6,7,8,8,8,10,2,5,8,4,7,5,8,4,5,5,4,4,6,5,8,6,10,7,Engineering
901,4,4,2,2,6,10,8,5,4,5,8,9,3,5,5,5,4,3,7,4,5,2,10,7,5,4,3,8,10,4,5,7,CA / Accounting
902,2,3,2,4,6,1,6,6,10,7,8,4,1,8,7,6,6,7,8,9,5,2,4,7,6,8,4,9,7,2,8,8,Law
903,9,3,4,3,5,5,7,7,4,4,6,9,2,6,9,6,6,7,5,6,8,1,9,3,5,6,3,6,7,6,7,8,Finance / Banking
904,7,6,8,2,6,5,7,4,3,6,5,5,7,10,6,6,9,8,6,5,10,2,6,3,4,4,4,6,8,8,7,6,Engineering
905,6,1,5,6,4,2,6,3,10,6,9,9,4,10,9,7,6,9,8,8,5,4,2,10,10,7,6,8,8,5,9,8,Civil Services
906,5,3,2,3,3,4,7,6,1,1,8,7,4,5,6,8,4,3,6,6,6,1,10,4,4,4,3,7,8,4,8,6,Finance / Banking
907,7,3,1,3,7,7,8,6,2,2,10,7,4,8,5,6,5,4,4,4,7,1,10,5,1,3,7,7,6,7,4,7,Finance / Banking
908,3,4,9,10,4,1,6,2,4,6,6,7,9,7,7,9,5,9,7,3,7,10,5,2,1,5,6,7,8,4,6,8,MBBS / Doctor
909,4,4,7,10,4,3,4,5,5,7,7,8,10,10,8,7,7,8,6,7,5,10,5,6,4,5,7,10,10,5,8,8,MBBS / Doctor
910,4,2,1,5,7,4,7,5,10,6,8,5,4,9,5,7,9,6,5,10,6,2,3,9,6,6,4,8,10,7,5,8,Law
911,4,3,7,6,4,4,1,4,6,4,7,6,7,7,4,5,8,9,5,2,6,8,4,4,2,5,2,7,6,2,6,6,Pharmacy
912,7,5,4,6,4,4,6,8,9,7,7,7,7,7,6,10,9,9,8,10,7,2,3,8,7,5,10,7,7,4,10,10,Teaching / Professor
913,3,4,7,8,8,2,2,2,2,5,8,6,10,9,7,6,9,7,8,4,5,7,1,8,2,4,5,8,7,4,4,6,Pharmacy
914,7,3,2,4,5,5,6,6,9,6,7,5,2,9,10,7,7,4,5,6,2,1,5,9,9,7,4,9,10,3,10,7,Civil Services
915,5,4,5,5,6,4,3,3,2,5,8,4,6,8,7,6,3,6,5,2,5,7,2,2,5,1,5,5,9,3,6,7,Dentist
916,6,5,5,7,6,2,4,3,6,9,6,6,7,9,10,5,9,9,7,9,6,5,2,9,4,3,9,6,8,2,6,10,Psychology
917,5,7,7,5,4,1,6,6,1,5,5,6,7,8,6,7,3,10,9,9,7,10,4,4,4,4,8,9,9,4,8,6,MBBS / Doctor
918,3,8,8,9,4,2,6,4,4,5,9,5,9,9,7,6,4,8,5,7,5,9,3,4,3,4,10,10,10,3,8,8,MBBS / Doctor
919,7,7,7,7,9,3,4,6,4,8,7,8,10,8,10,8,5,6,8,8,6,10,5,6,4,3,8,10,10,5,9,9,MBBS / Doctor
920,5,4,6,9,5,4,3,1,4,4,8,6,10,8,7,6,6,7,9,5,6,8,2,3,3,6,8,9,7,7,7,6,MBBS / Doctor
921,4,6,8,10,3,1,1,2,2,6,5,5,7,8,5,7,6,4,5,4,4,9,4,5,5,2,7,6,8,4,9,8,Pharmacy
922,1,1,4,4,5,2,3,4,4,10,3,1,6,9,8,7,9,10,4,7,2,6,2,7,6,2,10,8,5,2,9,6,Psychology
923,8,6,7,9,4,1,2,2,2,6,8,5,6,10,2,6,10,9,4,6,6,10,7,5,3,4,5,8,7,6,8,8,Dentist
924,3,4,7,6,3,2,2,4,2,8,6,7,8,8,6,6,5,5,3,6,6,8,1,1,3,2,5,7,6,3,8,5,Dentist
925,5,5,8,8,3,2,3,4,2,4,6,6,8,6,4,2,3,6,5,2,1,7,1,1,4,2,3,8,6,1,7,6,Pharmacy
926,7,1,2,2,2,6,6,5,3,3,10,8,3,6,6,5,2,3,4,2,6,2,9,4,7,3,3,8,6,6,8,9,CA / Accounting
927,5,4,7,7,4,3,2,4,4,6,7,5,8,7,6,2,7,8,6,5,3,10,2,5,3,2,6,9,9,5,7,8,Dentist
928,6,5,3,9,3,1,3,4,3,7,7,5,9,10,5,9,5,7,6,4,4,10,3,2,6,5,5,10,9,2,9,7,MBBS / Doctor
929,1,1,1,3,4,1,6,3,4,5,6,1,1,8,7,4,6,6,5,9,5,2,2,7,5,7,3,2,6,4,3,6,Law
930,4,1,2,4,4,2,3,2,4,10,7,2,5,5,8,5,6,6,6,7,3,7,1,7,4,5,9,9,7,5,4,5,Psychology
931,4,3,7,8,2,1,2,1,6,7,8,3,8,10,6,9,10,6,5,6,5,9,5,4,2,2,6,7,6,5,4,8,Dentist
932,4,5,8,10,3,3,5,6,1,5,5,3,6,10,6,3,6,7,7,4,7,9,2,3,2,2,5,9,6,4,6,9,Dentist
933,7,4,7,7,7,2,2,3,3,5,7,4,6,10,7,6,5,9,6,4,4,10,2,4,3,2,7,7,8,5,8,7,MBBS / Doctor
934,6,4,4,5,4,2,6,5,7,8,8,4,6,4,7,7,6,8,9,7,5,3,2,5,4,5,8,8,6,1,7,8,Teaching / Professor
935,2,3,4,1,5,4,5,4,9,7,9,5,3,8,10,8,8,5,5,9,4,2,4,7,10,10,7,10,9,4,9,6,Law
936,6,5,4,1,4,6,6,4,9,5,7,5,5,8,9,10,9,7,8,8,7,2,8,8,10,7,3,8,7,6,9,8,Civil Services
937,5,4,7,10,3,3,5,6,3,4,10,7,7,9,6,5,10,6,5,5,5,9,4,1,3,3,1,7,9,5,7,7,Dentist
938,1,4,4,5,7,2,5,4,9,8,5,5,7,7,10,7,9,9,8,9,6,3,6,10,4,7,8,7,7,8,8,7,Journalism / Media
939,7,2,3,4,6,9,9,8,5,4,8,10,4,6,6,7,4,4,6,2,7,1,9,1,4,6,5,8,8,5,5,7,CA / Accounting
940,6,3,4,7,4,4,3,5,3,9,6,6,2,6,8,9,8,9,9,5,4,7,4,6,3,7,9,6,7,2,10,10,Psychology
941,8,1,1,5,7,10,8,6,1,3,6,10,2,7,5,3,2,6,7,6,7,1,10,4,5,5,6,10,7,6,6,7,CA / Accounting
942,5,3,4,3,5,1,6,5,6,8,9,7,4,9,10,7,8,8,3,8,6,4,5,10,10,6,6,10,8,4,6,9,Civil Services
943,5,5,5,7,8,3,3,6,6,5,8,5,7,6,8,8,4,7,9,8,7,2,3,6,2,4,8,8,5,5,6,8,Teaching / Professor
944,6,6,5,5,4,4,4,5,5,6,8,6,5,5,8,8,8,10,10,8,6,3,2,6,5,5,8,8,6,3,6,7,Teaching / Professor
945,8,8,5,4,6,5,5,6,4,4,6,9,6,8,6,6,5,5,8,4,8,4,4,3,4,5,4,6,5,8,7,5,Engineering
946,8,4,2,4,6,9,8,5,5,3,7,10,1,5,6,6,6,5,2,3,5,1,9,5,5,5,3,8,7,6,6,6,Finance / Banking
947,6,2,2,2,7,10,6,5,5,6,8,8,3,8,6,8,6,5,3,5,7,1,9,5,2,4,5,8,9,6,5,5,CA / Accounting
948,5,1,5,6,5,4,4,5,6,6,7,6,6,6,10,5,5,4,7,7,5,2,5,5,3,5,9,10,7,4,7,7,Teaching / Professor
949,4,5,2,6,8,3,6,9,4,6,7,8,5,10,9,7,10,8,5,8,5,1,7,7,5,8,7,6,9,10,8,8,Business / Management
950,6,4,5,4,3,2,4,3,6,7,8,4,3,7,7,6,6,9,6,10,6,4,2,4,5,5,8,9,7,1,8,9,Teaching / Professor
951,7,5,4,3,7,3,7,5,2,5,9,6,8,8,3,6,7,4,6,3,9,3,4,4,2,2,1,7,5,6,7,6,Engineering
952,3,1,3,5,8,4,6,3,10,6,8,4,2,9,8,5,9,7,7,10,4,3,2,7,4,6,7,5,5,8,10,9,Journalism / Media
953,4,4,2,5,6,3,5,5,7,3,5,2,4,6,10,8,7,6,5,7,7,2,3,10,6,4,9,2,4,7,8,10,Journalism / Media
954,7,8,5,5,5,3,5,6,8,6,8,3,7,10,4,8,8,7,9,7,8,5,4,4,3,2,9,9,6,3,7,7,Teaching / Professor
955,7,3,4,4,7,4,7,5,5,6,7,8,9,8,5,7,5,3,6,6,9,5,3,3,5,3,4,4,7,9,6,7,Engineering
956,5,3,8,8,7,3,4,2,7,6,10,6,6,6,10,4,7,7,9,8,5,4,5,7,6,7,9,10,7,4,10,8,Teaching / Professor
957,6,4,5,8,5,6,4,4,3,4,9,5,7,9,8,4,7,6,6,6,6,7,5,4,2,2,4,9,6,5,8,8,Dentist
958,8,4,2,5,5,7,8,8,6,3,9,10,3,8,6,7,6,7,5,5,7,5,9,3,4,4,4,6,8,5,9,7,Finance / Banking
959,4,6,9,6,5,1,4,4,8,6,9,7,9,9,8,6,5,8,5,5,6,10,3,5,4,4,8,9,7,4,8,10,MBBS / Doctor
960,3,1,1,4,4,2,4,3,7,10,7,4,7,5,8,4,10,8,7,7,4,6,2,6,4,6,8,8,9,6,8,8,Psychology
961,4,3,3,1,6,9,7,6,3,7,9,6,6,7,6,4,5,2,3,5,7,1,9,5,5,5,2,6,10,6,6,7,Finance / Banking
962,2,6,3,3,3,2,3,4,3,10,7,3,4,8,8,6,7,10,5,7,3,3,2,9,5,3,7,8,5,4,9,7,Psychology
963,4,1,8,7,4,2,3,3,4,7,6,5,7,5,7,6,5,6,8,2,3,5,3,5,4,1,1,9,6,3,7,4,Pharmacy
964,4,6,7,7,2,3,2,3,3,3,5,3,8,8,6,3,4,6,5,3,4,10,3,3,3,5,4,8,8,2,8,8,Dentist
965,10,8,6,2,7,1,7,6,3,4,7,7,8,8,9,8,9,6,6,6,8,6,5,5,4,7,3,10,7,5,6,4,Engineering
966,6,7,6,2,5,2,6,4,3,5,7,7,5,9,6,7,5,4,4,4,10,3,2,3,1,2,6,4,7,6,6,6,Engineering
967,4,6,8,8,5,4,4,5,3,4,6,7,10,8,10,7,5,6,7,7,8,10,4,8,3,6,7,10,6,5,10,5,MBBS / Doctor
968,6,2,3,2,5,8,7,5,1,6,10,9,3,7,6,6,4,2,6,2,7,1,6,5,4,2,5,7,10,2,5,7,CA / Accounting
969,1,4,2,5,2,3,5,2,5,9,6,3,4,6,8,6,7,8,10,8,3,6,3,8,3,5,9,8,6,4,6,10,Psychology
970,3,4,4,1,3,2,6,4,9,1,8,3,2,5,8,8,7,7,6,8,3,3,4,7,7,10,4,8,6,4,3,9,Law
971,1,2,1,6,6,4,8,7,9,4,7,7,5,6,10,5,10,8,5,9,7,3,5,7,5,9,8,4,8,9,9,10,Journalism / Media
972,10,4,3,1,5,10,7,8,4,4,10,9,1,9,6,6,4,3,8,2,6,2,10,3,6,4,4,9,8,6,5,7,CA / Accounting
973,3,4,5,7,5,5,6,3,1,9,9,4,7,8,8,7,8,10,10,5,4,5,3,6,4,5,9,8,6,4,7,7,Psychology
974,1,1,1,4,4,4,7,5,9,7,6,5,5,9,7,7,4,6,7,9,4,2,3,10,5,10,8,8,9,6,8,8,Civil Services
975,2,1,3,5,5,4,5,5,6,7,6,4,4,7,10,6,9,7,7,8,5,4,4,7,6,7,5,5,10,8,10,10,Journalism / Media
976,6,7,8,9,8,2,5,3,4,5,8,6,10,9,9,4,4,6,9,6,5,10,4,2,4,3,5,9,8,3,6,5,Pharmacy
977,5,5,8,5,5,1,3,4,6,4,6,4,7,6,10,8,4,8,6,6,4,7,2,7,2,5,7,8,9,5,5,7,MBBS / Doctor
978,5,2,3,5,3,3,3,2,3,9,7,2,5,6,4,1,5,6,8,4,3,8,1,6,5,3,7,6,6,4,8,7,Psychology
979,8,8,4,4,6,5,2,3,2,3,8,7,8,8,5,5,8,6,4,3,9,3,2,5,2,5,5,5,6,5,7,5,Engineering
980,4,6,7,6,6,1,1,3,3,3,5,5,8,8,6,4,5,7,9,1,3,8,3,3,3,1,7,6,6,3,8,7,Pharmacy
981,6,2,4,5,6,3,7,3,10,5,8,6,6,7,8,7,6,8,8,9,5,6,1,7,7,7,8,8,7,2,7,6,Teaching / Professor
982,7,6,6,7,6,4,10,7,3,4,7,3,2,7,6,10,8,7,5,7,8,4,7,3,5,3,6,6,6,8,9,9,Business / Management
983,4,1,3,4,3,4,8,8,8,5,9,6,4,8,5,6,8,7,5,6,4,4,5,6,8,9,7,9,7,5,7,9,Civil Services
984,6,6,7,8,4,3,3,5,5,6,6,4,6,8,7,4,9,8,5,8,4,10,2,4,4,5,7,9,5,5,6,8,MBBS / Doctor
985,6,5,6,9,7,4,6,6,5,7,8,5,10,10,9,8,6,8,7,5,6,6,2,6,9,4,7,8,10,4,10,7,MBBS / Doctor
986,4,5,1,4,4,7,7,8,8,6,9,5,7,7,8,8,6,7,10,9,7,4,3,7,7,8,6,6,7,4,7,8,Civil Services
987,9,10,6,3,8,2,5,4,5,2,9,7,8,7,8,8,9,3,8,6,6,4,5,5,4,4,7,9,3,6,7,4,Engineering
988,4,3,8,6,5,1,2,3,4,1,4,2,8,6,7,5,2,4,8,3,4,7,2,1,2,2,3,7,6,2,7,2,Pharmacy
989,7,2,10,9,5,6,4,4,4,3,7,5,6,7,7,5,8,6,7,5,7,9,4,5,3,4,4,8,7,7,8,3,Pharmacy
990,3,5,9,8,4,3,4,6,2,6,8,3,6,10,9,4,7,5,2,3,5,10,1,3,2,3,6,9,6,6,9,8,Dentist
991,5,1,1,3,3,4,3,3,7,5,7,3,3,9,6,6,7,7,7,6,4,3,2,7,3,7,2,6,3,6,7,7,Law
992,4,5,7,5,6,1,5,3,8,3,8,5,6,7,8,5,5,10,7,7,7,5,3,5,6,4,8,7,5,5,7,10,Teaching / Professor
993,6,1,1,1,4,10,7,6,4,3,9,10,3,4,5,5,6,4,3,5,5,1,8,5,3,5,4,8,8,6,4,5,CA / Accounting
994,4,4,3,4,4,2,6,5,10,5,7,5,7,7,6,9,7,6,6,7,4,1,4,5,8,10,5,7,10,6,9,8,Civil Services
995,3,5,3,6,1,3,4,3,3,8,6,1,5,7,6,6,7,10,5,6,4,5,3,6,7,3,8,8,4,4,6,9,Psychology
996,5,5,6,3,8,3,6,10,8,6,6,9,5,9,8,9,7,10,7,10,6,1,7,9,4,7,4,5,8,10,10,6,Business / Management
997,6,6,9,9,3,3,5,7,3,8,8,5,7,8,9,9,2,9,6,5,6,10,2,5,3,4,6,10,9,4,8,9,MBBS / Doctor
998,5,6,6,2,6,4,5,9,3,6,5,6,2,9,7,8,9,5,4,7,8,4,8,4,6,3,4,6,9,6,10,8,Business / Management
999,7,6,6,7,5,1,1,2,1,7,8,7,9,7,9,5,3,8,7,4,4,8,3,5,8,3,7,7,9,4,8,10,MBBS / Doctor
1000,6,2,3,2,2,1,5,5,6,7,9,4,6,6,8,8,9,7,6,8,5,4,3,10,7,9,8,6,10,4,8,8,Civil Services
1001,4,2,3,5,3,1,8,6,9,4,10,5,5,8,8,10,7,5,7,6,2,1,5,8,10,9,7,8,9,3,8,9,Civil Services
1002,4,3,2,3,7,4,6,9,4,5,7,4,3,9,8,10,10,7,2,7,8,4,7,3,3,5,3,7,7,5,8,8,Business / Management
1003,4,1,5,3,6,3,6,10,7,6,8,6,4,9,7,8,5,5,8,10,6,1,6,6,6,10,6,9,5,5,5,7,Law
1004,3,5,9,7,4,4,6,4,5,5,5,3,7,8,6,7,5,7,8,4,7,10,1,7,3,5,7,7,6,4,9,8,MBBS / Doctor
1005,6,4,10,10,2,3,5,6,1,7,5,3,6,8,4,4,4,7,9,2,4,6,2,4,3,1,6,8,5,6,7,6,Pharmacy
1006,4,5,7,10,6,3,6,9,5,8,8,7,7,5,5,6,8,9,7,7,7,8,4,7,8,4,10,9,10,4,10,9,MBBS / Doctor
1007,4,3,6,2,7,1,1,3,5,5,5,7,6,6,7,9,6,7,6,9,5,1,3,6,3,5,10,10,7,3,7,9,Teaching / Professor
1008,6,5,5,3,4,5,4,5,8,9,8,6,2,10,10,7,9,9,6,10,5,1,6,8,5,10,6,10,8,5,7,10,Law
1009,2,5,2,5,4,2,5,4,9,10,7,4,3,10,8,6,9,10,7,7,1,6,2,9,1,4,8,7,5,2,6,8,Psychology
1010,4,4,9,10,6,7,4,3,4,4,5,5,10,7,8,6,6,7,9,2,6,8,1,4,3,3,9,10,7,5,6,5,Pharmacy
1011,3,5,8,9,3,2,1,4,3,4,7,5,8,9,8,4,7,7,8,6,4,8,4,3,2,2,4,7,9,4,6,8,Dentist
1012,5,6,4,3,8,7,9,10,3,9,5,8,9,9,10,10,9,10,4,7,8,7,7,7,7,7,8,9,9,8,10,9,Business / Management
1013,4,4,7,7,6,6,4,3,2,5,7,5,6,7,5,4,6,6,5,4,6,8,4,2,2,3,5,6,7,3,5,6,Pharmacy
1014,1,3,4,4,2,4,7,6,8,5,7,2,1,6,10,9,9,5,5,9,7,1,2,8,3,6,5,5,6,5,7,7,Journalism / Media
1015,3,3,8,9,4,6,1,4,3,5,7,5,10,6,8,3,4,6,9,5,7,8,4,2,4,3,4,7,9,4,9,6,Pharmacy
1016,7,4,1,1,4,10,8,8,3,4,10,9,1,8,8,8,4,3,5,4,7,1,10,3,4,3,3,6,5,3,7,6,CA / Accounting
1017,1,1,1,2,2,4,5,3,10,7,6,3,1,5,10,7,8,8,5,8,6,3,5,9,6,7,5,6,6,7,4,9,Journalism / Media
1018,4,4,7,9,5,1,4,5,3,3,6,3,6,8,7,4,6,4,7,4,6,7,4,2,5,1,5,5,5,1,4,7,Pharmacy
1019,2,2,2,6,7,3,3,3,7,7,6,2,5,6,10,7,10,5,7,5,6,4,3,8,5,6,3,2,9,6,8,9,Journalism / Media
1020,4,4,9,8,6,3,4,7,3,5,9,4,7,8,7,6,5,6,8,5,6,7,6,5,2,2,4,10,4,8,7,5,Pharmacy
1021,4,3,8,8,4,1,6,2,2,3,7,5,6,6,5,5,8,7,5,4,5,9,2,3,2,1,4,5,7,3,7,6,Dentist
1022,9,5,1,2,5,7,9,8,5,5,9,8,6,9,7,8,4,5,6,3,10,1,9,4,5,5,6,7,8,4,6,7,Finance / Banking
1023,3,1,5,2,5,5,5,7,6,4,5,3,7,5,9,3,10,4,5,10,5,1,3,8,4,7,4,4,5,6,7,7,Journalism / Media
1024,5,3,8,4,1,3,1,2,3,4,7,3,9,6,7,4,5,4,10,3,5,9,2,7,4,1,5,8,7,2,6,7,Pharmacy
1025,6,5,1,4,6,8,7,6,4,7,6,8,3,5,4,5,4,7,6,3,8,1,9,4,7,4,2,8,9,8,6,7,Finance / Banking
1026,7,3,4,4,7,5,9,7,4,3,8,7,10,10,9,9,8,7,5,4,8,3,10,5,3,6,5,6,6,8,8,9,Business / Management
1027,6,4,5,8,6,4,4,7,3,7,5,7,10,9,5,8,4,9,4,6,5,8,3,5,4,5,9,9,5,2,8,10,MBBS / Doctor
1028,8,10,7,5,10,7,7,7,7,5,8,10,9,10,6,8,7,6,7,5,9,1,3,7,6,4,7,7,9,7,8,7,Engineering
1029,7,5,4,3,6,7,7,8,3,9,6,4,5,8,9,10,6,5,3,8,7,2,7,3,3,3,5,6,6,8,10,7,Business / Management
1030,7,5,8,2,9,3,5,6,4,3,9,6,7,6,4,6,7,2,7,3,10,2,2,4,2,5,5,6,7,5,5,6,Engineering
1031,3,6,6,8,2,4,1,5,3,5,8,4,7,8,7,6,7,7,6,5,6,9,4,2,5,4,3,8,8,3,8,6,Dentist
1032,9,5,7,6,8,4,5,5,2,5,6,5,7,8,6,5,10,5,7,5,10,4,5,6,1,1,5,7,8,7,8,4,Engineering
1033,5,2,5,5,3,1,4,5,5,10,7,8,8,8,10,10,8,10,7,5,3,6,3,9,6,6,10,6,7,5,7,8,Psychology
1034,10,4,2,3,7,9,10,10,5,3,8,10,6,9,6,6,5,5,5,4,7,3,10,3,5,7,5,8,6,8,7,9,Finance / Banking
1035,3,2,3,4,4,2,4,5,3,9,6,3,6,7,8,5,5,8,6,4,4,6,3,8,5,6,7,5,6,5,6,6,Psychology
1036,4,3,4,7,2,1,3,3,4,9,5,7,5,7,10,7,7,8,7,8,3,7,4,9,4,7,7,10,7,4,8,10,Psychology
1037,8,10,6,5,10,3,5,5,2,3,7,8,6,8,7,6,6,3,7,5,6,2,3,5,4,4,5,6,5,5,6,5,Engineering
1038,4,2,3,4,4,6,4,4,6,6,6,5,5,8,9,4,6,10,8,7,6,3,7,8,4,6,6,8,8,5,7,10,Journalism / Media
1039,2,3,3,3,2,4,5,2,4,10,6,4,6,5,7,6,7,9,7,5,6,5,1,4,3,6,8,8,10,2,8,8,Psychology
1040,2,4,1,4,4,4,3,5,9,5,7,7,3,9,6,7,5,5,9,9,4,2,3,6,7,9,4,4,7,9,8,7,Law
1041,5,4,5,7,1,1,1,5,1,4,8,7,6,9,9,4,7,7,5,5,6,10,3,5,1,2,2,10,10,2,6,6,Dentist
1042,4,5,8,7,4,2,1,3,6,8,8,6,9,7,9,5,6,7,5,6,8,10,2,4,5,5,3,8,6,4,6,5,MBBS / Doctor
1043,3,5,5,7,7,2,3,5,7,7,9,4,9,8,8,8,4,7,6,4,6,10,3,5,7,4,6,9,9,5,7,10,MBBS / Doctor
1044,4,5,7,7,5,3,3,4,6,4,8,6,9,10,7,5,9,6,4,5,3,8,3,3,2,3,7,7,8,4,7,7,Dentist
1045,2,2,1,3,5,5,5,5,7,6,9,4,4,4,10,7,10,6,6,9,3,3,5,10,5,8,5,6,8,7,10,9,Journalism / Media
1046,9,10,7,4,10,2,6,6,4,6,8,10,5,10,6,9,8,8,8,6,10,6,6,2,4,7,4,9,9,6,5,6,Engineering
1047,3,6,7,9,5,2,4,5,3,4,6,5,5,7,5,8,8,9,5,2,5,10,3,4,3,3,5,9,7,4,7,9,Dentist
1048,3,5,5,3,4,4,7,8,6,7,7,3,3,7,7,9,8,3,6,7,7,4,6,7,4,7,4,8,6,10,7,10,Business / Management
1049,6,5,7,8,4,4,5,5,3,3,6,5,9,7,8,6,8,4,9,5,4,9,3,3,2,2,4,9,9,2,8,6,Pharmacy
1050,3,3,3,5,3,5,7,5,7,6,6,5,3,9,7,10,7,8,7,10,3,5,5,8,7,10,5,7,6,8,6,10,Law
1051,4,1,4,4,5,4,3,3,6,6,7,5,5,6,10,6,8,8,7,7,5,3,4,8,5,10,5,6,8,7,9,9,Journalism / Media
1052,7,2,2,3,4,5,6,5,1,3,10,9,4,7,4,9,4,5,1,4,6,1,6,4,5,6,6,8,9,9,5,6,Finance / Banking
1053,7,5,2,2,6,5,9,10,7,5,9,7,3,5,8,7,7,5,5,9,7,2,4,6,4,4,7,4,7,8,8,10,Business / Management
1054,10,3,2,3,7,8,8,8,5,4,10,9,3,9,4,5,5,3,6,6,10,1,10,6,4,6,4,9,6,4,7,7,Finance / Banking
1055,4,4,5,1,5,4,5,5,8,4,3,5,3,7,6,9,5,6,6,9,5,4,4,10,10,8,4,7,8,4,9,7,Civil Services
1056,8,5,3,10,4,1,7,3,5,8,9,5,7,9,7,7,6,6,9,10,6,4,2,6,5,8,7,7,6,4,10,9,Teaching / Professor
1057,6,3,4,1,2,5,9,8,4,5,7,8,4,9,7,5,5,6,4,3,6,3,7,4,1,3,3,9,8,5,6,5,Finance / Banking
1058,2,5,1,4,5,4,6,6,7,6,5,3,1,6,10,7,7,7,7,6,8,3,5,8,4,6,5,7,9,6,10,10,Journalism / Media
1059,4,3,4,2,5,3,6,6,7,3,7,5,2,7,7,6,5,9,3,3,4,4,4,5,9,5,5,9,7,3,8,7,Civil Services
1060,2,4,4,4,5,4,5,6,4,8,4,5,2,6,10,9,9,8,7,10,8,2,4,8,3,8,5,7,7,9,9,10,Journalism / Media
1061,4,5,7,8,4,2,2,1,2,5,5,4,10,7,7,5,7,10,5,6,8,7,3,2,4,3,3,10,7,2,8,9,MBBS / Doctor
1062,2,3,1,8,3,3,2,3,7,10,6,2,5,3,9,4,7,8,8,6,3,8,3,6,5,3,6,6,4,2,5,9,Psychology
1063,9,2,3,1,4,8,8,7,5,4,8,10,3,6,4,8,4,4,3,1,8,1,8,3,3,4,5,10,7,4,5,6,CA / Accounting
1064,6,5,8,8,6,6,3,5,3,6,7,1,9,8,8,6,9,6,7,5,3,7,3,4,4,3,6,10,6,1,5,9,Dentist
1065,7,7,4,7,9,2,5,3,6,3,9,9,7,8,6,6,6,4,8,4,7,2,5,5,4,3,5,6,6,8,8,4,Engineering
1066,3,5,4,8,2,3,1,6,2,4,6,6,8,7,8,6,7,7,5,4,5,10,1,3,4,3,4,9,6,1,5,7,Dentist
1067,7,6,2,4,4,6,4,7,4,3,8,9,1,7,8,5,2,5,4,4,6,2,7,5,3,5,4,4,7,5,7,6,Finance / Banking
1068,8,4,5,1,4,6,6,4,4,3,6,6,1,6,7,7,5,1,3,3,4,1,7,2,2,3,1,8,7,2,7,4,CA / Accounting
1069,2,4,9,8,5,2,3,3,1,3,6,1,6,5,3,4,1,5,6,3,6,8,1,1,1,6,1,6,7,3,5,7,Pharmacy
1070,4,3,3,3,5,3,8,6,6,4,10,5,5,8,8,7,5,6,9,6,5,2,4,8,5,6,5,6,7,5,10,6,Civil Services
1071,10,3,3,4,5,7,8,10,4,5,7,7,5,8,8,5,5,3,4,3,7,4,8,3,4,4,5,5,4,7,10,6,Finance / Banking
1072,5,4,3,1,7,2,4,2,6,7,6,8,6,7,10,8,8,10,9,8,7,2,3,9,4,6,8,7,6,6,8,8,Teaching / Professor
1073,8,5,10,9,7,4,3,2,3,5,9,8,9,10,7,6,6,7,8,4,7,10,4,4,3,3,7,8,9,3,8,7,Pharmacy
1074,3,3,6,7,5,2,3,2,5,5,6,5,6,8,8,6,6,6,7,9,6,2,3,7,5,4,7,5,8,7,8,7,Teaching / Professor
1075,8,3,3,4,6,9,8,9,5,4,7,10,3,6,8,6,2,5,7,4,7,3,9,4,6,5,5,5,8,6,8,5,Finance / Banking
1076,5,3,4,7,3,7,5,3,4,7,6,4,5,9,10,6,7,10,7,9,1,6,3,10,4,5,4,7,7,4,7,7,Psychology
1077,7,3,3,3,3,9,5,8,6,3,8,10,5,7,5,6,6,4,6,5,7,2,9,6,3,5,5,9,6,4,5,7,CA / Accounting
1078,5,3,3,5,6,2,2,4,9,4,5,1,1,10,10,9,9,8,6,10,5,2,2,6,7,8,5,5,8,7,7,10,Journalism / Media
1079,4,4,3,6,5,3,7,6,9,6,10,3,4,9,10,6,9,6,5,9,7,3,6,9,8,8,4,10,9,7,10,10,Civil Services
1080,3,3,5,3,5,2,5,7,8,4,6,3,5,7,5,4,7,3,4,9,6,4,2,8,8,8,5,9,8,3,6,7,Law
1081,1,1,4,5,3,1,6,5,6,6,3,3,1,10,10,5,8,7,6,8,4,1,4,7,5,7,3,5,8,7,7,8,Journalism / Media
1082,3,2,2,2,7,3,3,5,8,8,7,6,2,9,9,4,10,5,5,9,4,3,2,10,5,6,6,3,8,6,9,10,Journalism / Media
1083,4,5,10,8,3,3,1,3,2,5,5,4,9,8,4,4,5,6,8,4,5,9,4,5,2,1,4,8,7,1,5,4,Pharmacy
1084,4,5,5,4,7,4,7,8,6,6,7,6,2,10,5,10,8,6,5,6,8,1,8,4,4,5,5,7,8,10,10,9,Business / Management
1085,4,4,2,5,5,6,4,4,10,8,6,9,6,9,7,10,8,6,3,10,7,3,2,10,9,6,3,10,10,7,9,8,Civil Services
1086,4,4,3,2,5,4,3,10,6,4,6,2,4,6,9,6,8,7,6,9,8,5,2,5,7,9,4,7,6,6,7,10,Journalism / Media
1087,4,3,2,5,1,2,3,2,5,8,8,6,2,6,8,6,7,8,8,7,5,5,1,9,4,3,6,5,6,2,4,6,Psychology
1088,5,5,6,9,6,3,3,1,1,6,6,6,6,10,6,8,3,9,5,5,7,10,1,4,2,1,5,7,5,4,8,8,MBBS / Doctor
1089,6,7,6,10,4,4,3,3,4,4,9,5,10,10,6,6,3,10,7,6,5,8,4,8,7,3,7,10,8,7,10,10,MBBS / Doctor
1090,7,6,5,10,7,4,1,4,6,5,10,2,9,9,8,7,4,7,7,3,7,9,3,6,10,6,5,10,4,4,8,8,MBBS / Doctor
1091,4,5,5,3,2,4,7,5,8,5,7,3,3,9,7,7,8,6,5,6,4,1,4,6,6,6,5,10,8,4,4,9,Civil Services
1092,6,2,4,3,4,6,7,6,8,8,10,3,3,8,8,7,7,8,6,8,5,3,5,9,7,9,6,6,8,7,6,10,Law
1093,6,6,4,2,3,5,7,6,7,5,9,6,5,9,7,9,6,6,5,8,4,2,4,7,10,8,6,6,7,3,6,10,Civil Services
1094,5,4,4,5,3,5,3,6,10,6,8,4,2,10,7,6,5,9,6,10,6,4,5,8,9,10,5,10,8,3,7,8,Law
1095,5,5,7,10,8,3,5,3,3,5,6,5,10,10,7,6,6,8,7,5,5,10,2,4,4,4,4,8,9,7,7,9,MBBS / Doctor
1096,8,9,5,5,7,1,4,4,3,2,9,7,9,8,6,6,5,5,9,5,9,4,4,4,4,4,2,7,6,5,8,4,Engineering
1097,3,1,2,2,4,1,5,4,8,5,10,3,2,7,6,4,6,6,6,8,3,3,4,6,7,9,7,6,9,6,5,7,Law
1098,4,4,5,6,3,2,5,4,3,10,5,4,6,10,10,5,8,10,6,8,2,10,1,8,6,6,7,9,7,6,7,9,Psychology
1099,5,6,6,10,4,1,7,6,4,5,8,4,7,8,7,6,6,7,5,4,5,10,4,1,3,5,7,8,7,5,5,7,Dentist
1100,6,3,4,4,8,7,8,8,3,4,10,9,5,7,7,7,3,5,4,6,6,2,8,4,5,5,8,8,6,4,7,4,CA / Accounting
1101,2,4,5,2,5,4,4,7,8,6,7,5,4,7,9,8,6,5,7,7,6,1,3,8,8,6,4,8,6,3,10,8,Civil Services
1102,4,2,4,3,3,1,6,4,6,4,6,5,2,8,7,9,2,5,5,7,2,1,3,7,5,5,3,9,7,3,8,6,Civil Services
1103,6,3,10,7,1,1,1,7,4,2,8,7,10,8,6,4,6,6,5,3,5,6,3,3,1,5,6,7,8,6,5,8,Pharmacy
1104,4,3,3,3,8,2,5,5,8,5,5,2,4,7,10,7,10,8,7,9,6,4,5,9,5,7,7,4,8,7,8,8,Journalism / Media
1105,6,5,8,9,4,3,7,4,3,6,10,4,8,8,5,5,8,5,7,6,5,9,1,5,4,1,5,9,6,3,8,6,Pharmacy
1106,6,6,1,4,2,6,5,9,5,7,8,6,4,8,6,8,7,4,2,5,2,2,7,1,4,4,3,5,9,6,8,9,Business / Management
1107,5,4,8,8,7,2,3,5,5,4,6,4,9,6,4,4,5,4,9,5,5,9,3,6,2,1,3,8,8,5,9,5,Pharmacy
1108,6,3,1,3,5,8,9,7,3,5,7,8,2,8,6,10,3,4,4,4,7,2,10,3,7,4,1,7,10,2,7,5,CA / Accounting
1109,3,3,4,4,2,2,8,4,8,4,6,2,6,5,9,9,7,5,4,9,4,2,5,6,10,7,5,7,7,4,7,8,Civil Services
1110,3,2,5,6,4,3,5,1,4,10,5,6,7,6,8,5,10,10,7,5,6,8,3,9,4,2,7,6,4,5,7,6,Psychology
1111,5,3,10,8,6,2,1,5,6,4,7,6,9,9,5,4,4,7,9,4,6,8,5,6,3,2,3,9,5,3,6,8,Pharmacy
1112,4,5,4,2,4,8,7,8,3,7,9,7,4,9,7,9,8,6,2,10,9,1,8,3,4,2,5,5,9,10,10,10,Business / Management
1113,3,6,8,10,5,3,4,4,5,7,8,5,10,9,7,7,6,7,6,7,7,10,1,7,8,5,7,8,8,4,8,10,MBBS / Doctor
1114,4,5,5,4,1,2,4,5,8,6,6,5,5,10,9,8,8,8,5,9,5,2,5,7,6,6,5,8,9,6,7,9,Civil Services
1115,7,6,6,4,7,4,8,10,4,7,8,6,7,8,9,7,10,6,7,6,8,1,9,6,5,5,4,6,9,10,10,8,Business / Management
1116,10,8,4,6,9,1,5,9,4,4,7,10,9,10,7,8,6,5,7,7,9,3,4,2,1,5,5,7,8,9,8,9,Engineering
1117,7,4,2,3,4,6,7,6,3,5,7,9,3,6,4,8,4,3,2,3,5,1,10,3,1,3,5,6,10,4,9,3,CA / Accounting
1118,4,4,7,7,4,2,4,6,7,6,6,5,8,9,8,4,9,9,6,6,6,8,4,4,3,3,5,9,9,2,8,10,Dentist
1119,6,5,5,7,4,3,3,3,6,5,5,5,5,7,8,6,7,6,7,4,8,6,3,4,5,2,10,9,5,1,3,8,Teaching / Professor
1120,6,4,7,10,4,3,2,5,1,6,7,6,7,7,7,5,6,5,8,3,3,7,3,3,3,3,5,7,8,2,6,4,Pharmacy
1121,2,1,7,6,1,2,1,2,2,4,3,3,6,4,6,4,3,4,9,1,2,8,1,3,1,1,3,4,8,3,5,3,Pharmacy
1122,4,3,4,5,5,6,4,4,9,7,7,5,4,7,10,5,8,6,9,9,5,2,4,7,6,5,8,8,5,4,6,7,Teaching / Professor
1123,3,2,8,8,1,1,5,6,3,5,6,4,8,5,3,4,3,4,7,1,7,6,2,4,4,4,5,6,5,1,7,4,Pharmacy
1124,8,6,5,4,6,2,4,6,1,4,7,9,7,10,7,5,7,4,7,3,7,4,6,1,6,4,2,2,5,6,7,7,Engineering
1125,3,5,9,10,6,4,4,4,5,4,4,4,7,8,6,4,6,6,6,4,6,7,2,5,2,3,3,9,8,4,10,8,Dentist
1126,4,3,3,4,5,2,5,6,8,5,6,2,2,5,7,8,6,5,6,6,5,2,3,8,1,9,4,6,6,6,6,9,Law
1127,5,5,1,4,4,5,7,9,6,7,9,5,6,9,7,9,8,8,6,7,6,4,9,5,5,7,5,6,8,7,10,8,Business / Management
1128,4,5,2,7,3,6,5,1,4,9,5,4,5,4,8,6,5,9,8,5,4,7,1,6,5,3,9,5,4,5,8,8,Psychology
1129,3,3,2,2,5,4,7,9,7,5,5,5,5,9,9,7,9,5,2,6,8,3,5,2,1,3,4,4,6,9,10,10,Business / Management
1130,7,1,9,8,4,2,3,6,2,7,6,3,8,7,5,3,6,7,8,2,4,8,1,2,3,1,6,8,9,2,6,7,Pharmacy
1131,6,3,5,5,5,2,7,7,10,4,5,6,5,7,9,7,5,7,4,7,4,3,3,7,7,9,4,9,8,4,7,7,Civil Services
1132,6,5,4,8,3,2,7,5,6,8,5,7,3,9,10,6,9,10,10,10,3,8,2,9,5,6,10,6,9,2,8,10,Psychology
1133,4,2,1,3,4,10,6,6,1,2,9,10,2,8,7,4,5,4,5,3,2,2,9,3,2,6,4,5,9,5,7,5,CA / Accounting
1134,5,5,4,8,6,5,1,5,1,8,7,4,9,7,8,6,1,7,7,7,6,10,1,6,6,1,8,10,8,4,7,9,MBBS / Doctor
1135,4,2,3,1,7,3,6,4,6,5,5,4,2,6,8,4,7,5,6,10,6,3,2,6,5,6,2,7,9,6,8,6,Journalism / Media
1136,4,2,2,4,6,2,3,3,6,3,8,5,3,8,6,6,8,4,5,6,1,4,7,8,9,8,8,8,7,3,7,10,Civil Services
1137,3,2,3,4,3,2,6,5,8,7,6,2,4,6,7,5,5,6,5,9,4,3,4,8,5,6,7,6,4,8,10,9,Journalism / Media
1138,6,4,7,9,5,3,1,4,3,6,8,1,10,7,6,5,3,8,4,7,6,9,1,2,4,3,7,4,6,5,7,7,MBBS / Doctor
1139,3,6,8,9,7,5,5,2,5,6,6,3,8,9,9,7,6,7,6,3,6,9,5,5,6,2,9,10,9,4,7,7,MBBS / Doctor
1140,3,4,1,6,8,4,6,6,8,5,7,5,2,9,9,9,5,5,7,9,6,4,3,8,6,10,6,8,8,6,7,8,Law
1141,4,9,6,3,5,1,4,7,2,5,7,7,8,7,4,8,7,6,5,7,9,4,4,3,3,3,6,6,4,4,4,6,Engineering
1142,4,3,10,4,3,1,5,6,3,4,6,6,6,8,8,4,5,5,7,1,5,7,1,3,4,3,5,8,7,4,8,6,Pharmacy
1143,5,7,7,9,2,1,5,2,5,5,7,8,10,5,10,5,8,7,5,5,5,9,3,6,7,4,7,8,8,4,6,10,MBBS / Doctor
1144,7,4,1,4,5,7,6,7,1,1,6,8,2,7,8,6,1,4,5,4,7,2,7,5,3,3,4,4,8,5,9,8,Finance / Banking
1145,4,3,6,5,6,1,8,10,5,6,7,6,3,7,9,9,9,4,2,7,6,3,6,7,3,8,6,5,10,9,9,9,Business / Management
1146,6,4,4,3,8,6,6,3,4,4,8,8,8,8,7,4,7,9,7,7,9,4,4,4,3,4,4,8,8,7,7,7,Engineering
1147,4,2,6,3,5,2,3,4,3,6,5,5,4,7,9,6,6,6,7,9,5,5,2,8,1,4,8,8,7,7,7,9,Teaching / Professor
1148,6,1,1,2,7,5,5,5,2,7,8,9,5,6,6,6,5,4,6,6,6,3,9,7,5,4,3,5,7,4,9,3,Finance / Banking
1149,5,8,8,7,5,3,6,4,4,9,6,7,9,8,7,9,7,9,8,6,4,7,5,6,5,6,5,6,6,4,9,10,MBBS / Doctor
1150,9,9,6,5,8,3,4,5,4,8,10,8,6,7,8,7,8,3,8,6,7,3,5,5,4,4,5,7,9,3,7,6,Engineering
1151,2,5,1,5,6,4,3,8,5,5,6,4,4,7,9,8,5,6,5,9,8,1,9,3,4,6,7,8,9,7,9,9,Business / Management
1152,1,3,4,3,2,2,4,7,6,6,10,4,3,7,6,7,5,7,7,8,4,3,3,4,5,9,3,9,5,6,7,6,Law
1153,3,1,3,3,4,6,7,4,10,7,8,5,4,9,10,9,6,8,7,5,5,1,5,7,10,10,5,10,8,5,6,6,Civil Services
1154,5,7,5,4,3,1,4,2,7,5,8,4,4,5,9,8,7,5,7,7,2,3,4,8,5,2,7,9,4,4,6,7,Teaching / Professor
1155,5,1,3,5,3,7,3,3,6,9,5,5,5,7,10,7,6,10,7,5,2,5,4,3,2,5,5,8,5,2,5,8,Psychology
1156,7,6,6,1,7,1,6,4,3,4,7,7,7,8,5,4,5,5,7,3,9,4,5,5,5,7,4,5,4,9,9,4,Engineering
1157,4,2,1,2,8,3,4,5,7,4,6,2,6,7,9,6,8,10,6,7,5,3,4,8,4,7,4,4,5,5,6,8,Journalism / Media
1158,3,5,5,7,6,2,5,7,7,5,6,3,4,9,10,6,7,9,7,10,9,2,4,8,3,5,5,5,5,9,7,10,Journalism / Media
1159,7,4,3,4,7,8,5,6,1,2,9,7,5,6,6,6,7,6,4,3,7,5,9,2,3,3,4,5,8,5,9,7,Finance / Banking
1160,6,5,1,5,4,7,6,7,8,3,6,5,4,9,8,10,9,4,5,7,6,6,8,6,5,4,6,6,7,6,9,9,Business / Management
1161,10,3,2,4,6,9,9,10,3,6,8,10,5,9,8,7,5,6,7,5,6,3,10,2,5,3,2,8,6,9,9,7,Finance / Banking
1162,4,4,3,4,7,7,6,9,6,5,7,7,5,10,9,9,7,7,5,6,8,5,7,5,4,3,9,6,7,7,9,8,Business / Management
1163,2,1,1,1,6,3,4,4,8,3,7,4,1,5,9,4,10,7,4,7,4,5,1,8,5,8,4,5,7,5,10,10,Journalism / Media
1164,5,4,8,6,3,1,1,2,4,4,5,4,9,7,8,4,8,6,4,3,6,10,1,4,1,2,5,6,8,3,6,6,Dentist
1165,4,4,5,8,5,2,2,3,3,2,8,4,5,8,4,6,10,7,6,5,5,10,1,1,3,2,5,10,8,4,6,10,Dentist
1166,2,6,7,7,2,1,2,4,5,5,7,3,6,5,7,6,3,8,5,4,4,10,2,4,3,1,2,7,6,4,6,6,MBBS / Doctor
1167,9,3,5,2,4,6,7,7,6,4,7,8,4,8,7,5,8,4,4,6,8,1,10,3,4,4,7,8,8,7,5,7,Finance / Banking
1168,8,5,5,6,4,3,3,5,5,6,6,6,8,6,8,7,7,9,4,7,5,4,2,5,4,4,10,9,6,4,5,7,Teaching / Professor
1169,4,6,5,5,5,4,6,5,10,6,8,7,6,5,4,10,8,6,8,7,4,5,3,8,9,9,4,7,7,4,9,7,Civil Services
1170,8,1,5,2,8,9,7,8,1,2,7,9,4,7,8,2,7,3,5,5,4,4,10,6,4,5,3,7,7,5,7,4,CA / Accounting
1171,6,5,6,6,4,2,6,5,7,5,9,5,10,7,9,8,6,7,6,8,3,5,4,5,5,6,10,7,7,2,9,8,Teaching / Professor
1172,3,5,5,6,6,1,1,4,1,8,9,4,8,8,7,5,7,5,4,7,8,9,3,4,1,2,4,8,7,1,6,5,Dentist
1173,10,10,7,5,9,2,3,4,4,2,8,8,7,8,6,9,9,5,7,6,8,3,6,4,3,5,6,5,8,8,8,10,Engineering
1174,4,2,3,5,4,1,5,4,9,3,5,4,5,7,9,7,4,6,8,9,6,3,7,8,4,8,7,7,7,6,7,8,Law
1175,6,3,4,5,6,8,6,8,2,1,9,8,5,8,4,6,3,6,4,3,3,3,8,3,4,2,1,6,5,6,5,4,Finance / Banking
1176,8,7,4,8,5,3,5,7,4,6,8,6,7,9,7,6,10,7,8,8,3,3,2,8,4,7,9,10,8,4,9,9,Teaching / Professor
1177,4,7,6,9,4,4,4,3,4,5,7,5,8,8,7,5,7,8,5,7,3,8,3,6,2,4,7,8,8,7,9,8,Dentist
1178,3,3,1,6,5,5,4,9,8,6,9,4,3,10,10,8,6,6,7,9,6,1,5,10,7,10,4,9,7,3,10,9,Law
1179,9,6,7,2,8,4,4,4,5,3,6,5,8,9,7,5,5,1,10,5,8,3,1,3,6,4,3,5,6,6,10,5,Engineering
1180,4,2,5,3,6,2,5,7,9,10,9,5,3,9,10,7,4,7,8,8,7,4,5,7,5,10,6,7,5,6,8,8,Law
1181,7,2,3,3,6,10,8,5,4,3,6,9,2,6,4,6,4,3,5,4,6,2,10,2,7,2,6,8,10,5,7,3,CA / Accounting
1182,4,5,4,5,3,5,4,2,4,10,6,3,5,9,9,5,6,8,9,4,2,7,5,9,5,3,10,9,6,4,6,6,Psychology
1183,1,2,6,8,5,3,6,2,1,4,9,4,9,7,6,3,4,7,7,6,8,8,2,4,3,3,6,10,6,3,6,8,MBBS / Doctor
1184,8,2,4,4,6,5,8,9,4,5,7,6,4,8,6,7,9,3,6,6,9,5,7,5,6,7,6,8,6,8,7,7,Business / Management
1185,3,4,4,3,4,5,8,3,9,5,9,6,5,8,7,10,4,10,5,6,5,1,5,9,9,9,4,8,10,8,8,6,Civil Services
1186,4,4,7,9,6,1,4,4,4,8,5,5,8,6,9,6,6,10,6,5,5,7,1,4,4,5,7,8,7,6,5,7,MBBS / Doctor
1187,3,5,10,9,6,4,1,3,4,3,5,7,10,3,4,4,3,7,5,4,5,10,2,1,3,1,6,7,8,4,7,3,Pharmacy
1188,6,6,9,9,3,5,2,3,3,6,8,4,7,10,5,5,9,5,5,4,4,7,3,7,2,3,4,9,8,4,4,10,Dentist
1189,6,1,5,5,3,3,4,2,3,8,4,3,5,4,6,5,5,6,5,4,6,6,2,7,2,3,7,8,4,2,8,7,Psychology
1190,5,4,6,3,7,4,10,10,5,6,7,6,5,8,6,9,8,7,5,7,8,4,9,6,4,6,2,9,8,10,7,7,Business / Management
1191,5,5,3,1,9,2,4,7,8,6,8,1,4,8,10,7,8,6,8,8,4,3,5,9,4,7,3,7,7,10,6,7,Journalism / Media
1192,1,2,8,7,2,4,1,3,2,7,7,5,10,7,6,3,6,3,6,5,4,8,5,2,2,1,5,8,6,2,7,4,Pharmacy
1193,8,1,2,2,6,8,10,5,5,7,7,8,4,7,6,8,8,4,8,4,8,1,8,4,5,4,2,5,5,7,7,7,Finance / Banking
1194,3,2,5,2,1,1,2,2,7,10,8,3,3,8,8,5,7,10,9,6,4,9,2,6,3,3,6,9,6,3,6,7,Psychology
1195,3,2,1,3,4,4,4,8,7,6,8,6,1,6,7,9,6,8,9,8,7,2,5,8,8,10,5,7,7,6,9,10,Law
1196,4,1,9,8,1,3,3,4,4,3,5,4,10,5,6,6,5,5,8,3,4,7,3,5,2,2,6,7,6,1,6,6,Pharmacy
1197,4,2,9,8,6,2,2,3,4,5,5,2,8,5,5,5,3,4,7,7,4,9,1,6,3,3,3,7,9,2,6,6,Pharmacy
1198,6,5,8,9,3,1,4,7,3,5,8,4,10,10,9,6,7,6,5,3,3,9,3,7,1,5,7,8,9,7,6,7,Dentist
1199,4,5,5,2,4,3,5,7,4,8,7,4,5,8,7,8,10,4,2,8,6,5,7,5,5,3,6,6,9,7,9,8,Business / Management
1200,4,3,1,8,4,1,2,7,1,6,10,6,8,10,6,5,6,7,5,6,4,9,1,5,3,3,5,6,7,4,10,8,Dentist
1201,3,2,5,5,6,4,4,7,7,8,6,3,4,7,10,9,3,5,5,10,3,1,3,8,9,7,4,8,9,9,8,9,Law
1202,4,3,2,5,4,4,7,3,6,6,6,5,3,8,5,9,5,6,7,5,1,1,3,8,10,9,5,9,5,5,8,8,Civil Services
1203,4,7,9,8,4,4,4,4,4,5,7,6,9,8,8,3,3,5,8,4,5,9,3,2,2,4,3,10,7,3,7,5,Pharmacy
1204,5,3,6,7,4,2,1,6,1,6,9,6,9,7,5,8,7,6,5,4,5,9,2,5,1,4,3,7,8,2,7,4,Dentist
1205,2,3,3,3,6,6,6,6,8,3,7,4,4,7,9,9,6,7,8,9,5,2,4,6,5,9,6,10,5,4,9,8,Law
1206,7,3,4,1,5,6,8,6,3,3,6,8,3,8,5,6,5,3,5,2,4,3,6,3,4,5,5,8,7,3,8,7,CA / Accounting
1207,4,3,4,5,2,2,4,3,5,10,7,4,6,6,8,6,6,10,7,5,2,5,1,9,5,4,7,5,7,2,5,10,Psychology
1208,2,3,2,2,4,1,4,4,7,3,7,1,2,4,8,6,8,7,5,7,6,1,3,8,4,8,4,7,9,7,6,10,Journalism / Media
1209,8,2,1,4,6,8,7,8,3,5,7,7,3,8,5,9,3,4,7,5,7,4,8,4,2,5,5,7,7,7,7,7,Finance / Banking
1210,3,7,2,3,5,4,7,8,5,4,7,4,6,9,8,8,8,5,5,7,10,1,3,4,2,4,3,5,6,9,8,10,Business / Management
1211,5,1,1,4,4,3,5,5,8,4,5,4,2,5,10,8,8,8,6,8,6,2,4,7,6,6,5,7,6,6,7,8,Journalism / Media
1212,4,7,6,6,6,3,5,3,6,6,7,5,8,6,5,5,5,3,9,1,3,9,3,5,3,5,4,9,9,4,8,6,Pharmacy
1213,4,5,5,6,4,2,1,4,7,8,5,4,7,9,8,7,8,6,8,9,5,6,2,3,4,3,10,10,5,5,8,7,Teaching / Professor
1214,3,2,6,9,3,5,2,3,3,5,8,4,9,10,6,7,10,9,3,4,4,8,1,1,3,1,4,9,8,5,7,8,Dentist
1215,4,3,6,8,3,3,4,4,3,3,6,3,8,7,6,5,6,1,5,4,4,6,2,3,1,2,4,9,6,3,6,8,Dentist
1216,1,1,1,5,1,2,1,3,4,9,6,2,3,9,7,3,9,10,9,6,4,6,3,5,5,4,6,4,5,4,9,7,Psychology
1217,1,3,2,4,2,1,3,1,3,7,4,4,5,5,8,4,9,7,6,6,4,8,3,8,6,5,8,7,3,1,7,8,Psychology
1218,5,6,7,9,3,4,4,4,5,7,7,6,6,8,6,4,8,4,4,5,6,10,2,4,2,3,4,9,7,3,7,10,Dentist
1219,5,3,3,5,5,3,5,5,8,10,5,4,3,7,9,8,7,10,6,7,5,8,3,6,6,3,8,10,6,3,7,10,Psychology
1220,8,6,3,5,4,4,4,6,5,5,10,4,8,6,8,8,8,6,7,6,4,4,2,9,4,4,9,8,6,3,8,8,Teaching / Professor
1221,1,2,2,2,6,1,4,3,7,4,6,2,4,9,9,4,7,9,5,8,3,1,2,7,2,7,3,6,9,6,4,8,Journalism / Media
1222,6,4,4,4,5,2,3,3,6,6,8,7,7,6,10,7,8,8,8,10,6,5,3,6,4,3,10,10,3,4,8,8,Teaching / Professor
1223,3,4,1,2,5,4,7,4,8,6,8,4,3,7,8,5,8,6,5,7,5,5,6,6,5,6,7,5,6,7,9,9,Journalism / Media
1224,5,1,2,4,8,1,4,5,7,6,8,6,2,9,8,7,6,5,5,9,3,3,5,10,7,6,3,7,6,6,5,5,Law
1225,8,6,9,8,4,7,3,3,3,4,7,5,8,7,6,7,4,8,10,5,8,10,2,2,2,4,5,8,8,3,6,4,Pharmacy
1226,1,2,2,6,4,1,3,4,4,8,8,3,3,7,6,6,6,10,7,4,3,6,4,5,5,4,8,6,3,3,9,9,Psychology
1227,10,7,5,5,9,6,6,7,4,4,8,6,8,8,5,7,6,6,6,7,8,5,5,6,4,2,7,7,8,8,6,5,Engineering
1228,3,2,3,5,3,4,5,10,8,7,10,3,3,9,7,7,6,7,9,8,3,6,6,9,4,7,5,9,7,5,6,9,Law
1229,6,7,4,5,5,1,6,5,10,4,7,6,5,9,8,5,8,6,8,7,5,3,4,6,4,6,8,10,10,4,8,6,Teaching / Professor
1230,9,7,7,4,8,4,6,5,4,4,9,8,7,10,4,6,7,4,9,6,10,3,5,3,4,3,5,4,6,9,9,9,Engineering
1231,3,4,4,5,3,2,6,7,7,4,9,5,2,6,7,8,8,8,5,10,7,3,5,9,4,7,5,7,3,6,9,10,Law
1232,5,7,7,10,5,2,4,5,4,5,5,5,8,9,7,6,10,7,1,4,5,10,4,4,3,1,4,10,7,5,8,8,Dentist
1233,2,1,7,7,4,2,3,3,2,6,7,4,8,5,7,4,3,5,5,2,4,7,3,3,3,3,6,8,5,5,9,4,Pharmacy
1234,4,4,6,9,6,2,5,5,4,6,6,1,9,9,8,7,4,8,8,6,7,10,1,6,3,2,6,10,7,2,6,8,MBBS / Doctor
1235,4,1,1,2,5,9,9,6,1,3,5,7,2,7,3,3,4,1,3,4,6,1,10,3,2,7,4,8,6,1,4,7,CA / Accounting
1236,5,7,6,5,6,3,5,5,4,6,7,6,4,5,9,8,8,10,7,8,5,6,2,6,1,7,10,8,6,4,10,7,Teaching / Professor
1237,5,7,2,6,3,1,5,5,1,6,8,5,6,7,5,6,8,7,4,7,5,8,2,5,3,2,6,8,7,2,7,7,Dentist
1238,8,3,3,3,2,10,8,6,3,3,8,9,1,6,7,6,8,4,2,6,7,1,10,4,3,5,3,6,7,5,6,5,CA / Accounting
1239,8,1,2,2,6,9,5,7,4,1,10,10,1,6,6,6,5,4,5,2,5,2,9,5,6,3,4,7,7,2,7,10,CA / Accounting
1240,7,6,7,10,5,4,3,5,5,6,8,8,8,10,10,7,7,8,9,2,8,8,3,4,7,4,6,10,10,5,7,7,MBBS / Doctor
1241,4,4,4,6,5,4,3,3,6,10,7,3,8,7,10,7,5,9,7,6,2,9,4,8,3,3,7,8,4,5,8,8,Psychology
1242,5,5,6,9,5,3,3,2,4,7,5,3,7,8,4,7,5,4,5,5,3,10,3,6,3,4,5,9,8,4,9,8,MBBS / Doctor
1243,3,5,4,1,3,1,5,6,5,1,7,6,5,7,7,8,6,7,5,9,5,1,4,8,10,6,6,9,9,3,9,4,Civil Services
1244,2,3,3,2,7,1,1,4,6,5,8,4,1,6,9,5,5,7,8,10,5,3,5,9,7,5,4,5,5,5,9,10,Journalism / Media
1245,7,1,4,6,4,4,7,6,6,5,8,8,3,10,10,8,6,6,8,5,2,6,3,6,10,6,8,10,8,3,8,7,Civil Services
1246,6,6,6,10,4,3,4,7,4,6,7,3,10,10,7,7,7,9,8,7,7,10,5,4,1,2,4,9,9,4,8,8,Dentist
1247,6,7,7,2,6,2,3,1,3,6,8,7,3,9,6,4,7,5,4,5,10,3,2,4,5,2,5,5,7,5,6,8,Engineering
1248,7,1,4,7,6,5,8,9,4,4,8,3,6,7,8,8,10,6,4,7,7,7,5,7,5,7,6,6,9,8,10,10,Business / Management
1249,8,9,7,6,10,5,5,3,5,6,10,10,10,9,6,4,8,4,7,5,9,3,5,1,4,6,8,8,9,7,7,7,Engineering
1250,7,4,5,6,5,5,3,4,6,8,5,4,6,6,9,9,9,10,5,6,6,6,3,10,5,3,6,8,8,7,6,7,Psychology
1251,4,5,8,8,8,5,3,6,3,6,8,2,9,8,5,5,5,6,7,4,4,9,2,2,6,5,7,9,8,8,4,7,Pharmacy
1252,8,5,7,3,10,2,4,6,5,5,9,7,7,7,7,5,9,4,6,6,9,3,4,6,3,4,5,8,7,9,7,6,Engineering
1253,4,5,4,4,5,3,7,5,9,8,10,3,7,10,8,10,9,6,6,9,5,3,4,8,10,8,5,10,8,6,10,10,Civil Services
1254,6,6,5,10,8,1,2,1,5,6,6,5,8,8,8,6,5,8,7,6,6,7,4,5,4,2,9,10,10,5,8,10,MBBS / Doctor
1255,4,3,2,4,1,2,3,6,5,8,8,5,5,4,7,5,6,10,7,2,3,6,4,5,3,4,5,8,6,4,10,8,Psychology
1256,6,4,10,9,4,2,3,4,3,3,7,5,6,9,2,5,4,4,7,2,6,5,1,3,1,2,5,6,5,1,5,6,Pharmacy
1257,3,4,2,9,5,2,3,5,7,7,10,2,4,9,8,6,8,8,7,7,3,5,5,8,5,3,10,9,5,4,7,9,Psychology
1258,9,10,4,2,7,1,3,3,6,4,8,6,8,10,5,8,8,5,7,5,10,4,5,4,5,3,5,10,3,7,8,6,Engineering
1259,4,5,7,8,3,4,5,2,3,7,6,3,8,10,7,5,5,6,4,5,3,8,3,5,4,2,6,9,9,4,7,8,MBBS / Doctor
1260,4,2,3,3,4,10,8,6,4,4,9,10,3,10,3,4,6,2,6,5,4,4,10,4,5,7,2,10,6,6,7,6,CA / Accounting
1261,1,2,1,1,3,1,5,3,6,5,7,4,5,7,3,8,4,7,4,8,4,1,2,6,4,9,8,7,9,3,7,7,Law
1262,2,1,2,2,3,1,7,3,9,5,7,6,4,6,5,4,8,8,6,7,3,2,3,7,7,3,7,7,8,3,6,5,Civil Services
1263,7,3,1,2,5,10,8,9,4,5,6,9,4,8,6,6,7,2,6,4,5,3,10,2,6,5,3,10,8,5,8,6,CA / Accounting
1264,4,5,6,3,5,2,4,3,1,4,5,4,10,7,4,3,6,4,7,4,7,6,4,3,2,2,4,10,6,4,5,5,Pharmacy
1265,2,3,5,3,4,4,6,4,6,5,8,2,7,5,8,4,8,9,5,9,8,4,2,7,7,6,8,3,6,4,10,9,Journalism / Media
1266,8,4,6,4,7,3,8,7,5,3,7,8,5,6,5,10,10,5,8,7,4,1,8,5,6,3,5,6,7,8,8,9,Business / Management
1267,6,5,10,10,2,1,3,6,4,6,7,5,10,7,8,3,8,7,8,2,5,8,5,4,5,2,5,8,10,6,8,7,Pharmacy
1268,6,3,5,7,6,2,2,3,3,4,8,4,10,6,8,4,9,5,9,5,5,10,1,6,5,3,7,10,9,3,9,7,MBBS / Doctor
1269,2,7,3,8,4,4,5,6,3,4,5,6,4,8,7,5,10,8,4,3,3,7,3,3,6,4,5,6,8,3,7,8,Dentist
1270,3,2,3,5,6,2,6,5,7,3,6,3,2,5,8,6,9,9,6,8,8,4,5,8,5,7,6,4,9,4,8,10,Journalism / Media
1271,4,7,3,7,5,1,6,4,6,6,8,3,7,4,7,7,8,6,8,7,3,2,1,6,5,5,7,9,7,5,6,6,Teaching / Professor
1272,5,5,1,7,7,1,4,5,9,7,9,4,5,9,8,8,8,6,5,9,4,4,3,8,9,10,5,9,8,4,10,9,Civil Services
1273,4,4,4,2,9,6,6,8,7,5,6,8,2,8,8,8,6,6,5,6,5,5,8,4,5,5,7,7,5,7,7,9,Business / Management
1274,3,3,4,6,4,2,4,4,6,8,5,2,4,8,9,6,9,10,10,9,3,6,1,6,2,6,7,8,5,4,4,8,Psychology
1275,7,7,5,4,8,2,4,8,3,4,10,8,5,10,5,7,7,4,9,6,10,4,3,5,6,4,8,8,7,7,7,4,Engineering
1276,6,3,4,3,6,4,7,7,6,8,9,6,4,9,8,9,10,6,5,7,3,1,4,8,10,6,6,6,9,5,6,8,Civil Services
1277,7,10,4,4,8,2,6,7,6,6,6,6,8,9,6,9,8,6,8,5,10,2,3,3,6,5,4,6,9,7,9,6,Engineering
1278,9,7,6,3,9,1,5,4,1,4,7,8,7,10,6,7,8,6,7,5,10,1,7,7,4,2,7,6,8,5,10,4,Engineering
1279,4,5,9,8,4,2,3,3,6,5,6,6,10,6,7,5,2,4,7,3,4,8,4,2,5,4,4,7,8,2,4,3,Pharmacy
1280,6,5,6,9,4,2,5,3,5,5,7,4,7,7,6,8,6,4,9,6,7,9,1,3,7,1,4,8,6,5,9,8,MBBS / Doctor
1281,2,4,2,2,3,1,6,4,8,4,9,5,4,10,7,7,6,6,5,9,7,2,4,6,3,7,3,5,6,4,5,6,Law
1282,5,2,3,7,4,2,1,5,2,6,6,3,10,10,7,7,7,5,4,5,6,10,2,4,1,3,3,9,8,2,7,4,Dentist
1283,5,8,5,6,8,5,4,5,4,6,9,9,8,10,5,7,10,3,8,6,10,5,5,6,3,4,4,10,8,6,8,8,Engineering
1284,6,4,7,9,9,2,5,3,4,5,8,5,9,7,6,3,6,7,9,4,7,10,2,4,4,5,9,7,8,3,7,10,MBBS / Doctor
1285,3,3,4,2,4,3,4,6,10,7,9,4,3,10,7,6,7,6,8,10,5,3,4,6,6,8,5,7,8,7,8,9,Law
1286,3,1,1,5,6,1,5,5,8,2,5,4,4,7,6,7,6,5,5,10,4,4,4,5,6,10,3,9,6,7,7,7,Law
1287,6,4,8,9,2,3,3,4,4,5,9,5,9,8,4,7,6,5,8,5,5,10,5,3,2,5,6,8,7,4,7,7,Pharmacy
1288,8,4,3,1,7,10,4,8,6,5,8,10,3,8,6,6,4,4,7,3,4,7,8,3,3,4,3,8,7,5,3,8,Finance / Banking
1289,6,2,8,9,5,2,3,3,3,4,7,6,9,7,5,6,7,6,8,1,4,6,3,2,8,4,5,7,6,4,10,7,Pharmacy
1290,4,5,10,7,4,3,3,6,2,4,9,6,8,7,6,2,7,6,9,3,5,9,4,6,4,3,5,9,6,4,7,4,Pharmacy
1291,6,6,2,1,2,3,5,5,6,6,5,3,4,6,7,6,7,8,6,9,1,2,3,8,10,6,6,5,9,5,9,7,Civil Services
1292,5,2,2,1,6,9,9,7,6,1,8,9,3,7,6,3,1,2,1,4,4,2,10,3,5,4,4,7,9,2,7,8,CA / Accounting
1293,5,7,4,9,3,4,2,4,3,6,6,4,8,9,7,7,6,7,8,6,4,9,3,5,4,1,4,9,6,4,8,7,MBBS / Doctor
1294,3,5,7,9,5,2,3,4,4,6,10,6,8,10,7,8,8,8,4,6,5,10,4,4,4,3,6,9,9,3,9,8,Dentist
1295,6,2,6,5,5,1,3,3,3,6,8,4,10,6,3,2,5,3,8,4,5,8,3,2,4,3,3,4,8,4,7,3,Pharmacy
1296,6,6,4,5,7,2,7,5,2,2,10,7,5,6,4,4,4,3,5,4,10,3,3,5,3,4,5,7,10,7,5,6,Engineering
1297,7,1,2,3,5,9,9,7,2,1,7,9,4,4,6,6,3,6,3,6,5,2,8,1,4,5,3,7,7,2,5,6,CA / Accounting
1298,7,8,8,2,9,4,6,7,7,4,9,8,6,9,7,6,6,4,6,4,9,4,5,3,3,6,5,7,7,8,9,8,Engineering
1299,6,6,9,10,5,1,4,5,3,5,7,7,10,10,5,4,7,7,10,4,5,8,1,6,3,2,5,10,8,4,8,7,Pharmacy
1300,4,5,4,6,5,4,5,5,7,4,7,7,8,9,10,7,9,10,9,9,7,1,3,3,5,4,7,10,6,4,8,6,Teaching / Professor
1301,2,1,1,4,8,1,7,2,8,6,8,3,3,6,10,6,8,7,5,10,6,4,2,8,6,5,7,7,9,4,10,8,Journalism / Media
1302,4,3,2,3,5,1,3,2,10,3,5,2,5,5,10,4,10,7,4,8,4,2,2,6,4,5,6,6,8,7,10,7,Journalism / Media
1303,3,1,1,3,2,3,5,2,9,6,7,6,5,9,7,9,5,5,7,6,4,3,3,6,9,5,3,9,6,6,7,8,Civil Services
1304,1,3,2,3,3,3,6,6,7,6,10,4,4,7,10,4,10,8,5,9,6,4,4,7,6,4,5,4,8,4,7,10,Journalism / Media
1305,8,1,2,1,4,8,6,6,3,3,8,5,4,6,4,6,3,3,3,4,3,1,8,1,5,4,5,9,5,5,5,4,CA / Accounting
1306,4,5,8,8,4,2,3,4,4,6,10,7,10,7,7,7,6,6,8,6,4,10,4,3,3,3,4,10,8,2,8,6,Pharmacy
1307,6,6,6,5,7,8,9,10,6,7,6,8,8,10,9,9,10,7,8,7,8,3,10,6,4,3,5,8,9,8,9,10,Business / Management
1308,4,1,4,7,4,2,6,6,10,5,9,7,6,7,9,8,6,6,4,7,3,1,4,7,7,6,6,10,8,4,7,7,Civil Services
1309,5,3,3,2,4,6,7,8,6,2,8,7,3,7,7,3,4,4,5,5,7,3,10,3,3,4,5,6,5,8,7,9,Finance / Banking
1310,1,3,1,4,1,2,4,5,7,5,8,3,2,8,8,3,4,4,5,5,5,1,5,6,7,8,4,8,6,2,4,9,Law
1311,1,4,8,9,7,3,6,5,3,5,8,5,9,6,8,5,6,8,4,7,5,7,1,3,3,1,6,8,7,2,3,8,Dentist
1312,3,1,1,2,3,3,2,5,10,4,10,4,1,4,9,7,3,6,4,10,4,2,4,8,5,7,6,6,8,7,6,5,Law
1313,1,1,3,6,2,1,5,6,8,5,8,5,5,9,7,5,7,4,7,9,6,1,6,9,6,8,5,8,8,6,7,9,Law
1314,6,1,3,2,7,9,4,7,2,4,6,10,1,9,3,4,5,6,4,1,2,2,10,5,4,3,4,8,9,4,7,5,CA / Accounting
1315,5,3,3,2,7,7,8,6,2,5,6,7,3,5,5,5,4,4,4,4,9,5,10,3,2,3,3,8,5,7,6,8,Finance / Banking
1316,10,8,9,5,9,3,7,7,3,5,10,8,7,10,8,6,8,4,6,6,9,3,4,4,5,2,4,5,8,5,8,9,Engineering
1317,5,4,4,7,5,3,1,5,3,5,5,5,7,8,9,3,8,5,5,3,6,8,1,4,3,2,4,5,9,5,7,4,Dentist
1318,2,4,4,3,3,2,4,4,7,7,9,6,2,6,10,6,5,6,6,7,3,1,5,6,8,10,5,8,9,7,9,9,Law
1319,5,2,1,1,4,10,8,3,1,4,7,9,1,6,4,1,2,2,2,2,4,1,9,1,2,3,1,9,5,4,4,7,CA / Accounting
1320,7,6,6,5,4,4,6,5,6,7,5,7,6,9,9,7,8,7,7,9,6,4,4,7,7,5,10,10,6,2,7,8,Teaching / Professor
1321,7,3,2,1,6,5,7,7,1,3,7,7,4,8,7,8,6,2,3,6,6,1,9,3,6,3,7,5,5,5,5,7,Finance / Banking
1322,6,6,6,4,5,2,6,4,7,5,8,7,4,8,7,6,8,7,8,8,4,6,5,7,4,5,10,8,6,3,4,9,Teaching / Professor
1323,9,9,7,4,8,5,5,5,6,5,6,6,6,9,6,9,7,4,4,6,8,1,4,3,3,4,3,6,6,5,5,5,Engineering
1324,7,9,4,5,9,3,6,4,3,5,7,9,6,10,5,6,7,8,8,5,10,1,5,8,5,5,6,9,5,5,8,6,Engineering
1325,7,6,9,6,5,6,6,4,4,3,8,4,9,9,5,5,7,8,7,2,5,8,1,5,1,3,5,6,7,5,7,5,Pharmacy
1326,5,2,6,10,7,5,4,6,4,5,8,3,7,9,9,7,9,7,7,4,7,9,2,6,4,2,7,10,9,4,7,8,Dentist
1327,4,4,3,1,5,5,7,3,10,6,8,4,3,7,8,8,7,7,8,9,6,2,5,8,5,9,4,8,7,7,8,9,Law
1328,4,2,3,4,5,2,6,5,9,4,8,5,4,7,9,5,10,8,4,9,8,2,6,10,4,8,4,8,9,4,7,10,Journalism / Media
1329,6,6,6,9,4,2,5,3,6,5,8,6,9,6,8,6,4,9,5,6,8,10,2,5,6,3,6,8,7,6,8,9,MBBS / Doctor
1330,7,6,2,4,6,5,6,6,9,5,8,4,6,9,8,9,7,6,8,8,6,3,4,7,10,10,5,8,7,7,9,7,Civil Services
1331,5,2,2,1,5,7,9,5,3,5,5,8,1,6,5,6,4,2,7,4,8,1,8,5,2,3,3,2,6,5,6,5,Finance / Banking
1332,7,2,1,1,2,10,7,5,4,2,8,9,1,4,4,5,1,2,6,3,9,2,8,2,2,4,3,7,7,3,7,6,CA / Accounting
1333,6,2,8,8,6,3,3,4,4,2,8,5,7,5,6,4,5,6,9,3,2,8,3,4,2,3,7,7,6,4,8,4,Pharmacy
1334,1,4,3,4,4,1,4,4,7,4,10,6,3,5,10,9,10,7,4,8,8,4,4,6,6,7,6,6,9,7,7,8,Journalism / Media
1335,8,5,1,3,5,10,8,5,2,3,9,8,3,7,6,6,3,3,3,4,5,4,7,1,5,6,6,8,7,5,8,4,CA / Accounting
1336,8,2,2,2,7,7,5,6,1,2,7,7,2,6,6,4,3,4,5,6,5,3,8,4,4,7,3,6,7,1,6,2,CA / Accounting
1337,1,9,6,10,6,2,3,2,2,6,5,7,9,10,7,6,6,8,8,8,7,10,4,4,6,4,6,8,8,6,8,8,MBBS / Doctor
1338,8,9,6,5,10,2,6,7,5,5,6,5,10,10,6,7,6,5,6,4,6,2,6,4,5,6,6,7,8,7,10,9,Engineering
1339,4,6,6,8,5,3,6,5,2,5,8,4,8,6,5,8,6,7,6,8,4,10,4,7,3,1,5,10,10,5,7,10,MBBS / Doctor
1340,2,6,1,3,7,5,10,10,4,6,7,6,5,7,8,8,5,8,4,7,6,2,6,6,6,5,4,3,9,7,7,8,Business / Management
1341,9,9,6,8,8,5,6,4,4,6,9,8,5,10,7,6,8,5,6,5,8,7,5,3,7,4,5,8,4,6,7,6,Engineering
1342,5,7,8,9,5,2,4,5,3,6,8,5,8,9,7,6,9,8,4,4,5,9,2,3,4,6,4,8,8,5,6,7,Dentist
1343,4,3,4,4,6,3,3,4,9,5,9,4,2,9,6,8,6,5,5,8,7,3,6,9,6,9,4,7,9,9,7,8,Law
1344,8,10,6,3,7,4,4,5,2,6,7,8,7,10,7,9,8,7,7,6,10,5,5,4,4,6,7,7,6,6,9,5,Engineering
1345,10,4,5,1,7,6,9,7,4,4,10,9,4,8,8,6,4,6,5,5,8,1,8,2,4,6,4,9,8,6,6,9,Finance / Banking
1346,3,4,4,2,5,5,7,5,9,5,5,3,2,7,7,6,6,6,5,7,3,4,5,7,7,8,5,7,9,6,6,10,Law
1347,9,6,6,5,7,2,5,4,6,5,8,8,4,7,6,7,7,7,7,4,8,4,3,6,2,4,6,6,6,6,8,5,Engineering
1348,2,3,4,4,5,2,5,1,4,9,9,5,4,5,8,4,4,8,7,5,3,6,2,7,2,4,5,7,6,1,7,7,Psychology
1349,3,6,6,6,4,1,3,4,3,7,6,4,10,9,8,4,9,6,6,5,6,10,3,4,2,2,4,7,5,4,7,7,Dentist
1350,5,7,8,10,9,3,4,3,5,8,9,8,10,6,9,8,7,10,7,7,5,8,3,6,6,3,10,9,9,6,9,10,MBBS / Doctor
1351,3,3,8,10,5,3,2,6,2,6,6,5,8,9,9,5,5,6,5,6,6,10,2,2,4,1,7,8,6,5,7,7,Dentist
1352,3,3,5,2,5,3,7,4,10,8,8,4,6,7,8,8,7,5,7,8,6,1,2,5,10,9,8,8,8,5,9,6,Civil Services
1353,6,7,6,9,6,1,3,4,7,5,7,9,10,6,8,8,8,10,8,7,4,9,1,7,5,4,9,10,10,6,10,7,MBBS / Doctor
1354,1,1,2,6,2,1,3,5,2,9,7,6,3,5,6,3,8,9,7,6,5,2,3,7,4,1,6,6,7,3,6,8,Psychology
1355,8,1,2,4,5,10,8,5,5,3,7,10,1,8,6,8,6,3,4,3,5,1,9,2,3,7,2,6,6,6,5,5,CA / Accounting
1356,3,3,3,1,5,4,7,9,5,8,8,6,3,7,6,9,8,7,5,8,8,1,6,5,3,4,5,5,7,6,9,9,Business / Management
1357,6,4,3,3,4,3,7,8,4,6,6,4,4,9,6,9,8,5,4,4,7,1,8,4,3,6,3,5,4,10,10,6,Business / Management
1358,3,3,3,5,3,4,5,8,6,5,9,4,1,7,7,10,7,5,7,8,6,1,3,7,7,10,7,10,8,5,8,8,Law
1359,5,4,6,10,3,3,5,6,5,9,8,8,10,10,8,8,6,9,7,3,6,10,1,4,7,6,6,10,8,7,8,8,MBBS / Doctor
1360,6,9,6,4,10,2,4,4,4,4,7,5,6,9,6,8,10,6,8,6,10,6,5,5,4,4,4,8,6,6,4,8,Engineering
1361,3,2,2,2,6,3,4,4,6,6,6,6,3,7,6,7,6,5,5,8,3,2,6,6,4,10,4,8,6,4,8,9,Law
1362,5,5,7,10,5,1,4,6,4,6,8,2,7,8,6,5,9,7,5,4,7,9,2,2,2,4,5,10,8,7,7,8,Dentist
1363,3,2,2,4,3,1,2,2,7,10,6,5,4,4,9,5,6,9,9,6,7,6,1,10,3,4,5,7,5,3,7,8,Psychology
1364,10,7,6,3,9,3,6,4,2,3,7,6,8,8,10,4,8,3,6,5,5,4,7,4,4,6,5,6,4,7,7,5,Engineering
1365,5,4,3,2,9,5,5,9,7,7,6,5,3,7,7,7,7,7,4,7,9,6,7,6,4,4,3,6,9,6,8,8,Business / Management
1366,9,3,1,2,7,10,8,6,6,2,8,10,3,6,7,7,5,4,4,7,8,1,9,6,5,5,3,7,8,7,8,7,CA / Accounting
1367,1,2,8,10,5,1,4,2,3,6,7,4,10,9,6,5,4,8,7,2,2,8,4,5,6,3,5,6,6,3,4,6,MBBS / Doctor
1368,7,3,2,2,5,9,10,8,2,3,9,8,4,7,6,8,5,7,3,2,6,1,9,4,2,2,5,6,7,4,6,7,CA / Accounting
1369,6,5,4,6,4,5,5,6,6,7,7,4,7,6,7,4,9,7,7,7,5,2,1,7,3,6,9,5,7,3,7,9,Teaching / Professor
1370,3,2,4,8,3,4,5,4,5,9,8,3,7,6,8,7,8,8,7,5,4,8,3,9,5,2,8,5,5,4,4,10,Psychology
1371,5,4,7,8,2,3,3,1,4,7,8,6,8,4,5,4,4,4,7,2,3,7,2,2,4,3,5,8,5,6,7,6,Pharmacy
1372,5,4,7,10,3,4,2,4,2,5,8,3,8,8,7,3,9,7,4,4,3,10,3,5,4,2,6,7,9,6,6,9,Dentist
1373,1,1,5,1,6,2,4,4,6,4,7,4,2,9,8,5,9,6,6,9,7,1,4,9,5,9,6,5,6,6,10,10,Journalism / Media
1374,3,5,6,8,4,3,2,4,2,6,5,4,10,10,6,3,5,8,4,5,5,9,4,3,1,3,6,5,7,4,8,9,Dentist
1375,3,7,6,8,7,6,6,5,6,6,5,7,5,7,9,6,8,4,8,9,3,3,6,6,4,7,8,7,6,6,6,8,Teaching / Professor
1376,3,4,2,4,5,6,5,7,7,5,8,5,3,7,10,8,8,6,8,8,3,3,2,8,7,7,3,6,7,4,9,7,Law
1377,6,5,10,10,4,1,5,6,1,5,4,6,10,7,6,4,6,6,9,4,3,5,2,3,5,4,7,9,8,1,4,8,Pharmacy
1378,5,6,5,6,3,6,6,7,9,7,8,7,5,10,9,10,7,6,8,9,4,1,6,9,9,8,8,8,8,6,10,10,Civil Services
1379,4,2,6,6,5,4,8,8,9,7,8,7,3,10,9,7,8,7,8,7,5,1,5,7,9,9,5,6,8,4,8,10,Civil Services
1380,5,6,5,8,5,3,2,3,8,6,7,5,7,6,8,8,7,5,8,6,6,5,2,8,6,7,7,8,8,3,5,10,Teaching / Professor
1381,2,4,6,7,4,1,5,5,1,7,8,3,9,9,9,4,9,5,4,3,5,8,4,5,2,3,3,7,7,2,7,10,Dentist
1382,6,3,2,6,6,4,4,6,6,10,6,5,9,6,7,4,8,9,5,7,4,8,2,7,6,6,9,9,8,7,5,10,Psychology
1383,6,3,1,2,3,10,8,3,4,3,8,10,3,7,4,4,7,5,5,2,6,1,10,5,3,3,4,10,9,1,7,7,CA / Accounting
1384,4,8,9,9,7,2,3,5,4,4,6,5,8,5,7,2,5,6,5,5,6,10,6,3,3,4,5,7,8,6,8,7,Dentist
1385,6,3,4,6,4,4,6,3,8,5,7,5,8,7,10,5,10,5,8,7,2,4,4,7,4,5,10,8,6,4,10,7,Teaching / Professor
1386,4,4,3,4,6,6,10,9,4,6,10,7,6,6,9,9,7,6,5,6,7,3,8,5,5,7,6,6,5,9,7,9,Business / Management
1387,3,6,10,8,5,2,1,2,4,6,7,5,8,7,8,7,4,8,5,6,5,10,3,5,5,4,6,9,7,2,8,6,MBBS / Doctor
1388,3,7,6,9,5,2,7,4,3,3,8,4,7,9,9,4,7,6,3,8,6,6,4,1,1,3,6,9,8,5,8,9,Dentist
1389,9,6,4,1,7,1,4,1,3,5,6,5,3,7,4,2,7,3,4,3,9,3,2,4,1,3,4,5,6,4,7,5,Engineering
1390,6,4,3,7,4,1,5,4,7,6,7,4,5,10,10,8,7,7,6,8,5,4,4,8,9,7,7,10,9,9,5,10,Civil Services
1391,4,4,6,6,3,4,5,4,4,4,9,5,4,6,8,6,8,8,6,2,5,7,3,2,2,3,3,8,8,4,8,7,Dentist
1392,6,7,6,4,8,4,4,6,2,7,10,7,7,9,7,7,5,5,3,5,10,1,1,5,6,4,2,4,7,5,7,6,Engineering
1393,4,3,3,1,3,2,6,5,7,4,7,6,5,9,8,10,1,5,4,8,7,3,2,6,8,9,7,9,8,4,8,8,Civil Services
1394,3,4,4,6,3,3,3,4,5,10,6,2,7,9,8,5,6,8,9,9,4,5,2,7,5,4,7,7,5,5,7,9,Psychology
1395,8,5,6,1,10,2,1,3,2,3,7,7,6,6,7,7,7,5,5,5,9,3,4,5,2,5,4,9,7,9,9,6,Engineering
1396,5,3,1,3,4,2,3,6,10,5,7,6,3,5,10,4,8,9,9,10,7,3,1,8,4,7,7,8,6,9,9,8,Journalism / Media
1397,6,2,2,1,6,10,8,4,3,7,8,8,5,7,8,6,5,3,6,4,6,3,10,4,2,5,4,8,7,6,7,5,CA / Accounting
1398,4,5,2,3,6,4,7,6,3,7,9,7,6,5,6,8,10,5,5,7,7,3,5,1,5,4,2,6,8,9,10,7,Business / Management
1399,4,3,4,4,6,2,6,5,10,3,9,3,3,8,7,7,7,6,7,10,4,4,3,10,4,8,7,9,8,6,6,6,Law
1400,5,6,4,7,8,6,6,3,7,7,5,7,5,7,7,8,4,8,7,9,5,5,3,7,6,6,10,6,6,3,9,10,Teaching / Professor
1401,5,4,4,1,4,6,6,6,5,4,8,5,3,9,5,10,6,6,4,6,5,2,5,7,3,6,6,6,7,8,9,8,Business / Management
1402,9,4,3,1,4,8,8,8,3,5,6,9,4,9,4,8,8,1,2,6,5,1,10,2,5,3,5,9,7,4,6,5,CA / Accounting
1403,2,3,7,10,8,5,2,4,2,6,7,7,6,10,8,7,8,7,6,3,6,7,3,3,3,3,5,8,6,3,6,7,Dentist
1404,8,8,6,3,7,1,1,5,8,8,7,9,6,7,5,6,7,6,8,5,9,2,3,3,5,4,3,7,6,9,7,7,Engineering
1405,4,4,7,8,5,2,4,3,6,5,5,5,8,8,3,4,8,6,5,4,5,9,4,4,2,1,5,6,8,2,10,4,Pharmacy
1406,10,5,6,4,10,4,6,7,4,7,7,7,9,7,7,7,9,5,7,6,8,3,5,5,4,4,8,7,7,4,8,7,Engineering
1407,4,3,4,1,4,1,5,3,7,6,7,6,3,5,7,6,5,7,4,4,4,1,1,9,8,6,3,7,7,3,8,6,Civil Services
1408,9,2,3,3,7,10,8,10,3,6,8,10,5,7,8,8,6,6,6,5,6,4,10,8,5,5,5,9,7,8,8,9,Finance / Banking
1409,5,4,9,7,4,2,3,3,3,7,4,5,7,9,9,5,7,9,7,7,4,7,4,4,2,4,3,7,7,4,8,8,Dentist
1410,2,3,8,9,5,3,2,5,3,5,8,4,10,8,6,4,4,8,7,2,3,10,4,1,2,2,3,8,6,3,5,4,Pharmacy
1411,3,2,3,3,7,2,4,5,6,7,8,3,3,6,10,7,8,8,6,10,7,2,2,8,4,8,6,5,10,5,10,9,Journalism / Media
1412,4,5,4,3,5,5,4,5,5,7,7,5,7,7,7,7,10,7,8,10,6,2,2,4,5,4,9,9,7,2,8,8,Teaching / Professor
1413,4,3,4,4,6,2,3,8,9,5,6,4,6,6,10,6,6,6,6,6,8,3,6,8,6,10,5,6,6,7,9,7,Law
1414,7,1,3,4,7,9,10,10,1,3,9,10,2,7,10,6,6,8,6,6,8,2,9,6,5,3,6,3,10,7,8,7,Finance / Banking
1415,4,5,5,8,4,3,4,5,3,3,7,7,9,6,7,6,8,7,8,5,3,10,4,3,3,4,4,9,8,3,8,7,Dentist
1416,5,6,3,8,2,1,2,2,2,6,8,4,6,8,5,4,8,6,5,1,6,9,1,3,2,1,2,5,7,3,6,6,Dentist
1417,7,2,3,3,4,9,8,4,4,3,8,7,3,10,5,5,4,1,2,5,5,5,8,7,2,5,3,10,7,4,6,10,CA / Accounting
1418,7,4,4,4,6,5,6,10,3,4,4,5,6,7,6,9,7,8,6,5,6,2,5,5,5,5,4,3,6,9,6,10,Business / Management
1419,3,4,2,1,4,3,7,7,9,7,7,4,4,7,10,6,8,5,6,8,4,3,4,6,6,6,6,7,3,5,8,7,Civil Services
1420,4,2,7,8,4,2,5,3,2,5,8,4,7,8,7,6,6,6,4,6,7,8,1,1,2,1,7,9,10,4,3,7,Dentist
1421,8,3,4,1,5,9,8,10,3,5,9,9,5,9,7,4,7,1,4,4,9,2,10,2,3,1,3,6,9,8,8,6,Finance / Banking
1422,3,4,5,7,6,5,2,4,3,6,5,7,9,7,6,5,7,4,6,3,8,10,2,3,2,3,4,7,6,4,9,5,Pharmacy
1423,7,2,1,4,5,6,7,7,4,6,8,7,2,8,4,5,3,2,3,3,5,1,10,4,4,6,4,9,7,4,4,4,CA / Accounting
1424,5,7,7,6,4,3,4,5,5,5,6,5,10,7,6,4,6,7,9,4,5,7,1,4,3,3,7,6,5,2,6,8,Pharmacy
1425,7,7,7,3,10,2,4,6,3,6,9,7,7,8,7,9,7,6,7,5,9,2,5,4,3,6,5,7,9,4,9,5,Engineering
1426,6,3,3,2,6,8,7,8,3,3,9,9,1,4,9,6,5,1,5,3,6,1,8,4,4,4,4,4,7,7,7,9,Finance / Banking
1427,6,3,4,6,5,2,6,4,5,7,6,1,8,5,10,6,4,6,8,10,7,5,1,7,4,7,10,9,4,4,7,9,Teaching / Professor
1428,5,2,1,4,4,1,6,4,7,7,6,2,3,7,8,6,8,5,3,10,6,2,3,8,4,8,5,4,9,8,10,10,Journalism / Media
1429,6,3,10,8,5,1,2,2,4,6,6,5,7,8,10,5,5,6,6,6,4,7,3,5,5,1,8,8,6,6,10,7,MBBS / Doctor
1430,4,5,2,3,6,3,6,5,9,8,8,6,2,6,8,7,5,8,6,8,6,1,5,7,10,10,6,9,9,6,10,7,Civil Services
1431,8,5,1,3,7,8,6,6,5,5,7,10,1,8,4,6,3,2,4,2,6,3,9,3,5,6,3,8,6,5,5,6,CA / Accounting
1432,5,4,3,3,5,2,9,6,8,4,7,5,5,9,10,8,6,7,5,6,6,2,4,7,6,8,4,9,5,8,10,6,Civil Services
1433,5,3,5,6,4,3,3,3,5,8,5,5,6,7,7,7,8,10,7,5,3,5,3,7,4,3,6,7,7,1,5,8,Psychology
1434,6,3,4,2,3,4,4,4,9,5,7,7,6,10,7,10,6,5,5,10,4,4,5,6,10,9,5,10,6,4,10,9,Civil Services
1435,3,4,6,8,3,3,3,2,2,6,8,4,5,8,8,5,8,6,5,5,5,9,1,1,3,2,2,8,7,2,7,8,Dentist
1436,3,2,2,1,2,1,4,5,8,3,9,4,3,8,5,7,8,4,4,8,4,2,2,7,3,8,4,5,6,6,5,6,Law
1437,6,4,3,4,7,5,7,10,5,4,8,5,4,8,9,10,8,8,4,9,7,2,10,4,3,3,6,8,8,6,8,8,Business / Management
1438,7,2,6,5,1,1,2,6,4,3,8,5,9,10,8,4,5,5,6,5,4,7,3,4,1,1,5,7,5,5,7,6,Dentist
1439,8,4,1,2,5,10,9,7,2,6,7,9,1,9,6,7,4,5,7,1,7,1,10,6,3,4,5,9,6,4,6,6,CA / Accounting
1440,5,3,5,3,4,1,4,4,4,4,7,5,4,5,9,7,6,5,5,5,4,4,1,4,3,4,10,7,5,1,8,7,Teaching / Professor
1441,6,4,3,2,6,8,7,6,2,7,8,7,1,7,7,6,6,6,5,5,10,3,10,4,5,5,5,8,8,5,7,5,Finance / Banking
1442,7,7,6,7,6,4,6,6,7,5,3,8,9,6,10,3,8,8,7,10,5,5,6,6,6,5,10,7,7,4,8,10,Teaching / Professor
1443,4,6,5,7,9,3,4,3,5,6,5,7,6,8,10,8,7,9,9,9,4,6,3,8,6,4,10,8,6,6,6,9,Teaching / Professor
1444,4,3,8,8,6,3,7,4,7,6,6,4,8,9,8,4,7,10,4,7,8,7,2,4,6,3,6,10,10,5,8,8,MBBS / Doctor
1445,7,9,6,5,7,3,6,6,3,5,10,8,6,9,6,6,7,3,5,5,9,3,4,5,6,4,6,6,8,7,9,7,Engineering
1446,5,6,4,3,9,6,3,4,3,3,8,8,4,8,4,6,9,6,7,4,9,4,5,4,4,2,4,8,8,7,9,7,Engineering
1447,7,3,4,4,6,7,10,9,6,4,7,8,2,8,6,7,6,5,5,3,6,3,10,3,7,6,3,8,7,8,8,8,Finance / Banking
1448,6,4,3,1,6,9,7,4,2,4,6,8,1,8,8,4,2,4,4,4,7,2,10,6,7,7,3,10,7,1,7,4,CA / Accounting
1449,10,6,4,5,10,5,5,6,6,3,10,8,8,9,8,6,5,6,4,5,10,5,6,6,8,4,6,7,9,7,10,6,Engineering
1450,5,1,4,5,6,2,4,1,5,10,8,4,7,7,9,7,9,10,5,7,5,8,5,7,4,6,10,6,4,4,8,9,Psychology
1451,7,3,5,10,4,4,7,5,5,4,9,4,10,10,9,7,10,8,7,6,8,8,5,5,4,4,5,8,10,7,7,8,Dentist
1452,7,4,6,5,5,7,6,8,2,6,7,5,4,7,8,10,6,7,5,8,7,2,8,6,3,3,5,7,9,10,9,8,Business / Management
1453,5,4,9,8,3,1,2,6,3,4,8,5,5,9,8,6,9,6,5,4,4,8,2,4,3,2,6,8,7,4,6,6,Dentist
1454,3,2,4,6,1,3,1,2,3,8,8,2,5,5,7,4,6,8,7,5,3,7,4,5,5,3,5,8,8,2,9,9,Psychology
1455,9,7,8,2,10,3,2,7,5,4,7,5,10,7,4,6,5,4,8,6,8,3,3,4,3,3,4,6,8,8,6,4,Engineering
1456,5,4,7,10,2,2,1,4,3,4,4,4,6,6,7,7,6,5,6,6,5,9,1,4,3,4,7,8,9,2,7,6,MBBS / Doctor
1457,5,1,2,1,5,3,9,8,4,3,7,8,5,5,7,8,6,9,3,6,5,3,8,4,3,3,6,5,6,4,7,7,Business / Management
1458,4,1,4,3,6,4,6,7,9,6,8,3,5,7,8,7,5,4,5,9,5,2,6,7,8,9,4,10,4,6,6,6,Law
1459,6,5,8,10,6,6,2,5,5,2,8,3,7,7,8,5,4,7,9,5,3,9,5,4,4,5,4,8,6,4,6,6,Pharmacy
1460,6,6,5,4,6,3,5,5,6,7,6,4,7,8,8,6,6,7,6,7,5,1,1,4,6,8,9,8,8,2,8,8,Teaching / Professor
1461,2,4,7,8,5,3,2,4,3,5,6,5,10,6,6,6,7,8,5,4,6,8,1,6,4,1,4,5,7,4,9,8,MBBS / Doctor
1462,8,3,3,1,5,7,6,4,3,5,9,7,7,6,7,5,6,4,4,6,6,3,9,1,7,4,3,8,5,5,5,6,Finance / Banking
1463,8,5,6,2,6,3,8,9,6,6,5,4,5,9,5,9,7,5,4,8,7,1,8,5,3,5,5,7,8,9,9,10,Business / Management
1464,3,1,1,3,5,3,4,5,6,2,6,2,5,8,9,7,5,5,3,7,3,1,5,7,7,10,7,9,7,5,6,9,Law
1465,6,1,3,1,3,8,6,3,1,4,6,8,1,7,5,7,3,2,4,2,6,2,7,1,2,1,6,5,8,2,7,6,CA / Accounting
1466,8,3,1,2,6,8,8,7,3,2,8,10,5,3,7,5,5,2,4,2,6,2,9,6,3,2,5,3,7,7,3,4,Finance / Banking
1467,7,3,3,5,9,7,5,6,4,4,9,9,4,6,6,4,5,6,6,1,7,1,10,2,5,3,3,7,6,8,8,6,Finance / Banking
1468,5,5,5,6,5,1,5,4,1,4,4,1,5,10,3,6,5,8,5,7,6,8,2,2,1,4,5,6,4,3,8,6,Dentist
1469,2,7,6,5,7,3,5,5,9,5,7,4,5,10,7,9,5,9,8,7,5,2,7,7,10,10,5,10,7,6,9,7,Civil Services
1470,3,2,2,7,4,1,2,3,3,10,6,1,10,7,9,6,6,9,8,7,2,8,2,7,5,8,7,7,6,3,8,9,Psychology
1471,10,3,5,4,7,4,7,3,7,3,10,8,7,8,6,6,6,5,5,3,8,2,3,5,4,7,2,8,7,8,8,6,Engineering
1472,3,4,1,2,2,1,5,5,9,5,8,4,2,5,10,6,8,6,8,9,5,1,2,8,7,5,5,7,6,7,8,6,Journalism / Media
1473,6,2,1,2,3,9,5,4,3,5,7,9,3,8,8,4,4,1,6,3,6,1,7,4,4,2,6,7,9,3,5,7,Finance / Banking
1474,6,2,2,2,5,10,9,8,6,2,6,10,1,9,5,5,3,4,6,5,8,5,8,2,4,5,2,9,6,3,7,6,CA / Accounting
1475,2,3,3,3,7,1,5,5,9,5,7,2,2,6,9,5,7,8,8,9,4,4,7,6,4,8,4,7,9,6,6,10,Law
1476,8,5,10,10,5,3,3,5,5,5,8,5,10,9,6,8,7,6,7,1,7,10,3,1,1,1,6,8,8,2,7,7,Pharmacy
1477,1,2,4,10,3,1,2,2,2,4,5,1,7,9,5,6,5,6,4,1,3,7,2,4,3,1,7,5,6,3,9,7,Dentist
1478,5,4,10,8,5,3,6,7,2,4,7,6,10,7,7,5,5,6,8,2,9,10,6,3,2,5,4,10,7,7,4,6,Pharmacy
1479,2,2,1,4,4,3,5,4,9,7,9,5,7,10,7,7,4,7,5,10,5,1,4,9,7,8,7,4,4,5,6,8,Law
1480,7,1,5,3,6,7,7,7,2,5,8,8,2,8,9,7,3,3,4,5,7,3,9,2,5,4,5,7,7,6,9,5,CA / Accounting
1481,6,4,5,4,7,3,6,10,8,6,6,6,3,10,8,10,8,8,2,7,8,3,8,6,6,6,6,7,6,7,7,9,Business / Management
1482,2,3,4,3,5,2,5,4,7,4,5,2,3,7,7,6,9,6,6,10,4,1,4,8,5,5,5,5,6,8,8,6,Journalism / Media
1483,4,6,8,6,6,1,3,4,2,8,7,5,10,9,8,5,4,7,7,3,6,9,2,5,4,4,7,10,8,3,5,6,MBBS / Doctor
1484,1,4,7,7,2,4,3,3,3,4,8,5,10,6,5,6,5,2,7,2,6,9,4,2,1,1,4,7,7,3,5,6,Pharmacy
1485,5,4,5,8,4,3,5,5,2,4,5,6,8,7,5,2,5,6,9,4,5,10,3,3,3,2,4,6,7,1,6,5,Pharmacy
1486,4,4,2,2,5,2,5,5,10,5,9,3,4,10,8,9,4,6,6,5,5,4,2,7,8,6,5,8,10,2,7,6,Civil Services
1487,5,4,4,3,5,5,5,3,8,8,9,5,3,8,9,9,5,5,7,9,2,2,7,8,5,9,7,9,6,7,7,7,Law
1488,10,8,4,2,9,1,3,4,4,5,7,9,6,9,6,7,9,4,5,2,6,3,4,3,3,6,6,5,6,7,6,5,Engineering
1489,7,6,9,4,9,1,4,5,3,6,7,8,7,9,5,6,7,4,7,6,9,3,5,4,4,4,8,5,8,4,8,9,Engineering
1490,3,5,3,4,4,4,4,3,2,6,5,3,6,5,8,5,8,8,9,9,3,6,1,5,3,2,8,9,6,1,7,9,Teaching / Professor
1491,7,4,1,4,7,4,5,10,3,7,5,7,5,9,10,8,9,4,2,6,8,5,10,4,4,6,6,6,8,8,8,8,Business / Management
1492,5,4,1,3,6,10,5,4,1,2,10,9,1,5,8,7,2,4,3,3,3,1,7,5,2,6,3,5,6,2,6,3,CA / Accounting
1493,5,3,7,7,5,3,5,4,1,5,7,4,9,7,6,2,6,3,6,4,4,7,3,3,1,2,6,8,9,4,9,4,Pharmacy
1494,6,4,7,7,2,3,2,4,1,2,6,4,9,8,8,4,4,8,8,4,5,7,3,1,3,6,4,9,9,3,6,7,Dentist
1495,1,6,7,9,3,3,1,9,2,6,6,5,9,9,5,6,4,6,7,3,4,7,2,4,4,1,3,4,6,1,4,4,Pharmacy
1496,3,4,9,7,2,5,5,4,1,8,7,7,7,8,6,5,6,7,7,4,6,9,2,1,2,4,5,10,8,5,6,5,Dentist
1497,5,2,4,5,3,1,1,4,6,7,7,3,5,6,8,5,7,10,7,4,5,7,1,5,2,4,6,8,8,1,7,10,Psychology
1498,5,5,9,8,1,5,5,3,4,8,7,5,10,7,8,5,8,9,6,3,5,10,4,4,3,3,6,8,7,5,7,8,MBBS / Doctor
1499,3,4,6,7,6,1,5,5,3,7,5,4,9,8,7,6,7,10,7,5,6,8,4,6,7,2,5,10,8,6,10,10,MBBS / Doctor
1500,3,3,5,7,6,5,5,4,5,9,8,4,6,8,9,5,5,9,9,7,6,7,4,9,3,4,10,9,6,4,9,9,Psychology
1501,3,3,3,4,5,4,6,7,5,6,3,6,4,8,9,6,6,5,1,6,8,3,7,4,3,4,5,3,9,6,9,8,Business / Management
1502,3,3,5,4,6,2,4,2,8,4,6,3,2,6,8,6,9,6,6,6,4,3,2,6,5,7,6,6,9,6,6,8,Journalism / Media
1503,3,2,2,2,6,2,3,2,5,6,8,1,1,7,7,5,6,3,6,7,6,3,2,6,4,7,3,3,6,8,10,9,Journalism / Media
1504,8,4,1,2,10,10,8,6,6,5,9,9,6,8,7,5,4,3,6,5,4,3,10,2,4,6,3,9,7,3,4,5,CA / Accounting
1505,9,4,3,6,5,7,8,8,6,4,9,9,3,9,7,7,4,4,4,5,9,5,9,7,5,3,4,8,8,6,6,6,Finance / Banking
1506,4,3,3,7,7,1,5,5,5,5,9,3,7,7,10,8,5,6,6,8,3,4,3,5,6,6,10,10,5,4,6,9,Teaching / Professor
1507,9,4,10,10,4,5,2,3,3,6,8,3,9,7,8,8,6,6,5,3,6,9,3,2,2,1,6,8,8,2,7,7,Dentist
1508,9,8,6,1,10,2,8,3,3,1,9,6,6,7,7,7,10,4,7,3,8,3,5,6,6,3,7,7,7,6,7,9,Engineering
1509,2,7,8,8,6,3,2,3,4,5,6,6,8,10,6,7,4,9,4,5,7,9,1,6,5,3,5,6,10,3,6,8,MBBS / Doctor
1510,7,2,4,5,3,9,7,5,3,3,9,7,3,6,8,6,6,4,2,3,8,3,10,6,3,3,6,10,7,2,6,6,CA / Accounting
1511,9,9,6,6,9,2,6,2,5,4,8,8,6,10,6,5,9,6,8,7,10,5,4,3,5,6,6,2,9,8,7,8,Engineering
1512,4,1,1,4,1,2,4,2,7,10,7,5,5,8,7,7,6,10,6,4,1,7,3,6,5,4,8,6,6,4,10,7,Psychology
1513,9,6,4,5,8,2,7,5,3,3,10,8,7,9,7,6,8,5,7,4,10,1,4,2,3,3,5,7,5,6,9,4,Engineering
1514,5,5,6,8,2,3,1,4,3,4,9,3,7,7,7,5,7,6,10,4,9,10,2,5,4,4,5,10,8,3,8,8,MBBS / Doctor
1515,5,5,5,10,5,4,4,3,5,6,8,3,8,10,7,7,6,7,3,7,6,8,5,5,3,2,4,9,8,4,7,8,Dentist
1516,5,3,3,4,5,7,9,9,6,5,6,8,6,10,7,6,4,7,4,8,7,1,7,4,4,4,4,9,8,7,9,5,Finance / Banking
1517,5,1,3,2,5,10,7,6,1,2,6,7,2,6,7,5,7,5,3,4,6,3,9,3,6,4,4,8,7,6,6,3,Finance / Banking
1518,4,3,5,5,3,2,3,2,6,10,7,5,4,10,7,7,6,10,8,4,3,7,4,8,5,5,9,6,8,5,8,8,Psychology
1519,6,5,4,6,6,2,6,3,5,6,5,4,6,6,9,5,6,9,7,9,6,6,2,4,2,4,10,9,6,6,5,9,Teaching / Professor
1520,7,6,5,2,9,3,6,3,7,1,6,10,8,9,6,6,7,3,7,6,10,6,4,2,6,2,5,6,6,7,7,6,Engineering
1521,6,1,1,2,5,9,8,8,2,4,8,9,5,8,7,6,3,6,6,3,6,3,10,4,3,8,4,10,4,3,8,6,CA / Accounting
1522,4,3,6,5,5,1,3,4,3,5,6,3,7,9,6,2,3,8,5,3,5,9,4,4,3,3,9,10,7,2,6,6,Pharmacy
1523,5,7,8,10,5,3,4,2,5,6,6,4,8,8,7,7,8,9,7,3,9,8,1,7,3,4,6,9,8,3,8,9,MBBS / Doctor
1524,4,7,10,10,2,4,5,2,1,5,5,7,7,8,7,5,6,6,4,4,5,10,4,2,2,1,3,10,5,4,7,7,Dentist
1525,7,5,2,4,5,7,7,10,4,4,8,8,2,9,4,5,6,2,5,3,7,2,6,5,3,3,4,7,8,8,3,7,Finance / Banking
1526,5,3,7,7,3,3,2,2,3,5,10,6,8,6,7,3,8,5,7,5,5,8,1,4,1,2,7,9,9,5,7,8,Dentist
1527,8,3,2,2,7,8,6,8,3,4,5,8,3,6,8,3,9,2,5,4,8,4,8,4,3,2,4,6,6,5,7,7,Finance / Banking
1528,10,3,3,1,5,9,4,8,3,4,10,7,1,6,6,8,4,6,1,3,8,3,6,2,3,3,5,6,5,7,7,4,Finance / Banking
1529,8,10,6,4,8,2,3,4,6,4,9,4,8,9,6,7,7,2,8,6,8,2,2,5,7,5,3,8,7,8,8,2,Engineering
1530,4,6,8,8,3,2,3,5,2,5,8,7,8,7,4,5,5,5,5,3,1,7,1,4,6,3,3,9,7,4,6,7,Pharmacy
1531,5,2,5,5,6,2,7,10,5,6,8,7,6,7,7,10,9,7,5,7,8,4,8,9,3,10,4,7,6,9,10,9,Business / Management
1532,8,7,5,3,4,1,4,4,3,7,7,3,6,4,10,4,5,7,7,7,3,3,2,5,7,4,9,9,7,4,4,7,Teaching / Professor
1533,7,1,2,5,5,7,8,9,1,2,8,7,3,10,5,7,5,3,3,5,6,2,9,4,5,3,5,7,10,5,7,4,CA / Accounting
1534,4,6,9,10,5,4,3,3,3,6,7,7,10,9,8,6,3,7,8,6,4,10,5,7,6,4,7,10,9,6,9,4,MBBS / Doctor
1535,8,2,1,1,5,6,7,8,4,1,10,9,3,7,6,7,3,4,7,4,7,1,10,4,3,4,2,9,10,5,8,6,Finance / Banking
1536,8,6,8,8,6,2,3,4,3,5,8,6,10,10,7,7,10,8,6,4,6,9,5,2,4,3,6,10,8,3,8,10,Dentist
1537,4,4,7,8,6,5,5,2,4,4,7,5,9,7,7,8,6,7,5,5,5,7,2,4,4,3,7,9,10,5,9,6,MBBS / Doctor
1538,8,2,4,4,6,7,7,9,3,4,9,5,2,10,3,4,4,3,4,3,7,3,10,3,5,4,6,7,7,6,8,8,Finance / Banking
1539,4,5,5,3,9,2,5,4,7,10,8,5,7,7,10,8,7,9,10,8,7,3,4,5,3,7,10,9,9,5,8,8,Teaching / Professor
1540,5,3,3,4,5,2,7,5,10,7,9,6,4,10,8,4,6,8,9,10,7,3,5,10,7,9,7,6,6,4,8,10,Law
1541,5,1,5,5,2,4,3,1,3,9,4,5,7,7,8,5,6,10,8,7,3,7,3,9,5,4,6,9,6,5,6,9,Psychology
1542,10,6,4,4,9,3,6,5,4,8,8,10,9,9,3,6,7,5,5,6,10,5,4,3,5,7,5,8,7,6,8,6,Engineering
1543,6,1,3,1,4,2,7,3,9,6,9,6,5,7,10,9,8,9,7,7,5,4,2,10,9,10,8,9,7,3,9,9,Civil Services
1544,4,3,2,3,5,3,7,6,10,5,10,7,2,7,6,6,5,4,2,7,3,4,2,7,6,8,3,9,7,6,8,10,Civil Services
1545,4,2,2,1,5,7,7,9,3,5,7,4,4,8,8,8,9,5,3,8,5,1,5,5,5,3,7,5,7,6,10,8,Business / Management
1546,6,4,1,6,4,2,2,3,8,8,6,5,6,5,9,8,5,9,6,7,9,6,1,7,2,6,8,9,7,4,7,10,Teaching / Professor
1547,7,5,7,8,5,4,5,6,7,5,7,8,6,9,10,7,10,7,8,9,5,4,4,7,6,10,10,7,6,4,6,9,Teaching / Professor
1548,7,5,6,2,9,4,3,3,7,4,6,8,6,5,6,4,7,3,7,5,4,4,3,6,4,5,3,5,6,5,9,5,Engineering
1549,4,3,8,7,4,5,2,5,1,4,7,4,5,6,5,5,6,6,3,3,6,7,1,4,3,3,5,9,5,3,6,9,Dentist
1550,4,5,8,8,3,3,5,5,4,6,9,4,8,8,6,4,6,3,9,3,3,10,4,5,6,4,7,9,10,5,5,4,Pharmacy
1551,5,3,7,7,5,1,3,4,3,4,8,6,9,7,6,6,5,5,5,7,5,10,4,4,4,5,7,10,8,4,7,8,MBBS / Doctor
1552,4,1,2,2,3,1,6,4,6,5,7,5,4,6,8,7,8,7,9,7,4,2,2,8,3,9,4,4,8,7,7,9,Journalism / Media
1553,4,2,5,4,7,3,2,2,8,7,6,2,2,6,9,4,5,4,4,10,6,1,4,7,6,8,5,3,6,6,6,10,Journalism / Media
1554,7,4,5,5,5,7,8,9,6,7,10,8,7,9,10,8,6,7,6,4,8,4,9,7,2,4,5,8,9,8,10,8,Business / Management
1555,6,7,6,3,6,4,4,4,5,8,5,5,4,8,7,5,6,8,7,8,3,4,3,6,1,5,8,8,6,5,10,10,Teaching / Professor
1556,6,5,5,8,4,2,2,2,3,7,6,3,7,8,4,7,5,8,6,4,3,7,1,5,3,1,5,9,9,2,10,6,MBBS / Doctor
1557,8,6,2,1,4,9,7,7,2,4,8,7,5,9,7,9,3,4,4,6,5,3,7,5,6,2,3,8,9,4,8,7,Finance / Banking
1558,1,4,5,8,4,4,4,6,4,6,5,6,8,10,8,4,8,8,5,7,6,8,2,3,3,1,5,7,5,4,5,8,Dentist
1559,3,4,1,1,4,3,4,5,8,4,10,4,2,10,6,7,5,4,7,8,3,5,4,9,8,7,6,9,7,7,6,10,Law
1560,5,4,4,6,6,2,7,5,10,5,10,3,6,10,10,10,7,7,7,7,5,4,8,8,6,10,5,7,9,6,8,8,Law
1561,4,1,1,1,5,4,4,5,8,6,8,5,2,9,9,6,6,7,7,7,4,2,2,10,5,8,5,7,9,7,7,9,Law
1562,3,4,4,3,6,1,4,6,10,7,5,4,6,4,9,8,6,8,6,9,5,3,2,8,8,8,5,10,5,3,7,9,Civil Services
1563,3,6,9,5,6,6,8,3,8,2,3,3,6,4,10,7,8,7,7,8,9,4,3,5,3,4,10,9,4,4,9,9,Teaching / Professor
1564,3,6,6,4,4,2,1,1,3,3,7,4,8,7,4,3,3,6,9,4,3,5,1,2,2,1,5,6,5,1,6,4,Pharmacy
1565,2,2,2,4,6,8,7,10,5,6,7,7,3,4,8,6,10,5,3,10,7,3,8,6,6,3,6,5,6,8,6,10,Business / Management
1566,5,7,4,7,2,7,6,5,6,6,7,5,7,7,9,6,7,8,8,8,5,5,2,4,5,7,10,10,6,4,10,7,Teaching / Professor
1567,8,2,3,5,3,8,9,7,1,3,6,8,1,6,7,4,4,3,5,4,5,1,9,2,3,3,4,5,7,7,7,6,Finance / Banking
1568,3,3,2,4,3,4,6,4,9,3,8,6,3,6,10,4,9,7,5,10,7,1,3,9,8,7,4,6,7,5,9,10,Journalism / Media
1569,9,5,5,1,6,5,6,4,2,1,7,10,8,8,7,4,7,5,6,6,9,5,3,6,6,3,4,9,7,9,7,8,Engineering
1570,4,6,7,10,4,3,3,4,4,5,7,6,6,6,5,5,6,7,3,5,5,10,6,6,1,1,4,8,8,4,7,8,Dentist
1571,7,8,6,4,9,1,4,4,2,4,8,10,7,10,6,5,7,6,8,5,6,1,4,1,7,5,4,5,9,5,6,5,Engineering
1572,4,3,10,10,7,3,1,3,2,4,5,7,9,6,6,4,5,4,6,5,6,10,3,3,4,2,3,8,6,3,9,5,Pharmacy
1573,4,4,4,5,4,3,5,1,8,9,8,2,6,7,9,6,6,9,6,4,4,6,1,7,3,5,7,7,6,2,8,9,Psychology
1574,6,4,1,4,5,4,9,7,6,6,7,5,6,9,6,10,7,7,4,7,6,3,8,4,5,6,10,8,10,6,6,9,Business / Management
1575,5,6,4,6,7,4,6,7,3,4,4,8,5,6,9,6,7,6,9,6,5,3,3,6,3,3,10,6,7,1,8,9,Teaching / Professor
1576,6,4,5,5,7,8,9,9,4,4,8,10,2,8,7,3,6,6,2,4,7,1,8,3,5,6,5,5,8,7,3,8,Finance / Banking
1577,9,2,4,1,7,7,6,8,3,6,10,6,3,8,7,6,5,2,7,5,6,1,10,4,5,5,4,4,6,7,8,6,Finance / Banking
1578,9,5,10,10,7,2,4,4,8,7,7,8,9,10,9,8,6,10,6,8,6,10,5,6,5,6,8,5,8,5,9,10,MBBS / Doctor
1579,7,5,4,3,6,6,8,6,4,6,6,10,4,7,5,6,8,1,2,4,7,3,10,2,5,4,5,5,5,6,8,7,Finance / Banking
1580,2,6,5,7,3,1,3,3,1,3,6,4,7,8,4,5,5,6,6,3,3,6,1,3,4,2,7,7,4,4,5,7,MBBS / Doctor
1581,2,1,3,4,7,4,3,6,10,6,10,4,2,7,9,6,6,7,8,7,7,5,3,7,5,8,5,9,7,5,9,7,Law
1582,7,3,1,2,7,1,4,5,8,3,8,4,5,7,9,7,7,6,5,8,6,2,4,7,8,7,4,8,9,6,10,10,Civil Services
1583,8,5,4,1,5,9,7,7,4,5,9,10,5,6,8,8,6,7,6,5,6,5,8,4,4,2,6,7,8,6,8,6,Finance / Banking
1584,7,2,1,4,4,4,6,6,9,5,5,3,2,7,8,4,5,9,5,10,4,2,4,6,7,9,6,9,8,2,8,10,Civil Services
1585,5,3,5,3,7,1,6,5,9,5,9,5,3,6,7,7,6,7,7,9,6,2,2,8,10,8,5,10,9,6,6,9,Civil Services
1586,1,1,2,3,9,4,5,6,8,7,7,1,3,5,10,4,10,6,6,10,3,4,3,10,4,7,3,6,10,8,9,10,Journalism / Media
1587,4,1,5,1,3,2,7,8,3,6,7,2,5,9,7,8,10,4,4,7,6,2,7,7,5,4,3,4,8,5,10,8,Business / Management
1588,7,3,4,5,5,3,4,4,8,9,6,6,8,9,7,7,9,7,7,10,5,5,6,7,4,6,10,8,7,5,8,7,Teaching / Professor
1589,4,3,1,3,5,6,6,4,8,7,8,4,2,9,10,6,9,7,6,10,3,4,5,8,7,10,4,5,4,6,10,8,Law
1590,4,3,7,5,1,2,1,4,3,5,5,6,4,5,2,4,3,3,4,3,4,6,3,2,3,1,6,9,5,5,5,5,Pharmacy
1591,3,4,4,3,5,3,2,2,4,7,6,5,5,5,8,7,9,6,6,9,7,1,4,7,6,8,7,4,7,7,7,10,Journalism / Media
1592,4,3,4,3,4,3,6,5,8,7,9,4,4,9,8,10,7,8,7,9,5,5,5,8,6,7,4,9,6,4,6,8,Civil Services
1593,6,8,8,10,7,5,5,4,5,8,7,5,10,10,10,5,6,9,7,4,7,10,3,7,8,6,7,8,9,9,10,9,MBBS / Doctor
1594,2,5,3,5,3,5,1,3,6,10,5,3,5,8,10,6,8,6,6,6,2,7,2,4,2,4,5,8,6,5,7,9,Psychology
1595,7,6,4,1,6,7,8,7,4,2,8,8,4,8,8,7,6,5,4,4,6,3,10,4,4,2,4,3,8,10,6,7,Finance / Banking
1596,6,2,1,2,5,10,7,5,2,3,8,8,1,5,6,6,3,2,2,2,5,1,9,4,2,3,4,7,7,6,6,3,CA / Accounting
1597,5,2,2,2,4,8,5,6,4,5,7,10,4,7,7,6,7,4,4,5,7,4,10,3,2,6,3,7,7,7,6,6,Finance / Banking
1598,7,2,1,2,6,8,9,6,3,5,8,8,1,10,6,9,4,4,3,2,5,4,10,5,7,6,6,9,9,5,8,5,CA / Accounting
1599,5,5,1,1,4,5,10,7,7,5,10,8,4,6,6,8,5,4,5,5,7,4,8,4,4,3,4,8,6,10,10,7,Finance / Banking
1600,8,10,8,3,9,2,5,5,6,6,8,10,7,6,4,8,7,5,6,4,8,4,4,5,4,3,3,5,10,9,9,5,Engineering
1601,5,4,4,3,7,3,6,3,8,5,8,3,6,9,8,7,4,9,5,8,5,2,3,9,7,9,8,7,9,3,9,8,Civil Services
1602,4,5,5,4,6,6,7,9,3,8,10,5,6,10,7,6,10,6,4,7,7,8,7,6,6,7,7,6,8,5,9,9,Business / Management
1603,6,5,8,6,2,3,7,4,1,6,7,4,6,9,5,6,5,8,8,2,6,8,1,2,3,4,4,9,6,5,9,6,Pharmacy
1604,5,3,4,3,3,1,6,2,9,2,7,4,6,10,8,5,6,7,5,9,4,3,5,4,7,8,5,10,8,6,7,7,Civil Services
1605,2,5,7,8,4,1,3,4,2,6,6,2,6,7,6,5,6,8,5,3,3,8,3,3,1,2,6,6,10,6,8,7,Dentist
1606,5,6,8,6,4,4,3,4,2,4,5,6,10,9,4,8,5,3,9,5,4,7,1,2,2,4,5,8,6,4,8,6,Pharmacy
1607,3,1,6,4,5,2,6,2,8,7,7,2,2,5,8,6,8,6,8,9,7,2,4,10,5,6,3,2,7,7,9,9,Journalism / Media
1608,4,4,8,5,3,3,4,6,8,6,7,6,7,7,9,9,7,8,9,8,5,4,4,6,4,5,10,7,8,6,6,9,Teaching / Professor
1609,8,4,2,1,8,8,5,7,3,1,7,10,1,6,3,3,2,3,7,6,6,4,8,2,3,1,1,7,7,4,7,7,Finance / Banking
1610,3,5,4,3,7,5,7,8,3,8,9,8,4,7,7,10,8,5,5,6,5,3,6,5,1,4,5,4,5,8,9,7,Business / Management
1611,7,5,7,3,7,5,6,2,5,5,6,5,6,7,7,8,7,6,7,7,3,3,5,6,4,6,8,7,8,4,5,9,Teaching / Professor
1612,4,4,2,3,7,5,6,9,3,4,9,8,2,9,9,7,7,5,7,9,6,1,8,6,6,3,6,5,8,8,10,9,Business / Management
1613,9,5,2,2,8,7,7,3,5,3,9,8,5,9,5,5,6,6,5,5,7,1,8,3,5,6,2,7,7,6,5,7,Finance / Banking
1614,5,5,3,6,5,5,6,9,5,6,6,5,5,10,9,10,9,7,6,9,9,1,8,5,4,2,3,6,5,8,10,8,Business / Management
1615,9,7,6,4,5,2,6,3,5,4,7,9,8,9,7,6,4,4,3,6,10,4,4,5,1,3,3,6,9,8,8,5,Engineering
1616,5,4,2,4,6,5,5,3,9,6,8,5,6,8,10,9,7,8,5,7,7,3,3,7,7,5,3,10,7,5,9,5,Civil Services
1617,6,6,8,9,6,3,2,5,5,5,7,4,8,9,6,4,7,7,7,8,5,6,3,2,4,5,4,7,6,3,7,5,Pharmacy
1618,4,2,2,6,7,2,4,6,8,5,7,5,2,7,10,6,7,7,8,7,4,3,6,9,9,9,4,7,7,5,8,6,Law
1619,5,6,6,4,7,4,7,7,4,5,5,7,6,8,4,8,6,5,7,3,6,4,6,4,7,6,6,7,8,10,10,6,Business / Management
1620,8,7,6,5,8,2,7,7,5,6,10,9,8,9,7,4,8,3,5,7,10,6,4,3,4,4,5,9,6,7,6,7,Engineering
1621,4,5,5,6,7,4,3,4,7,7,8,6,7,8,9,6,9,7,6,8,6,3,2,6,6,3,9,7,5,1,8,6,Teaching / Professor
1622,8,7,8,4,10,3,8,5,6,4,7,9,9,9,4,4,5,3,7,7,9,1,4,5,7,2,5,10,8,8,8,7,Engineering
1623,5,4,2,5,3,3,5,4,5,5,7,4,6,4,7,6,4,7,8,6,5,1,3,5,2,4,7,9,6,4,4,9,Teaching / Professor
1624,4,5,1,8,6,5,3,3,4,10,8,1,7,8,10,7,7,9,7,7,5,5,2,8,3,4,7,7,7,2,8,8,Psychology
1625,2,5,3,4,8,4,6,8,4,4,7,7,5,7,7,9,8,6,4,8,6,3,7,5,6,3,2,5,6,4,10,10,Business / Management
1626,2,5,3,5,7,3,4,4,4,8,4,5,5,7,9,5,6,9,7,9,1,5,4,9,4,4,8,7,4,3,7,8,Psychology
1627,3,5,7,8,5,2,4,5,4,5,6,5,8,8,6,6,8,9,4,6,8,10,6,2,3,3,5,7,7,4,7,6,Dentist
1628,8,4,7,10,4,3,2,4,3,6,7,6,6,8,6,8,7,6,4,4,6,9,6,5,5,5,4,8,7,4,7,10,Dentist
1629,7,2,2,2,5,10,8,7,2,7,10,7,3,9,6,5,3,4,3,3,5,2,10,3,3,6,3,4,10,5,7,6,CA / Accounting
1630,3,3,7,10,2,2,5,5,6,6,4,5,9,8,8,5,9,6,2,3,5,9,1,4,3,5,2,7,10,4,6,9,Dentist
1631,5,3,8,9,4,2,1,2,6,3,6,7,7,7,7,5,3,5,9,3,5,8,5,3,1,4,3,6,8,3,7,3,Pharmacy
1632,8,5,3,2,6,7,7,8,9,6,8,8,4,7,7,5,2,5,4,4,5,4,8,5,4,5,5,8,7,5,6,7,CA / Accounting
1633,5,2,2,5,2,8,7,6,2,4,4,8,2,8,2,5,4,3,3,3,7,2,8,2,2,6,3,6,7,4,5,5,CA / Accounting
1634,1,3,4,6,5,4,4,2,3,9,7,3,5,9,9,6,8,9,8,6,6,5,4,10,8,6,10,8,8,3,10,10,Psychology
1635,8,2,4,1,6,10,7,9,1,5,8,10,4,4,5,8,4,3,5,7,5,1,9,3,6,5,5,10,6,6,8,4,CA / Accounting
1636,6,1,4,4,6,6,7,7,5,7,8,9,4,6,5,7,5,4,2,1,6,2,9,5,5,2,7,5,7,3,7,4,CA / Accounting
1637,5,8,4,2,8,3,4,5,2,4,7,7,7,7,7,6,4,2,6,4,8,3,4,5,2,2,3,7,8,5,3,3,Engineering
1638,1,4,2,5,5,5,4,7,6,6,10,4,4,8,9,7,10,7,5,7,7,2,7,9,6,9,6,6,9,5,7,9,Law
1639,7,8,6,3,9,5,6,5,4,4,9,8,8,9,7,6,9,6,6,3,10,4,2,4,5,4,4,9,6,6,8,7,Engineering
1640,4,4,6,2,8,5,8,9,5,8,7,8,5,7,8,9,6,7,6,8,9,5,7,5,6,6,5,5,7,9,6,5,Business / Management
1641,6,1,1,1,5,9,7,6,6,2,7,4,3,5,5,4,3,3,3,3,4,1,9,3,1,4,2,9,5,3,6,6,CA / Accounting
1642,4,6,8,7,6,5,5,3,6,4,5,5,5,6,7,6,6,7,6,7,5,1,2,8,5,5,7,7,6,4,7,9,Teaching / Professor
1643,8,2,4,1,7,10,7,5,1,2,9,8,3,7,4,6,5,1,3,2,3,2,9,5,5,4,3,10,8,5,4,3,CA / Accounting
1644,6,5,9,10,5,2,5,3,3,6,8,5,9,6,9,9,5,10,7,7,6,10,2,4,7,2,7,10,9,6,8,10,MBBS / Doctor
1645,8,6,3,3,10,3,6,4,2,6,5,7,7,9,5,4,6,4,6,7,7,4,4,6,4,5,5,8,5,3,8,7,Engineering
1646,5,5,2,7,4,9,8,6,2,5,5,10,4,9,7,10,4,2,9,4,5,1,9,3,4,2,4,9,6,4,6,6,CA / Accounting
1647,5,6,1,1,6,3,3,5,7,4,9,3,1,8,7,7,6,5,8,6,6,2,6,7,6,10,7,8,5,6,8,10,Law
1648,4,1,5,3,6,3,6,3,6,5,6,5,3,6,9,8,3,7,7,6,3,1,3,10,5,6,4,7,6,6,5,10,Law
1649,9,2,9,9,2,3,1,3,2,4,10,5,10,6,6,3,8,7,8,3,6,10,3,4,1,5,5,8,5,2,6,7,Pharmacy
1650,7,7,4,5,6,3,6,5,7,5,8,5,9,6,9,7,10,9,6,9,3,3,2,5,5,6,10,8,4,4,8,5,Teaching / Professor
1651,8,4,4,2,7,10,10,8,1,4,10,9,4,8,8,6,7,6,3,1,7,1,10,4,5,5,3,7,7,8,7,9,Finance / Banking
1652,7,4,2,2,6,6,9,7,3,4,9,5,2,9,7,5,5,5,7,4,9,3,8,3,6,6,4,8,7,6,7,4,Finance / Banking
1653,5,4,8,2,5,4,8,10,4,7,8,8,7,5,9,7,9,6,5,6,9,2,9,3,4,8,9,4,7,8,10,9,Business / Management
1654,5,2,9,7,2,4,3,6,2,4,7,6,7,8,4,6,1,7,6,1,8,7,3,5,4,3,5,6,7,7,7,5,Pharmacy
1655,8,7,2,2,5,9,7,6,5,4,9,7,1,10,8,6,5,3,5,8,10,3,7,5,4,4,4,10,8,8,8,7,Finance / Banking
1656,8,4,2,1,7,7,8,7,2,4,8,9,5,8,8,7,8,5,3,4,10,1,10,8,3,7,7,6,5,8,7,7,Finance / Banking
1657,9,2,3,3,4,8,6,7,7,4,8,6,4,7,3,4,6,6,5,6,7,1,10,2,4,3,3,9,7,6,6,7,Finance / Banking
1658,3,1,5,4,1,1,5,4,5,10,7,2,3,5,8,6,8,10,8,7,3,5,2,6,1,6,5,7,5,2,5,6,Psychology
1659,5,3,6,8,3,4,5,6,4,10,7,3,8,9,9,6,8,9,6,4,4,7,4,7,1,5,8,5,4,2,6,10,Psychology
1660,3,3,2,3,5,2,2,5,7,8,7,5,1,7,6,6,8,7,7,9,4,2,2,9,6,8,6,5,6,5,6,8,Journalism / Media
1661,3,5,7,9,5,1,4,4,3,4,6,2,8,6,5,3,6,5,6,1,3,7,4,3,2,3,5,7,7,4,7,5,Pharmacy
1662,5,5,6,8,3,4,3,4,2,3,8,4,9,7,6,6,5,7,9,4,6,7,2,4,2,2,6,9,3,4,8,5,Pharmacy
1663,3,4,6,7,3,4,4,6,4,2,5,3,5,10,7,6,9,7,5,4,7,8,6,1,3,2,3,7,6,4,6,7,Dentist
1664,1,1,2,3,4,2,4,5,5,6,6,1,5,6,10,3,8,7,7,8,8,1,4,7,4,8,6,6,6,6,8,8,Journalism / Media
1665,5,4,8,5,2,4,2,3,1,5,6,5,9,7,5,4,4,3,5,6,7,4,3,1,6,1,5,7,7,5,5,7,Pharmacy
1666,6,7,8,9,6,1,3,4,2,7,5,6,9,8,9,7,7,9,6,8,8,10,3,7,7,7,6,10,8,3,10,10,MBBS / Doctor
1667,3,3,2,5,2,5,4,3,9,3,8,1,5,6,8,8,7,6,4,9,7,5,4,6,5,6,5,6,5,5,8,9,Journalism / Media
1668,8,4,8,4,9,2,2,5,3,5,8,8,6,9,4,9,10,7,8,4,10,3,1,6,5,4,3,6,4,7,4,6,Engineering
1669,9,5,1,3,4,5,8,8,1,5,7,9,7,7,5,6,5,4,5,4,5,3,10,4,5,1,4,9,8,7,7,6,Finance / Banking
1670,6,4,8,10,4,4,2,6,3,5,8,2,10,10,3,6,3,6,8,5,5,7,6,1,3,3,5,10,5,3,6,6,Pharmacy
1671,5,6,7,7,5,3,1,5,2,6,9,5,7,9,9,5,2,10,8,6,3,10,4,8,4,4,3,10,9,5,10,7,MBBS / Doctor
1672,6,2,1,1,7,9,9,9,3,2,9,7,3,10,3,6,4,3,3,7,6,1,10,6,5,8,2,10,7,3,8,7,CA / Accounting
1673,2,2,5,9,1,5,3,5,5,9,9,7,6,6,8,1,9,10,6,6,2,7,2,8,3,3,8,8,6,2,5,9,Psychology
1674,3,3,3,3,5,2,6,4,4,6,8,6,6,5,8,4,7,8,6,8,5,3,1,4,5,5,10,8,4,3,7,6,Teaching / Professor
1675,1,3,2,3,7,2,5,6,8,6,8,3,1,5,10,8,10,7,3,9,8,2,4,10,6,7,2,3,8,8,10,10,Journalism / Media
1676,6,2,4,2,8,7,5,8,4,1,8,10,1,5,7,5,6,5,6,6,5,1,10,3,5,3,2,4,7,8,7,6,Finance / Banking
1677,4,6,10,10,7,2,2,3,1,5,7,5,9,5,5,5,3,4,8,2,4,5,1,7,1,3,5,6,7,1,9,4,Pharmacy
1678,4,4,4,8,5,2,4,8,3,7,8,5,8,4,6,5,7,5,4,6,6,10,7,5,4,4,7,9,9,2,8,9,Dentist
1679,2,5,1,2,4,1,4,8,7,8,5,5,4,6,9,6,10,7,6,10,5,5,2,10,3,7,7,5,6,7,8,6,Journalism / Media
1680,7,5,3,1,7,4,7,5,9,3,7,5,3,7,6,7,7,9,8,9,6,2,5,8,10,10,6,8,7,6,6,9,Civil Services
1681,2,2,1,3,4,1,7,1,5,4,8,6,1,7,8,6,7,5,4,7,8,4,1,8,2,8,4,4,5,8,7,8,Journalism / Media
1682,5,4,1,4,6,2,3,5,8,6,7,6,3,5,8,7,8,9,5,9,7,2,1,7,5,6,4,6,5,8,8,9,Journalism / Media
1683,5,3,3,5,6,3,4,6,6,7,10,6,5,7,9,7,6,6,5,10,4,2,5,9,8,9,6,10,6,6,8,7,Law
1684,5,5,1,4,8,6,8,10,1,8,8,8,3,6,10,8,8,7,6,9,8,2,8,6,2,7,2,8,7,9,9,9,Business / Management
1685,3,3,2,6,5,1,5,4,6,10,9,7,7,9,10,5,8,10,8,8,9,4,4,7,5,4,7,10,8,4,5,10,Psychology
1686,3,3,3,7,3,4,4,5,7,9,8,6,6,9,10,7,8,10,7,7,5,5,4,8,3,3,5,7,4,3,6,7,Psychology
1687,4,3,5,6,5,1,1,3,2,7,6,5,8,8,8,6,3,7,6,2,2,7,1,4,3,3,7,9,8,5,7,3,MBBS / Doctor
1688,6,8,3,4,6,2,6,5,2,3,6,5,7,9,7,7,7,5,5,4,7,2,4,4,8,2,5,5,6,6,8,5,Engineering
1689,8,8,7,2,8,4,5,7,2,2,10,9,7,9,7,5,6,6,8,4,9,3,5,5,3,6,4,7,5,6,8,7,Engineering
1690,4,4,6,3,7,4,5,8,9,7,5,6,3,9,9,8,8,8,6,10,6,2,5,6,8,8,5,8,9,5,8,7,Law
1691,1,2,4,3,4,6,2,2,6,7,4,2,3,7,10,7,8,7,7,8,6,3,3,6,4,9,7,5,7,5,8,10,Journalism / Media
1692,7,1,1,6,5,5,5,5,9,6,6,3,4,9,10,8,10,9,10,9,7,5,2,7,7,7,7,5,7,6,5,9,Journalism / Media
1693,8,4,1,1,6,9,9,5,4,5,10,9,4,6,6,7,4,3,6,5,9,3,8,6,4,5,3,7,6,3,9,5,Finance / Banking
1694,5,3,2,4,5,3,4,7,8,6,9,4,4,9,8,7,6,6,7,7,5,3,6,6,6,10,4,6,9,6,7,9,Law
1695,7,5,7,8,7,2,4,3,6,8,8,7,7,10,7,1,7,8,8,7,4,4,3,7,6,7,10,9,8,2,7,10,Teaching / Professor
1696,7,6,1,4,6,4,8,10,6,7,6,6,3,8,8,10,10,7,3,5,8,5,7,3,7,6,5,4,7,9,9,7,Business / Management
1697,7,6,1,1,8,9,8,8,3,3,9,8,4,8,6,9,4,5,5,5,7,4,10,3,3,3,3,8,7,7,5,6,Finance / Banking
1698,2,4,5,7,5,1,1,6,3,5,8,4,9,6,5,4,6,5,8,1,5,5,3,1,4,1,4,7,5,2,6,3,Pharmacy
1699,1,1,1,4,1,3,2,5,7,10,8,7,6,8,9,7,6,10,6,9,4,7,2,7,4,6,10,7,7,1,10,7,Psychology
1700,8,7,6,2,4,8,9,10,4,4,10,8,4,8,7,8,6,4,5,9,5,1,8,5,6,4,4,6,5,9,7,7,Finance / Banking
1701,8,9,4,2,8,1,5,3,1,7,7,5,8,7,8,5,6,5,7,6,9,4,5,5,4,2,6,7,6,8,5,8,Engineering
1702,3,4,4,3,5,5,6,8,6,6,8,6,6,10,7,10,6,3,7,6,7,1,5,4,5,4,4,5,9,9,8,9,Business / Management
1703,4,3,7,9,6,3,5,1,3,6,8,8,7,7,7,5,4,8,8,6,4,9,1,6,7,1,7,8,8,4,6,10,MBBS / Doctor
1704,6,3,5,5,8,7,10,8,3,6,6,5,7,7,8,7,9,8,7,9,7,5,8,5,5,7,4,5,8,7,7,8,Business / Management
1705,5,4,4,4,6,3,4,7,4,5,5,4,5,7,8,10,4,7,8,3,6,5,2,5,3,5,9,9,5,4,7,10,Teaching / Professor
1706,7,3,4,4,7,8,7,8,4,4,5,6,5,8,8,8,9,6,5,8,8,5,8,6,2,7,5,6,6,10,5,10,Business / Management
1707,3,5,4,3,6,4,8,9,5,5,6,6,6,9,10,8,6,4,6,4,9,1,9,4,4,8,4,5,6,6,7,7,Business / Management
1708,4,3,4,4,2,3,4,3,5,6,4,4,5,6,10,5,7,7,7,4,2,7,2,6,3,5,10,6,3,3,6,10,Psychology
1709,8,3,2,2,7,9,8,7,4,3,8,8,4,10,5,7,5,5,5,7,4,1,10,6,7,5,5,4,8,8,7,7,Finance / Banking
1710,8,8,7,4,10,3,4,3,1,5,10,8,8,8,5,7,10,7,7,5,9,2,2,3,4,3,3,7,6,5,6,5,Engineering
1711,5,5,7,7,5,1,4,1,1,7,5,6,9,8,7,6,5,9,6,5,7,8,1,3,6,4,7,9,10,1,8,8,MBBS / Doctor
1712,4,7,6,4,8,4,5,10,3,7,8,6,5,9,8,8,6,7,5,10,7,3,8,6,2,5,6,5,9,8,9,10,Business / Management
1713,1,1,3,3,5,1,8,4,8,5,8,5,4,5,6,9,4,6,3,5,4,5,6,8,8,8,6,8,5,4,8,5,Civil Services
1714,7,5,8,7,4,4,2,3,3,5,7,4,8,9,6,8,7,8,4,4,6,7,5,3,4,2,7,8,10,5,8,10,Dentist
1715,3,5,4,6,3,1,4,5,9,7,9,6,3,10,8,8,8,4,9,6,5,3,5,7,9,7,5,10,9,6,8,8,Civil Services
1716,3,2,4,5,5,4,6,2,8,6,6,4,4,7,10,5,10,9,7,8,5,3,5,6,6,8,6,6,7,6,9,9,Journalism / Media
1717,3,2,1,4,2,3,4,5,7,8,8,3,2,7,6,4,8,6,4,8,5,1,1,5,3,8,2,8,6,5,7,5,Law
1718,7,6,2,2,4,6,8,8,4,5,6,7,4,7,5,6,5,4,7,7,8,2,10,4,4,3,3,8,5,5,6,4,Finance / Banking
1719,3,6,8,6,9,2,6,4,2,6,5,5,7,8,8,7,3,7,4,6,6,7,4,6,4,3,6,8,10,5,6,10,MBBS / Doctor
1720,6,5,3,8,7,3,6,6,8,6,6,5,7,6,10,8,9,7,8,8,4,5,6,10,6,5,10,8,6,4,7,7,Teaching / Professor
1721,7,6,3,6,7,6,3,7,6,4,9,5,7,6,10,7,6,6,7,7,3,2,6,6,5,4,10,10,6,2,6,7,Teaching / Professor
1722,2,1,1,4,8,2,5,5,8,5,6,6,3,8,10,6,8,7,7,8,6,4,3,9,5,6,2,5,7,6,7,10,Journalism / Media
1723,4,4,3,6,5,2,2,8,4,10,9,8,6,8,8,4,8,10,8,7,4,7,4,9,3,3,7,7,6,2,6,8,Psychology
1724,2,2,2,3,5,2,4,4,7,3,7,3,6,3,7,4,10,8,5,7,5,1,4,7,4,3,4,4,4,7,6,9,Journalism / Media
1725,3,1,3,3,6,2,4,6,8,7,6,6,6,9,9,7,5,3,6,8,2,5,4,7,6,10,5,6,5,5,6,9,Law
1726,5,5,6,7,2,7,1,1,5,4,5,1,9,7,9,7,6,8,6,5,5,8,5,5,2,4,6,9,8,7,8,10,MBBS / Doctor
1727,5,2,1,2,6,7,5,6,1,3,7,7,3,5,9,4,2,6,3,1,4,3,9,1,5,5,4,5,5,1,5,7,CA / Accounting
1728,6,5,6,10,2,5,2,3,3,2,6,4,5,8,7,8,9,8,3,4,7,9,3,4,2,3,5,6,7,3,7,10,Dentist
1729,8,2,1,1,6,9,7,6,4,2,8,10,2,6,4,4,4,5,4,3,5,1,8,2,6,3,2,5,5,1,6,5,CA / Accounting
1730,7,5,8,10,1,2,5,4,2,3,6,2,3,7,7,6,8,8,2,3,2,10,3,3,4,2,7,7,7,4,7,8,Dentist
1731,4,3,5,1,6,10,5,6,5,4,8,6,2,8,1,7,6,6,6,4,7,1,8,4,3,4,7,7,7,2,5,4,CA / Accounting
1732,6,7,5,4,6,2,9,5,7,7,8,6,5,7,8,9,6,8,6,8,5,3,7,9,8,7,6,7,10,5,8,9,Civil Services
1733,3,3,2,6,4,2,4,2,5,8,7,1,7,7,6,6,5,7,7,4,4,7,2,10,5,6,7,5,8,3,6,9,Psychology
1734,3,2,7,5,4,2,5,1,5,6,8,7,5,8,5,6,2,9,7,10,4,1,3,5,5,5,8,8,5,3,6,8,Teaching / Professor
1735,6,2,1,1,7,8,6,7,3,3,6,8,2,7,6,5,2,7,4,4,6,1,7,3,2,2,7,9,7,4,7,5,CA / Accounting
1736,4,2,3,4,3,4,4,3,3,7,6,3,5,6,7,6,6,8,5,6,5,6,1,5,8,5,7,9,6,3,6,8,Psychology
1737,7,4,10,10,5,2,3,5,3,4,9,6,9,8,7,3,3,6,9,6,6,7,4,5,3,4,3,10,6,2,6,7,Pharmacy
1738,3,1,1,6,1,2,3,3,6,9,6,2,6,7,6,4,5,9,6,6,2,5,2,7,3,1,7,8,7,1,5,6,Psychology
1739,7,9,5,5,7,1,5,6,5,5,9,9,8,8,6,9,8,5,7,5,8,4,4,5,3,5,6,7,4,8,8,5,Engineering
1740,1,1,3,3,4,5,8,6,5,6,7,6,4,8,8,8,5,5,6,5,5,2,4,6,7,6,1,7,5,5,8,10,Civil Services
1741,2,2,2,4,4,2,4,4,5,7,6,3,7,4,6,4,5,9,8,7,4,4,1,7,5,3,6,6,7,1,9,8,Psychology
1742,5,2,4,4,5,3,6,4,7,5,5,5,5,8,10,6,8,6,8,10,3,2,2,5,5,9,5,5,7,7,10,8,Journalism / Media
1743,5,2,2,4,4,5,5,9,8,4,8,5,3,9,10,7,8,6,5,5,7,5,3,5,5,9,3,7,9,6,6,9,Law
1744,5,4,5,8,7,7,5,6,6,7,7,9,6,6,9,6,10,8,10,8,6,4,3,7,5,4,9,8,6,1,6,7,Teaching / Professor
1745,3,4,2,1,2,2,3,6,6,4,7,2,3,8,7,6,9,6,8,7,4,2,5,6,6,8,4,6,8,7,10,9,Journalism / Media
1746,3,1,1,5,7,2,5,7,7,4,7,2,4,6,7,5,7,6,5,7,6,1,3,8,6,5,3,7,5,4,10,7,Journalism / Media
1747,9,3,3,5,6,9,4,6,6,4,5,8,1,6,5,4,4,1,5,5,3,3,10,4,4,5,5,8,10,3,8,5,CA / Accounting
1748,4,5,2,4,7,5,7,9,3,4,8,5,5,10,7,8,7,6,5,7,10,4,8,5,5,5,4,7,7,8,10,9,Business / Management
1749,4,3,3,4,3,2,4,2,6,9,5,3,6,5,8,4,7,10,6,7,2,5,4,4,1,2,5,8,5,1,6,9,Psychology
1750,7,6,7,2,9,5,6,5,5,5,7,10,7,10,3,8,10,5,8,6,8,5,3,4,6,6,4,6,6,8,6,7,Engineering
1751,7,7,4,4,4,3,3,4,7,8,5,2,5,5,7,6,8,7,6,8,5,3,1,5,5,6,7,8,5,5,7,7,Teaching / Professor
1752,4,3,1,5,2,1,3,4,5,8,7,3,5,5,5,6,7,8,6,2,3,6,3,8,5,2,6,8,4,2,9,7,Psychology
1753,3,3,8,6,4,3,4,5,3,6,4,6,9,7,5,5,2,5,8,1,6,9,5,3,3,2,3,8,7,6,6,4,Pharmacy
1754,1,3,3,5,5,1,3,4,4,9,7,4,4,7,9,5,6,8,6,5,4,3,3,3,1,3,8,9,6,3,7,7,Psychology
1755,4,7,6,8,4,1,3,4,1,6,3,3,9,6,7,5,6,5,2,4,4,7,2,6,3,1,2,8,5,3,8,9,Dentist
1756,4,4,2,3,5,1,6,7,6,4,7,4,8,10,6,6,6,7,8,6,6,3,5,6,9,6,10,9,9,4,8,8,Civil Services
1757,6,5,7,9,5,4,3,4,4,3,6,5,10,10,5,8,7,8,3,4,5,9,1,4,3,4,7,10,7,4,8,9,MBBS / Doctor
1758,2,5,1,2,3,3,3,4,9,3,8,6,6,9,10,4,7,4,6,5,6,4,2,6,1,6,6,6,4,6,7,7,Journalism / Media
1759,6,2,6,9,3,3,5,5,3,6,7,3,10,6,6,5,3,7,7,5,4,7,4,5,4,1,6,7,5,5,6,7,Pharmacy
1760,6,9,4,4,8,2,7,4,3,4,7,7,6,10,7,5,8,2,8,7,10,5,4,6,3,3,5,9,5,5,7,7,Engineering
1761,8,5,6,5,8,6,4,5,4,5,8,8,9,10,6,7,6,6,6,7,10,3,1,4,6,5,6,9,8,8,9,8,Engineering
1762,5,6,8,9,4,2,1,2,6,5,4,6,9,8,7,8,8,7,7,7,4,10,4,3,7,2,5,10,9,4,7,7,MBBS / Doctor
1763,6,3,10,7,5,4,2,4,3,6,8,4,10,9,10,5,4,8,5,7,5,7,1,4,6,4,6,8,8,7,8,9,MBBS / Doctor
1764,5,7,9,9,5,2,3,6,2,4,3,6,9,9,6,3,5,9,5,4,2,10,2,5,1,2,1,6,7,2,8,4,Pharmacy
1765,2,3,1,3,6,1,6,4,8,8,7,6,3,7,7,8,4,4,5,6,4,1,4,5,10,8,4,9,8,4,9,8,Civil Services
1766,5,2,5,7,4,4,6,7,10,7,10,4,6,10,8,9,6,9,10,8,5,4,5,8,10,8,9,10,10,4,10,10,Civil Services
1767,2,3,2,4,3,2,4,4,8,8,4,2,5,5,9,3,5,7,6,5,4,7,2,8,4,2,8,7,3,2,6,9,Psychology
1768,2,2,3,3,4,4,10,5,10,8,7,4,1,7,9,6,6,6,6,8,5,3,4,6,4,9,4,9,4,4,8,6,Law
1769,5,3,7,6,8,4,5,3,7,7,10,5,3,10,6,9,9,9,7,9,6,5,7,9,6,9,7,9,7,6,10,10,Law
1770,8,8,7,4,10,4,3,3,6,7,9,10,9,10,5,9,8,5,6,6,7,5,3,5,4,4,4,7,10,9,8,6,Engineering
1771,3,6,4,3,4,1,3,3,8,4,5,5,6,6,8,8,5,7,9,10,6,1,4,7,5,4,8,9,7,5,7,8,Teaching / Professor
1772,5,8,10,10,5,3,2,5,4,4,6,6,6,7,7,8,8,9,2,4,10,10,1,9,3,5,5,10,6,4,10,7,MBBS / Doctor
1773,5,4,7,8,6,5,3,5,3,6,6,5,10,10,7,4,10,7,7,5,7,10,5,6,4,4,5,10,10,5,9,9,Dentist
1774,7,9,4,4,8,4,5,6,2,5,8,6,7,10,5,6,5,3,6,5,8,3,2,4,5,2,5,8,6,7,5,7,Engineering
1775,7,5,1,3,6,10,8,8,1,2,9,8,3,7,6,4,5,4,7,6,3,1,10,5,5,3,5,4,6,7,8,7,Finance / Banking
1776,9,3,2,2,6,8,9,8,7,7,7,8,5,5,7,5,5,5,3,8,6,4,7,3,5,4,5,8,6,8,8,5,Finance / Banking
1777,6,8,5,4,7,1,3,6,3,4,10,7,8,10,8,4,6,6,9,4,8,4,5,6,3,3,5,9,7,7,6,9,Engineering
1778,4,2,1,3,3,2,6,3,7,5,8,3,3,7,9,7,6,7,6,8,3,1,2,6,5,8,5,7,7,7,9,5,Law
1779,6,5,3,1,6,2,8,7,5,4,6,5,5,7,9,8,7,6,4,5,8,2,8,5,5,4,4,6,7,10,8,6,Business / Management
1780,3,7,7,5,5,2,7,3,9,6,7,7,4,8,10,10,8,7,5,8,4,4,5,10,10,9,8,10,9,8,10,8,Civil Services
1781,6,1,8,7,4,1,4,2,1,4,9,6,10,9,5,4,5,4,6,4,4,8,1,3,4,1,4,8,6,2,6,3,Pharmacy
1782,5,1,3,6,1,2,7,1,2,9,8,4,5,6,9,6,7,9,7,6,3,4,1,5,3,5,8,6,8,4,9,6,Psychology
1783,5,5,5,8,5,5,2,6,2,8,7,5,7,9,7,5,7,6,4,3,5,10,4,5,3,4,9,8,9,3,8,7,Dentist
1784,7,4,3,3,6,7,8,10,4,3,10,7,6,7,7,10,6,6,7,8,8,6,8,3,4,8,5,9,10,8,8,10,Business / Management
1785,4,5,5,5,6,4,5,3,8,3,4,5,6,5,10,7,7,9,5,10,4,2,3,5,6,4,10,9,7,4,7,8,Teaching / Professor
1786,5,5,3,4,8,3,10,8,5,8,10,7,4,7,8,10,8,7,3,6,7,3,7,3,4,8,4,8,3,7,6,10,Business / Management
1787,3,5,8,8,6,7,6,4,5,3,6,5,8,8,6,4,5,4,4,4,6,10,1,2,1,3,4,7,8,6,6,7,Pharmacy
1788,7,4,2,2,4,6,9,6,6,5,9,3,5,7,9,9,8,6,7,7,8,4,8,3,5,5,3,5,10,7,8,9,Business / Management
1789,3,3,4,3,9,5,5,7,3,4,7,4,3,9,7,9,5,5,3,7,5,5,4,6,5,5,5,8,10,7,8,7,Business / Management
1790,8,1,1,1,4,7,5,8,4,3,6,8,5,8,3,2,3,4,2,4,4,1,9,6,3,3,5,7,6,5,9,5,Finance / Banking
1791,5,8,6,9,3,2,3,3,3,7,8,7,10,10,8,7,9,6,5,5,6,10,4,5,3,1,4,10,6,3,8,8,Dentist
1792,6,5,5,7,7,4,6,7,7,6,9,7,4,8,10,8,10,5,9,8,8,1,4,10,7,9,4,4,5,4,8,9,Journalism / Media
1793,5,5,3,4,6,6,9,8,5,5,6,10,1,6,5,3,5,4,7,6,7,3,9,4,4,4,4,7,5,6,8,5,Finance / Banking
1794,7,5,10,10,7,2,2,4,3,3,9,5,8,9,8,9,6,8,8,6,6,10,1,4,4,3,8,7,8,4,10,9,MBBS / Doctor
1795,4,4,8,10,6,3,3,3,2,5,8,5,7,7,7,4,4,10,5,4,6,8,2,6,2,4,5,8,10,2,9,9,MBBS / Doctor
1796,4,3,7,6,5,2,1,5,3,1,7,3,9,8,7,5,6,2,5,4,3,7,4,7,3,2,1,8,6,4,7,6,Pharmacy
1797,7,1,1,4,5,6,7,5,1,4,5,6,2,7,7,5,5,2,4,2,7,1,8,4,2,2,2,8,6,5,7,5,Finance / Banking
1798,4,5,1,3,5,10,8,6,3,4,8,5,3,8,5,6,6,4,4,2,6,2,9,3,5,5,5,6,8,2,6,9,CA / Accounting
1799,3,6,5,9,4,2,4,4,4,4,6,5,7,6,4,6,9,8,4,4,4,9,5,4,1,3,7,7,9,1,8,5,Dentist
1800,2,4,2,2,8,2,4,6,6,7,6,5,1,6,7,6,9,10,3,8,9,4,4,10,6,6,7,5,7,7,10,10,Journalism / Media
1801,3,3,8,7,2,3,1,5,1,7,7,2,8,6,5,6,7,5,9,2,3,9,2,4,3,1,5,9,6,4,5,6,Pharmacy
1802,3,3,6,9,4,3,2,5,4,3,10,4,5,9,7,6,8,7,7,3,7,6,4,4,4,1,5,10,6,3,9,10,Dentist
1803,9,4,3,2,6,9,7,7,4,4,9,9,4,5,8,5,8,3,6,6,7,3,9,7,4,4,5,8,8,7,5,8,Finance / Banking
1804,4,4,6,10,4,1,3,3,4,3,10,6,6,8,5,5,9,5,3,4,5,8,1,1,4,3,3,7,7,2,6,5,Dentist
1805,10,5,3,3,8,8,9,10,4,1,8,10,4,6,7,8,3,2,4,6,4,2,10,4,2,4,3,7,6,7,7,5,Finance / Banking
1806,5,6,4,3,7,7,7,6,4,6,7,5,6,5,8,9,10,6,5,7,7,6,6,4,5,5,5,6,9,9,7,9,Business / Management
1807,5,3,3,3,5,4,6,4,8,6,9,5,3,9,10,8,5,6,4,10,5,4,5,9,5,8,5,7,7,4,8,8,Law
1808,3,3,2,2,5,6,6,7,8,6,9,5,4,6,8,7,8,7,5,10,7,2,3,7,5,10,7,8,9,8,9,10,Law
1809,4,4,8,8,2,2,3,1,3,4,7,5,7,9,7,6,5,7,4,3,7,9,1,6,8,1,6,10,5,2,9,8,MBBS / Doctor
1810,9,8,8,4,8,4,4,6,6,7,9,7,8,9,6,8,8,4,10,5,7,3,6,7,6,6,7,8,8,8,9,5,Engineering
1811,7,8,3,6,10,2,5,6,7,7,5,7,8,8,8,8,6,5,5,4,8,5,2,1,1,2,4,7,5,4,6,4,Engineering
1812,5,4,5,2,7,3,7,9,6,4,5,7,4,8,7,10,8,6,3,8,6,2,5,5,6,5,4,6,8,8,9,7,Business / Management
1813,6,8,6,5,8,6,5,3,3,2,10,10,8,7,9,6,7,7,8,8,9,3,3,2,4,6,6,7,6,7,9,7,Engineering
1814,5,3,6,8,3,3,4,3,5,5,9,5,7,7,8,5,6,7,6,5,7,8,3,6,3,4,8,10,6,3,8,8,MBBS / Doctor
1815,6,2,2,4,5,7,8,6,4,5,8,8,2,7,5,5,5,4,6,3,7,1,7,5,4,3,1,8,8,8,9,6,Finance / Banking
1816,3,4,10,7,7,1,2,2,1,5,8,5,9,7,3,3,5,4,8,1,9,7,4,3,1,2,4,10,5,3,5,6,Pharmacy
1817,7,6,8,7,5,3,2,3,1,5,6,4,9,9,3,4,4,5,8,3,5,8,4,2,4,3,5,6,7,4,6,7,Pharmacy
1818,8,6,5,2,9,4,6,5,4,7,9,10,9,8,6,7,5,3,4,5,8,1,4,4,6,7,5,6,8,6,7,5,Engineering
1819,6,4,4,2,6,7,9,5,3,5,7,8,3,5,7,5,5,5,6,3,7,3,8,5,4,5,5,5,6,8,6,4,Finance / Banking
1820,3,1,2,3,3,1,4,3,5,7,6,2,5,7,8,8,9,4,6,7,4,1,2,8,4,7,6,5,6,7,9,9,Journalism / Media
1821,7,2,5,2,7,6,6,10,6,6,8,7,7,8,10,10,10,6,4,6,8,3,10,4,4,7,7,8,10,9,9,10,Business / Management
1822,4,2,5,4,6,1,3,5,5,3,7,3,4,4,8,6,9,8,5,8,6,1,5,7,5,8,5,6,5,6,7,10,Journalism / Media
1823,6,5,7,9,4,3,4,4,4,6,6,6,8,6,8,7,4,9,7,8,5,9,2,6,4,5,6,10,8,2,9,5,MBBS / Doctor
1824,7,2,4,1,5,10,10,5,5,5,9,10,2,6,4,6,5,3,6,4,6,3,10,3,7,6,3,8,8,3,8,5,CA / Accounting
1825,2,2,5,9,4,4,2,4,4,6,8,6,7,10,7,5,7,6,6,8,5,8,5,3,1,4,6,8,8,3,8,7,Dentist
1826,7,5,1,3,5,9,6,7,2,3,9,7,4,9,4,7,7,3,4,2,6,3,8,5,3,4,6,8,7,6,6,8,Finance / Banking
1827,7,6,10,10,6,1,4,4,2,6,5,5,8,9,4,6,7,4,8,2,4,7,7,3,2,3,4,10,7,4,7,4,Pharmacy
1828,4,1,1,1,7,2,5,7,5,6,6,4,1,8,9,7,10,6,4,9,9,3,4,10,5,7,5,7,6,8,6,10,Journalism / Media
1829,5,2,6,8,6,3,3,6,3,7,7,4,9,9,9,7,9,8,7,5,5,8,4,4,3,5,6,8,10,4,9,10,Dentist
1830,7,6,5,3,7,1,2,3,3,3,8,7,5,7,5,6,9,3,6,5,8,2,1,3,2,1,3,5,7,7,5,5,Engineering
1831,3,6,9,9,7,3,3,4,4,6,9,6,6,10,6,6,6,3,5,3,6,7,5,3,4,4,5,7,6,3,6,4,Pharmacy
1832,3,2,2,4,4,2,3,3,9,6,7,5,3,6,9,3,10,5,6,9,8,1,3,7,5,6,3,4,8,7,7,10,Journalism / Media
1833,3,2,3,2,6,5,5,6,4,6,8,1,5,7,9,5,7,8,7,8,5,1,4,6,4,7,6,7,6,7,6,9,Journalism / Media
1834,3,3,1,1,5,2,5,7,7,6,6,3,4,4,9,6,7,8,7,7,6,2,2,5,7,5,5,5,6,7,8,7,Journalism / Media
1835,10,3,3,2,6,9,10,7,4,3,9,9,3,6,7,8,7,3,6,6,9,3,9,5,1,3,3,6,5,6,6,6,Finance / Banking
1836,4,1,1,2,6,8,7,6,1,1,7,9,2,6,7,7,1,1,1,4,4,1,9,3,2,2,3,8,4,3,2,6,CA / Accounting
1837,5,5,6,6,4,2,4,3,3,6,9,5,6,7,10,8,7,9,7,5,7,10,3,4,4,2,8,9,8,5,6,9,MBBS / Doctor
1838,3,3,2,2,3,4,5,5,7,7,8,6,1,8,7,10,6,4,6,9,6,2,6,7,6,10,5,5,7,4,5,8,Law
1839,6,1,3,4,7,1,4,5,8,5,8,4,3,8,9,9,9,6,8,9,3,2,6,9,8,10,4,10,7,5,6,7,Law
1840,6,6,5,3,3,1,4,4,2,5,6,5,4,6,8,6,7,6,7,6,5,2,2,5,3,4,8,7,3,5,6,8,Teaching / Professor
1841,3,1,4,4,2,1,3,2,9,6,4,5,5,6,7,6,8,7,5,7,6,4,2,3,5,4,9,10,6,4,6,8,Teaching / Professor
1842,7,5,3,1,7,6,6,7,2,2,7,9,5,7,5,4,3,6,4,5,4,4,9,2,3,4,3,7,9,8,7,9,Finance / Banking
1843,3,3,1,6,5,1,1,4,5,8,6,3,4,7,6,5,6,8,7,6,4,6,1,10,4,4,6,9,7,4,6,8,Psychology
1844,10,6,5,3,8,3,4,6,3,5,9,7,6,10,4,6,6,7,7,4,9,3,3,5,4,4,4,7,7,6,6,8,Engineering
1845,7,2,4,3,7,9,8,7,3,4,7,10,1,6,4,9,3,3,1,6,4,3,7,2,5,2,4,7,10,6,8,9,CA / Accounting
1846,5,1,1,3,3,4,3,5,10,6,7,5,1,7,6,6,4,6,3,8,6,3,4,8,5,9,3,7,8,6,9,9,Law
1847,6,7,6,8,7,1,2,3,3,9,8,4,7,9,9,7,4,6,6,6,5,10,4,6,6,2,6,8,9,3,8,8,MBBS / Doctor
1848,5,5,10,9,4,1,5,6,5,7,7,7,8,8,7,8,8,7,6,7,6,7,4,5,4,4,7,7,8,4,10,9,Dentist
1849,3,2,6,4,5,3,3,4,7,7,9,6,7,6,7,9,8,10,10,8,3,5,1,7,2,4,5,9,8,4,8,10,Psychology
1850,2,1,4,4,4,3,5,4,5,6,8,3,4,6,7,8,10,10,5,9,6,5,1,7,4,5,1,4,7,5,10,10,Journalism / Media
1851,2,3,3,4,7,4,5,4,10,7,8,6,5,8,9,9,10,9,6,10,5,3,3,10,4,7,6,5,6,9,9,10,Journalism / Media
1852,4,4,1,3,4,2,2,2,7,5,8,3,4,9,7,6,6,6,6,10,3,2,4,6,5,10,6,8,6,4,8,9,Law
1853,5,6,9,8,4,1,4,4,1,5,8,9,10,8,6,6,5,5,7,1,6,9,6,1,5,4,7,10,5,5,8,7,Pharmacy
1854,4,1,2,1,6,5,4,6,9,3,9,4,2,5,8,8,9,4,7,10,3,3,2,10,5,8,4,7,5,7,7,8,Law
1855,3,4,2,3,5,2,5,10,7,8,9,8,6,7,8,10,8,6,6,10,6,4,7,7,9,7,8,9,9,6,7,10,Law
1856,5,2,7,4,4,4,5,6,7,3,7,6,7,4,7,5,7,6,8,7,6,3,3,3,3,5,8,6,4,1,8,10,Teaching / Professor
1857,2,5,4,3,2,6,5,7,9,9,7,7,6,7,8,8,8,7,8,9,6,1,4,8,6,10,3,9,9,3,10,10,Law
1858,8,4,2,5,9,6,5,10,5,4,9,7,7,7,9,8,9,8,3,5,9,3,9,4,4,6,5,4,10,9,7,9,Business / Management
1859,1,5,9,6,4,1,2,4,2,5,4,3,9,7,5,7,7,5,6,3,3,8,3,5,2,2,4,8,3,5,7,4,Pharmacy
1860,9,9,8,3,9,4,5,5,4,5,10,10,6,9,6,5,5,5,7,5,9,4,6,4,3,4,8,6,8,8,4,7,Engineering
1861,5,5,3,4,9,5,8,10,4,4,6,5,2,8,8,9,8,6,3,7,8,1,9,3,2,5,6,7,8,7,9,8,Business / Management
1862,4,1,2,4,4,1,5,6,8,6,7,3,4,8,7,6,6,6,5,8,2,3,5,7,5,10,4,5,6,3,2,10,Law
1863,7,2,1,1,7,8,4,5,1,2,8,5,4,6,5,5,2,4,2,5,4,1,8,5,2,6,7,6,4,3,6,5,CA / Accounting
1864,6,5,4,6,7,3,8,5,5,4,10,8,3,8,10,8,7,10,6,10,6,2,5,7,10,9,5,10,8,3,7,8,Civil Services
1865,5,3,5,4,7,1,5,7,8,6,10,6,6,9,10,10,6,7,6,9,4,3,7,10,10,8,6,9,6,5,10,9,Civil Services
1866,4,2,3,2,3,4,4,6,7,1,10,2,1,8,5,8,6,6,6,6,2,3,3,6,6,10,2,7,8,5,8,7,Law
1867,7,5,3,4,7,5,6,7,5,4,7,3,6,10,8,10,10,7,5,7,8,3,8,6,4,7,5,6,6,8,10,7,Business / Management
1868,6,8,3,3,8,4,8,6,6,6,10,10,6,8,7,6,8,5,6,8,7,5,5,2,3,3,6,7,7,5,10,6,Engineering
1869,3,3,1,4,2,3,4,4,3,9,8,4,6,6,9,5,8,9,7,5,7,4,3,4,4,3,6,6,4,2,6,10,Psychology
1870,5,6,3,2,6,7,6,6,5,7,3,7,3,9,5,7,9,8,4,10,6,1,7,4,4,4,6,7,10,7,9,9,Business / Management
1871,5,6,6,7,7,3,4,3,8,7,7,6,8,6,9,6,9,7,9,7,4,2,4,7,7,6,9,8,8,4,6,7,Teaching / Professor
1872,4,3,3,5,3,5,6,7,9,6,7,4,2,6,10,7,8,7,7,10,7,3,4,10,5,10,6,9,6,7,7,8,Law
1873,9,5,8,3,8,4,4,4,4,9,9,10,9,9,5,8,5,7,7,1,8,4,4,6,3,2,5,7,7,8,6,6,Engineering
1874,9,9,6,1,10,3,4,3,4,4,7,7,8,10,7,8,7,5,7,4,8,5,6,5,2,4,3,7,7,6,8,7,Engineering
1875,6,4,6,7,4,2,2,1,5,5,5,7,10,10,8,8,7,8,5,4,5,8,1,5,7,1,7,7,7,6,7,8,MBBS / Doctor
1876,6,4,2,2,6,10,9,8,4,3,7,9,3,8,8,6,2,2,5,3,4,2,8,5,6,6,3,7,5,6,6,8,CA / Accounting
1877,2,1,4,7,1,3,5,8,5,10,5,4,5,9,9,5,6,10,9,9,3,6,4,6,6,3,6,6,7,3,8,9,Psychology
1878,7,8,4,5,7,2,3,4,5,4,10,9,6,8,6,4,8,5,6,6,10,3,3,6,5,3,5,7,7,4,5,4,Engineering
1879,9,2,3,3,6,8,7,8,1,1,8,8,3,6,7,7,4,2,6,1,4,3,7,3,4,6,5,10,6,3,4,6,CA / Accounting
1880,5,3,4,2,2,6,3,9,7,8,10,5,3,7,9,8,10,4,6,10,3,5,7,9,6,10,5,7,9,5,9,10,Law
1881,7,1,3,4,6,8,7,6,1,2,10,4,3,7,7,3,4,3,5,4,4,1,8,4,3,6,3,5,6,6,8,6,Finance / Banking
1882,4,2,9,8,6,6,4,4,6,7,5,7,8,10,8,8,5,6,7,7,4,9,1,5,2,4,7,9,10,5,8,8,MBBS / Doctor
1883,8,9,7,7,10,1,1,4,4,4,9,7,6,7,5,7,6,4,7,4,10,2,2,5,4,2,7,9,6,8,3,7,Engineering
1884,5,3,3,6,4,3,7,7,7,7,10,5,3,9,9,10,9,4,9,8,6,5,7,9,7,10,6,10,6,6,9,10,Law
1885,2,4,2,3,6,1,5,3,7,5,5,3,3,5,7,8,4,6,5,6,6,2,2,7,8,7,6,8,6,4,9,9,Civil Services
1886,7,6,9,10,5,2,3,4,3,4,6,6,5,10,8,6,6,9,6,7,7,9,1,5,1,4,6,8,9,3,8,7,MBBS / Doctor
1887,4,5,5,7,2,4,3,6,4,6,6,5,6,8,9,5,10,8,6,2,7,8,4,4,2,4,4,7,7,6,10,10,Dentist
1888,4,1,1,1,2,9,7,5,4,4,9,10,2,7,6,8,2,2,2,2,5,1,9,4,4,5,6,8,5,3,5,7,CA / Accounting
1889,5,4,3,5,6,7,8,7,4,3,10,10,3,7,6,6,6,5,7,3,7,1,8,3,5,3,6,8,8,5,9,6,Finance / Banking
1890,4,5,10,8,4,2,3,5,2,8,8,6,9,8,7,5,8,8,8,3,4,9,3,5,6,4,4,6,7,5,6,6,Pharmacy
1891,10,6,5,3,8,3,5,6,1,3,9,9,6,9,8,6,6,6,9,4,9,5,4,2,5,3,3,5,9,5,8,7,Engineering
1892,4,3,6,10,2,3,4,4,2,6,6,4,7,8,8,4,6,6,9,1,4,8,3,2,4,2,6,5,6,3,9,10,Dentist
1893,5,6,8,8,6,3,2,6,2,5,5,5,9,6,5,5,5,5,10,4,6,6,3,2,4,3,4,7,8,3,6,6,Pharmacy
1894,8,2,2,1,7,7,8,9,1,4,9,8,3,7,4,5,3,1,6,4,5,1,9,3,4,3,5,5,7,3,7,5,CA / Accounting
1895,5,2,4,9,3,1,3,5,4,4,4,5,7,8,7,6,7,9,7,4,4,10,4,3,6,2,7,10,5,5,7,8,MBBS / Doctor
1896,3,3,4,7,1,2,4,4,4,9,6,3,4,5,6,4,6,9,6,7,1,6,1,7,4,4,8,6,5,1,6,8,Psychology
1897,5,6,5,9,1,3,2,2,4,7,10,3,7,8,6,8,5,9,6,6,4,10,1,4,2,5,7,7,9,3,8,9,MBBS / Doctor
1898,3,1,2,1,7,2,3,5,5,6,7,5,5,9,10,6,9,8,6,7,7,3,3,8,6,8,5,5,9,6,8,9,Journalism / Media
1899,6,5,7,7,4,3,4,1,3,4,9,5,9,8,6,6,6,7,7,6,6,10,2,4,6,6,8,5,7,4,6,6,MBBS / Doctor
1900,4,3,2,4,2,3,4,4,4,6,6,1,6,4,9,6,7,7,6,5,3,5,5,8,4,6,5,6,7,9,10,10,Journalism / Media
1901,4,4,4,7,5,2,4,5,4,3,8,2,8,7,7,6,10,9,5,6,5,10,5,2,4,4,7,7,5,4,6,6,Dentist
1902,4,2,7,9,2,2,1,6,4,5,7,5,9,8,9,4,5,10,6,6,4,10,3,3,6,2,7,10,10,5,8,5,MBBS / Doctor
1903,7,3,3,4,6,9,6,8,3,4,8,8,3,7,5,7,1,4,2,5,3,1,9,3,3,6,2,8,6,5,5,5,CA / Accounting
1904,4,5,5,3,3,3,5,5,7,6,7,4,4,7,6,8,7,6,7,10,4,5,4,9,7,7,4,10,6,4,8,9,Civil Services
1905,5,3,2,5,2,2,3,3,5,10,8,3,6,7,8,4,7,9,6,9,4,8,1,7,1,2,9,9,3,2,6,8,Psychology
1906,6,6,4,4,6,4,8,3,10,5,8,7,5,6,8,10,6,7,9,7,7,1,5,8,10,8,7,7,10,5,10,7,Civil Services
1907,5,3,7,7,3,3,3,5,4,4,7,3,7,4,4,3,4,4,6,1,6,7,3,2,1,4,6,7,6,5,8,5,Pharmacy
1908,7,6,6,8,7,4,6,5,6,5,7,6,8,8,10,7,10,10,7,9,6,5,5,8,2,5,9,9,6,3,7,9,Teaching / Professor
1909,2,1,1,4,2,1,5,2,7,9,7,3,5,8,7,8,7,9,6,7,5,7,2,9,2,3,8,10,5,2,6,10,Psychology
1910,5,1,3,4,5,1,6,4,8,6,6,4,4,7,7,9,5,6,7,9,5,2,4,6,8,5,5,7,7,4,7,8,Civil Services
1911,7,4,3,5,4,5,5,4,8,7,10,6,6,10,9,9,8,8,6,8,4,4,4,8,10,7,7,8,8,7,10,10,Civil Services
1912,4,6,1,6,6,2,6,6,7,9,6,7,8,6,9,5,8,10,7,8,5,7,2,5,6,5,10,10,8,5,9,10,Teaching / Professor
1913,7,2,2,2,7,5,8,8,6,4,10,10,4,10,6,5,7,6,7,6,10,1,9,4,6,5,6,7,7,8,8,7,Finance / Banking
1914,5,3,3,3,5,3,5,3,8,5,6,5,4,7,10,8,8,8,7,7,6,3,3,8,4,9,4,7,7,8,10,10,Journalism / Media
1915,7,2,6,3,5,6,8,9,4,7,6,6,7,6,7,10,9,7,3,7,7,6,8,5,4,5,6,5,9,6,9,7,Business / Management
1916,5,5,8,7,5,2,3,5,6,8,7,5,10,10,10,7,6,9,8,5,5,10,2,6,4,3,5,8,9,5,10,8,MBBS / Doctor
1917,7,4,4,3,5,2,4,7,4,5,6,5,6,7,7,7,7,5,4,5,4,9,2,3,3,1,6,10,6,5,8,8,Dentist
1918,7,3,5,6,3,3,2,2,3,5,10,2,6,7,6,5,8,5,3,3,3,6,1,5,4,2,7,6,8,3,5,7,Dentist
1919,5,6,8,6,5,5,7,3,6,6,7,6,7,7,10,7,6,9,7,8,8,5,3,9,7,4,6,9,7,6,10,10,Teaching / Professor
1920,8,5,8,7,4,2,1,2,3,7,7,7,7,6,6,7,8,7,4,7,5,8,1,3,1,3,2,7,5,2,9,7,Dentist
1921,5,5,7,10,4,2,4,3,5,7,8,6,9,3,6,8,4,9,8,5,5,9,3,6,1,3,5,6,7,3,8,7,MBBS / Doctor
1922,10,8,8,5,8,1,8,4,7,6,8,9,10,10,6,6,8,6,9,7,7,5,5,5,5,7,7,7,8,7,6,7,Engineering
1923,5,3,1,3,6,9,6,10,3,1,8,10,5,4,5,5,5,2,5,5,5,2,10,7,6,4,5,8,6,5,7,6,CA / Accounting
1924,10,9,5,1,9,5,7,5,2,4,10,6,6,10,5,4,10,6,6,3,10,4,6,6,3,3,7,9,4,7,7,5,Engineering
1925,5,1,2,2,5,8,8,7,4,2,6,8,1,6,6,4,6,1,2,2,6,1,7,4,4,3,6,9,7,3,4,7,CA / Accounting
1926,5,2,3,3,5,9,7,5,5,2,8,10,3,10,4,4,1,5,1,6,8,2,8,1,5,5,5,9,6,4,7,9,CA / Accounting
1927,4,5,4,4,4,3,9,5,10,7,6,6,4,9,9,10,7,8,8,10,5,4,6,8,10,7,8,7,9,8,7,10,Civil Services
1928,4,3,6,2,7,5,7,8,4,7,8,5,3,7,9,10,9,3,5,9,7,6,5,6,2,6,6,8,8,7,8,8,Business / Management
1929,4,5,6,8,3,1,6,4,3,5,8,5,10,7,8,6,5,7,7,5,3,10,4,2,1,3,6,6,9,2,7,7,Dentist
1930,5,3,9,7,3,3,2,5,3,5,9,4,9,8,6,8,8,8,4,5,6,10,4,5,1,2,7,9,8,6,5,8,Dentist
1931,3,2,1,5,3,2,2,6,7,4,10,3,1,5,6,6,6,5,7,9,5,3,5,7,8,8,4,6,6,3,5,7,Law
1932,4,2,2,8,3,5,3,3,6,9,7,2,4,8,9,5,7,7,8,8,2,7,1,10,8,5,6,8,7,4,6,8,Psychology
1933,5,3,3,2,5,8,6,5,5,4,5,8,3,8,5,5,4,3,5,4,6,1,8,2,3,5,6,8,5,5,4,6,CA / Accounting
1934,3,5,8,9,5,5,4,4,3,7,8,7,9,8,5,5,5,5,7,4,6,9,2,3,1,2,4,6,6,6,6,7,Pharmacy
1935,5,5,3,5,8,5,9,7,4,9,10,4,4,8,8,10,10,6,6,8,7,1,8,6,4,3,8,6,6,6,9,9,Business / Management
1936,5,2,2,2,4,6,7,6,4,3,7,8,3,4,5,3,3,4,7,2,4,1,7,6,1,1,5,9,7,4,7,6,CA / Accounting
1937,8,10,5,4,8,4,7,3,2,7,10,8,10,7,8,6,8,2,6,6,9,6,6,3,6,3,5,8,6,8,7,5,Engineering
1938,3,2,3,6,4,4,5,4,3,7,8,4,5,9,8,6,8,6,8,6,2,8,4,7,5,6,10,7,4,3,8,7,Psychology
1939,4,3,7,6,4,1,4,4,4,2,6,3,7,9,6,4,6,6,6,1,1,5,4,2,3,2,3,6,6,5,6,2,Pharmacy
1940,9,2,2,4,5,9,4,7,2,5,7,9,4,6,8,7,3,5,4,5,7,3,10,3,3,3,5,6,7,8,7,9,Finance / Banking
1941,3,4,2,4,3,4,3,6,8,3,9,5,3,9,9,6,6,8,5,10,3,5,3,6,7,8,1,9,8,3,5,8,Law
1942,5,5,5,4,8,2,3,3,7,8,6,6,5,3,9,5,8,8,7,8,7,1,3,7,4,7,9,10,9,6,8,10,Teaching / Professor
1943,6,6,4,2,7,7,9,9,3,7,9,8,5,6,10,10,10,7,5,9,7,3,8,5,5,9,7,7,10,8,10,9,Business / Management
1944,2,5,6,9,4,2,2,6,1,4,6,5,8,8,6,6,10,9,3,5,4,9,4,5,5,3,5,6,8,5,10,10,Dentist
1945,7,6,6,6,6,3,4,7,7,6,9,7,7,8,10,6,6,7,8,9,5,5,4,8,7,4,9,7,7,1,6,10,Teaching / Professor
1946,4,3,4,6,5,4,4,4,5,8,9,7,7,8,7,4,5,10,9,7,4,5,1,10,6,2,9,7,5,2,9,8,Psychology
1947,6,7,2,4,6,8,9,8,5,9,6,6,5,7,10,8,6,5,6,6,8,4,6,4,5,6,4,6,7,9,9,8,Business / Management
1948,3,3,5,2,6,4,6,5,7,6,7,5,2,8,9,8,6,7,8,6,5,1,6,10,6,8,5,7,5,2,6,7,Law
1949,6,5,6,9,4,7,1,4,1,9,8,7,8,9,10,8,8,10,8,6,4,8,3,5,4,3,8,8,6,7,10,8,Dentist
1950,5,3,7,6,3,1,2,3,4,5,4,2,7,7,2,7,5,5,5,4,4,5,2,4,3,4,3,6,6,2,7,4,Pharmacy
1951,7,6,5,2,5,6,8,8,4,4,10,5,5,8,10,8,10,4,6,5,7,5,8,6,3,4,7,7,9,8,8,10,Business / Management
1952,7,1,3,1,4,7,8,7,2,1,6,6,1,5,6,7,3,1,3,2,7,1,10,1,3,2,3,8,4,3,5,5,CA / Accounting
1953,4,2,3,7,4,5,2,3,3,9,4,3,8,9,7,7,7,10,8,6,2,4,5,7,5,3,6,6,4,3,5,8,Psychology
1954,6,3,3,5,6,6,2,4,9,9,7,5,9,9,9,10,8,8,8,6,4,7,4,8,4,2,7,10,7,4,8,9,Psychology
1955,6,3,2,2,6,3,4,4,6,6,8,1,3,7,8,7,7,6,7,10,6,1,5,7,5,7,4,4,6,9,10,9,Journalism / Media
1956,4,2,2,5,2,4,4,5,7,10,4,6,7,8,9,6,10,9,7,6,4,8,4,10,3,5,7,8,5,5,6,8,Psychology
1957,4,2,5,1,6,5,6,6,2,6,5,2,4,6,8,8,7,5,2,5,6,1,7,4,1,3,4,5,7,8,10,9,Business / Management
1958,6,9,8,9,6,1,3,1,4,6,4,6,10,9,6,9,9,9,7,6,7,10,4,6,4,3,7,10,6,5,9,8,MBBS / Doctor
1959,3,2,4,9,9,5,4,3,4,4,8,8,6,6,7,6,6,6,8,7,5,4,1,4,5,3,9,8,7,1,6,10,Teaching / Professor
1960,4,6,4,9,5,2,3,1,3,6,9,2,10,9,6,7,8,6,6,3,5,4,4,2,1,3,5,7,6,3,7,8,Dentist
1961,6,4,3,4,4,1,6,3,3,4,7,3,7,9,7,7,8,5,6,7,5,5,2,3,1,3,8,10,3,3,9,8,Teaching / Professor
1962,4,3,3,5,6,4,4,5,8,5,8,2,2,7,9,5,10,5,7,7,5,3,3,9,4,7,5,3,7,5,8,7,Journalism / Media
1963,9,9,4,4,8,1,4,6,4,2,6,10,7,7,5,4,9,4,8,5,10,4,5,5,5,4,4,10,5,6,7,6,Engineering
1964,4,6,4,6,7,3,8,5,7,6,6,5,7,6,9,6,10,8,8,7,5,2,3,4,6,6,8,9,9,4,6,10,Teaching / Professor
1965,1,1,1,3,3,1,1,4,5,9,6,3,4,8,8,4,3,8,3,5,3,6,1,5,1,2,5,5,4,2,5,5,Psychology
1966,4,7,5,6,6,1,6,3,7,7,7,7,9,7,8,7,8,7,7,8,5,3,4,5,5,4,10,7,6,6,7,7,Teaching / Professor
1967,5,4,5,5,6,4,7,5,10,9,8,6,2,9,9,9,5,8,9,9,4,3,4,9,9,10,7,9,8,3,9,9,Civil Services
1968,10,4,4,2,5,3,8,5,4,2,9,10,8,8,7,5,4,3,7,4,10,1,9,2,5,4,4,6,8,8,8,5,Finance / Banking
1969,6,5,5,9,4,1,6,3,3,6,5,3,10,7,7,6,5,7,10,4,4,10,1,6,4,4,7,8,9,5,9,6,MBBS / Doctor
1970,3,2,2,2,6,6,8,10,5,6,7,7,5,9,9,10,10,6,4,6,7,2,6,3,5,6,3,5,10,9,9,8,Business / Management
1971,2,3,1,2,5,5,6,3,6,7,3,4,5,7,10,6,8,7,7,10,4,3,4,6,6,6,6,8,6,8,9,5,Journalism / Media
1972,3,3,6,6,4,1,3,1,2,2,8,6,7,7,8,7,4,4,10,2,6,7,2,2,3,2,2,7,5,3,7,5,Pharmacy
1973,5,1,1,3,4,8,5,5,2,2,7,10,3,5,3,3,2,1,3,1,4,1,8,1,2,6,1,10,4,1,3,3,CA / Accounting
1974,3,4,8,7,2,3,4,5,2,3,8,4,8,7,4,3,5,7,6,3,7,8,3,4,2,4,5,7,6,2,6,5,Pharmacy
1975,3,3,5,2,3,6,6,6,9,3,7,5,5,9,8,7,6,5,5,8,3,2,7,6,10,6,6,10,9,5,7,8,Civil Services
1976,7,4,2,2,4,7,6,7,3,5,6,7,2,7,6,7,5,4,3,4,5,3,10,2,4,4,6,5,6,7,6,6,Finance / Banking
1977,4,5,9,8,5,3,4,8,7,4,8,3,10,9,8,2,8,10,7,6,8,10,2,3,7,4,6,8,9,5,10,9,Dentist
1978,3,6,7,10,4,4,5,4,4,8,10,9,10,9,6,9,3,10,7,3,7,10,3,5,5,4,5,10,8,8,10,10,MBBS / Doctor
1979,4,2,4,5,4,4,5,5,9,5,7,4,5,7,5,9,4,6,6,5,2,4,3,10,10,9,6,7,8,4,10,6,Civil Services
1980,4,1,2,2,7,3,2,2,6,2,8,4,4,4,9,4,10,9,3,9,5,1,4,10,5,7,3,8,7,8,8,10,Journalism / Media
1981,6,5,4,3,4,6,5,7,4,6,10,8,7,9,9,10,6,6,4,9,6,4,8,6,5,8,5,7,7,7,10,8,Business / Management
1982,5,2,2,3,7,1,5,4,9,5,6,4,2,5,9,5,9,9,6,8,5,2,4,7,6,5,5,7,6,5,8,9,Journalism / Media
1983,8,1,1,3,5,7,5,6,1,2,7,10,1,4,8,7,5,4,7,4,6,2,10,3,6,7,6,8,8,2,5,7,CA / Accounting
1984,1,5,4,3,4,3,5,5,8,6,9,6,5,8,6,7,8,6,8,6,5,3,7,8,7,10,3,7,8,6,7,9,Law
1985,5,2,9,6,4,4,3,3,3,5,5,6,9,8,7,5,8,8,5,3,5,10,3,3,1,2,4,5,6,2,5,9,Dentist
1986,5,7,7,8,5,2,3,4,6,6,7,7,5,8,6,6,6,9,5,6,4,7,2,4,6,6,5,6,5,3,8,7,MBBS / Doctor
1987,3,7,6,8,2,2,1,4,5,3,6,7,8,6,8,5,7,4,6,5,6,9,2,1,5,1,2,10,6,4,4,9,Dentist
1988,5,1,5,4,8,3,4,5,7,9,8,4,5,5,7,7,6,10,9,4,5,7,3,9,4,4,10,7,4,6,8,10,Psychology
1989,8,2,1,3,3,9,7,7,5,5,9,9,3,6,3,6,3,4,1,2,5,6,8,3,4,6,3,5,5,4,9,4,CA / Accounting
1990,6,2,8,9,6,2,5,7,3,8,10,6,9,8,8,9,9,9,7,5,5,8,3,4,4,4,6,10,10,7,6,8,Dentist
1991,1,1,5,5,6,2,4,4,5,9,6,1,7,10,8,6,7,5,6,6,4,4,2,5,6,4,9,6,6,3,7,7,Psychology
1992,4,2,3,1,7,6,7,4,10,7,10,4,3,7,8,7,7,10,8,6,6,3,6,9,9,7,3,8,8,6,9,8,Civil Services
1993,4,5,10,10,7,4,2,2,5,5,9,5,9,6,4,9,5,7,10,6,5,8,3,4,4,4,7,7,6,3,9,6,Pharmacy
1994,8,9,6,5,6,4,4,6,3,5,9,8,8,8,5,8,9,4,7,4,7,5,1,6,4,4,6,8,6,7,7,4,Engineering
1995,1,7,4,3,5,1,5,4,4,6,6,6,6,9,9,4,8,8,9,10,5,2,5,9,6,8,5,5,5,7,7,10,Journalism / Media
1996,10,7,6,6,8,1,5,4,2,4,7,9,7,8,6,6,8,3,5,6,8,1,4,5,2,4,6,7,8,4,7,5,Engineering
1997,2,2,2,4,6,6,5,7,10,6,7,4,4,8,6,5,7,2,6,7,3,1,5,7,4,6,5,8,8,3,7,9,Law
1998,5,5,6,4,4,4,3,3,6,6,5,7,8,6,10,6,7,6,7,10,6,4,2,4,6,6,8,7,7,5,6,8,Teaching / Professor
1999,8,5,1,2,2,7,10,6,1,6,8,9,3,6,6,8,3,6,5,4,4,2,8,1,4,3,4,5,5,6,6,5,Finance / Banking
2000,5,2,1,2,6,8,4,6,3,6,8,8,1,7,8,6,5,1,5,3,5,2,9,3,3,2,3,9,6,5,4,3,CA / Accounting
2001,6,2,1,1,5,9,8,8,1,2,5,9,1,8,6,6,3,4,3,3,2,1,8,3,2,2,3,4,6,2,7,8,CA / Accounting
2002,3,5,6,6,9,7,7,10,6,5,8,7,8,8,8,9,10,6,7,7,9,4,10,8,5,5,8,6,5,6,7,10,Business / Management
2003,3,3,1,4,7,4,7,7,9,5,7,5,4,7,9,10,6,7,6,8,5,3,6,8,7,9,7,8,7,3,10,9,Civil Services
2004,7,9,6,4,9,3,8,5,3,4,4,7,8,9,6,7,8,7,7,4,5,5,4,4,3,5,4,7,7,7,5,6,Engineering
2005,4,5,9,10,7,2,5,5,5,7,6,8,8,9,8,4,5,8,6,5,8,8,1,4,5,5,7,10,8,4,7,6,MBBS / Doctor
2006,5,3,3,5,3,3,8,2,8,7,6,4,5,7,8,5,5,6,8,6,4,4,2,4,3,7,7,10,5,3,6,9,Teaching / Professor
2007,9,2,4,3,6,10,7,9,5,2,8,10,1,7,8,7,4,5,8,3,4,5,10,4,5,6,6,10,7,4,10,7,CA / Accounting
2008,6,3,8,8,3,4,3,3,3,3,8,5,7,7,7,7,6,7,1,3,4,7,4,3,1,1,4,9,7,5,7,7,Dentist
2009,4,6,4,7,8,6,5,9,7,7,10,5,7,7,7,8,8,9,9,6,8,3,5,5,6,5,10,9,7,4,7,10,Teaching / Professor
2010,5,5,6,10,4,1,2,4,3,8,6,5,8,10,7,4,10,7,5,5,3,10,4,3,3,2,7,9,8,4,6,6,Dentist
2011,10,6,9,8,10,5,6,5,6,6,10,10,9,10,5,8,10,6,10,5,10,4,7,8,5,7,8,8,8,9,7,7,Engineering
2012,5,3,2,3,7,1,3,5,7,7,7,2,3,7,9,8,6,10,8,6,3,1,3,6,9,6,5,9,8,3,7,8,Civil Services
2013,5,2,6,6,5,3,2,3,3,5,6,7,8,8,7,2,6,7,9,1,4,7,5,5,2,2,2,7,9,1,4,4,Pharmacy
2014,5,4,8,8,6,5,2,4,3,6,8,4,9,10,7,7,5,4,4,5,4,9,3,2,3,3,5,10,6,3,9,7,Dentist
2015,1,5,4,3,6,2,6,4,7,5,8,3,4,9,7,8,10,7,4,9,7,4,3,7,7,8,6,4,4,8,8,10,Journalism / Media
2016,1,1,1,2,3,1,4,2,7,5,4,2,1,5,7,7,7,6,6,10,8,1,1,5,3,6,4,3,3,4,7,4,Journalism / Media
2017,8,3,4,4,5,10,7,7,3,4,8,8,3,9,6,6,5,1,4,7,6,1,9,3,5,5,4,10,6,5,8,5,CA / Accounting
2018,2,3,7,6,5,5,4,5,5,8,6,6,5,7,7,6,9,10,5,6,5,8,4,7,2,6,8,8,7,3,8,6,Psychology
2019,3,3,1,4,6,2,5,5,8,9,7,4,5,8,8,5,10,7,7,8,6,3,4,8,8,6,3,2,6,7,6,10,Journalism / Media
2020,4,3,1,2,5,1,5,5,6,6,9,3,1,4,8,6,8,6,5,7,7,3,4,9,5,7,3,8,7,6,6,8,Journalism / Media
2021,6,3,1,3,5,9,7,7,4,5,8,10,3,4,6,6,5,2,4,2,5,1,9,2,2,4,2,4,9,5,3,4,Finance / Banking
2022,1,3,4,4,5,5,3,3,7,7,7,4,2,5,10,7,9,7,5,6,7,4,3,10,6,8,5,3,7,7,7,9,Journalism / Media
2023,6,3,9,8,5,5,5,5,2,6,8,6,10,10,9,7,8,8,4,5,3,10,3,4,4,2,7,9,10,6,10,8,MBBS / Doctor
2024,6,8,3,4,9,2,3,1,2,5,6,7,4,8,4,5,6,3,5,3,6,4,3,1,2,5,3,9,5,7,8,6,Engineering
2025,2,5,9,9,8,4,3,1,4,7,3,6,8,8,4,4,6,6,9,5,5,10,2,4,6,1,4,8,3,3,8,7,Pharmacy
2026,3,1,2,8,6,1,5,4,7,9,5,4,5,10,7,8,8,10,10,7,2,6,3,9,5,3,8,7,9,5,8,7,Psychology
2027,8,6,7,9,6,3,4,7,4,9,8,6,10,10,8,8,7,10,7,5,5,10,1,4,5,3,8,10,8,7,7,8,MBBS / Doctor
2028,3,4,3,3,4,2,7,5,9,5,10,4,4,6,7,5,7,4,3,8,6,4,5,6,10,6,2,8,9,3,9,8,Civil Services
2029,1,4,1,1,4,3,5,4,8,5,7,4,5,4,10,6,9,4,3,8,5,3,5,8,3,8,7,6,4,5,9,7,Journalism / Media
2030,1,2,1,1,6,3,3,4,6,3,4,2,5,6,10,3,8,5,6,7,3,3,2,7,7,6,2,4,6,6,7,10,Journalism / Media
2031,1,3,3,4,6,7,3,1,8,4,8,4,3,8,7,6,10,7,7,10,6,2,6,7,7,10,3,6,8,8,8,8,Journalism / Media
2032,6,2,3,1,5,10,7,9,3,3,7,8,3,7,7,8,6,5,3,4,9,2,10,2,5,4,4,4,7,6,8,5,CA / Accounting
2033,3,1,1,3,4,1,6,3,8,5,5,3,2,7,6,10,7,6,3,10,5,3,3,8,9,4,5,8,8,4,7,5,Civil Services
2034,7,4,5,6,9,6,7,6,5,5,8,9,4,9,9,7,5,5,5,5,7,4,10,4,7,5,5,9,10,9,8,6,Finance / Banking
2035,2,2,5,10,3,4,4,2,2,2,6,5,10,6,6,3,7,6,5,1,4,8,2,3,1,1,3,8,5,1,7,6,Pharmacy
2036,5,5,4,3,5,3,6,3,9,8,10,6,4,6,5,10,8,4,6,5,6,4,6,9,7,7,7,8,8,5,9,8,Civil Services
2037,10,8,6,4,9,4,5,5,4,9,9,10,8,10,5,6,8,8,8,8,10,7,5,9,4,4,4,10,9,7,10,8,Engineering
2038,8,4,6,6,7,5,3,1,6,7,7,10,7,8,7,6,8,8,8,10,5,4,2,10,4,8,9,8,7,2,6,10,Teaching / Professor
2039,2,3,5,6,3,4,1,4,2,5,9,6,4,6,6,7,3,6,6,3,7,7,3,5,3,1,6,9,7,4,5,9,Dentist
2040,3,1,4,6,1,4,6,3,6,8,6,5,5,6,6,7,8,10,10,8,2,6,3,3,2,2,8,8,6,6,7,10,Psychology
2041,7,3,1,4,7,8,7,7,2,1,8,10,1,7,9,7,5,3,5,1,6,1,10,1,8,4,7,9,8,5,6,5,CA / Accounting
2042,2,1,2,3,5,2,5,4,7,3,6,4,3,5,6,5,8,6,5,6,5,5,2,8,8,7,4,8,8,1,8,8,Civil Services
2043,4,1,1,1,6,9,8,7,4,3,7,10,1,8,7,6,5,4,5,4,3,1,7,4,4,6,2,8,7,7,6,5,CA / Accounting
2044,3,4,4,2,5,7,8,10,4,4,8,5,3,6,7,10,5,7,3,6,6,2,6,4,3,7,5,5,6,7,7,9,Business / Management
2045,10,7,3,6,8,5,6,5,5,6,10,9,5,9,8,8,7,7,8,9,8,3,4,4,3,1,4,8,6,9,7,8,Engineering
2046,7,4,2,1,5,7,6,4,3,5,9,6,3,10,5,6,6,1,5,5,5,1,10,1,1,3,3,6,5,3,8,6,CA / Accounting
2047,4,1,2,2,5,5,8,7,3,7,9,8,2,9,10,6,9,6,4,7,7,4,9,3,3,5,7,2,6,6,6,10,Business / Management
2048,4,2,5,5,6,1,6,3,7,5,5,1,3,8,10,5,10,8,6,8,4,3,4,9,4,7,6,6,5,7,10,8,Journalism / Media
2049,4,4,5,3,5,4,7,2,9,3,8,6,4,9,6,8,5,7,5,7,3,3,5,9,9,9,5,10,9,4,10,7,Civil Services
2050,5,4,6,8,3,2,1,3,3,5,4,5,5,7,7,4,6,8,8,5,6,9,2,1,2,4,3,7,8,4,7,10,Dentist
2051,4,2,2,4,6,3,6,5,8,4,8,2,2,7,7,6,3,7,6,9,5,1,4,7,6,10,6,9,6,3,8,8,Law
2052,6,3,5,3,7,5,4,10,7,6,8,8,6,10,10,9,10,6,4,10,9,1,7,7,3,5,10,6,10,10,8,10,Business / Management
2053,4,2,2,5,4,3,5,4,8,7,6,2,5,8,9,8,9,9,10,9,9,3,5,8,6,7,5,6,5,4,9,10,Journalism / Media
2054,3,1,1,4,4,7,7,9,2,3,9,9,2,6,6,2,4,2,6,5,7,4,10,3,4,6,5,5,7,3,7,6,CA / Accounting
2055,5,7,4,4,8,5,5,3,6,6,9,8,7,7,7,8,8,6,8,9,5,4,5,6,1,7,10,6,8,3,9,6,Teaching / Professor
2056,2,2,1,4,5,3,5,4,9,6,6,5,4,9,8,5,6,4,7,10,7,2,2,6,5,8,7,8,9,7,8,9,Law
2057,2,3,3,4,6,4,2,4,7,4,8,3,5,7,8,6,10,5,6,9,6,1,4,7,7,9,4,4,6,7,7,8,Journalism / Media
2058,3,5,4,3,7,4,4,5,7,4,8,7,5,10,8,7,6,6,7,8,6,3,3,10,9,6,5,8,5,5,7,8,Civil Services
2059,7,3,1,3,6,10,7,5,4,3,7,9,4,9,6,6,5,2,3,6,8,1,8,5,5,4,2,7,6,6,5,6,CA / Accounting
2060,4,6,8,9,3,6,5,6,4,8,7,6,8,5,6,6,8,6,5,5,8,8,2,2,4,5,8,9,9,4,5,7,Dentist
2061,3,5,7,9,3,4,2,3,4,7,4,5,7,7,7,4,6,7,4,2,4,6,1,4,1,2,4,10,6,3,6,7,Dentist
2062,6,6,8,8,4,3,2,5,2,3,7,4,9,9,7,6,5,6,8,3,6,6,3,5,3,3,8,7,7,1,7,7,Pharmacy
2063,3,3,7,5,3,3,5,3,3,4,6,3,7,9,5,5,5,7,6,3,4,7,1,3,4,5,4,6,5,2,7,4,Pharmacy
2064,8,2,10,7,6,1,2,8,5,2,6,4,9,6,4,4,5,5,10,3,6,9,3,3,5,2,7,8,9,2,7,5,Pharmacy
2065,5,4,4,5,2,5,4,6,4,10,6,4,5,9,7,5,10,8,8,7,3,6,3,6,2,2,7,10,5,3,8,10,Psychology
2066,4,1,3,7,3,5,3,3,4,9,6,4,6,10,7,6,8,10,8,8,3,6,4,5,3,4,8,7,7,1,6,6,Psychology
2067,4,3,1,2,5,5,5,2,7,6,8,8,4,5,9,9,6,7,8,8,4,1,4,9,7,5,4,5,6,7,9,9,Civil Services
2068,8,2,2,2,7,8,8,9,4,4,9,8,1,6,5,6,3,3,6,4,8,2,7,7,5,4,6,9,9,5,6,6,CA / Accounting
2069,5,1,2,3,5,5,5,6,5,5,9,6,1,7,7,9,4,7,6,9,4,3,5,6,6,10,5,4,5,7,6,5,Law
2070,5,5,5,1,4,1,5,5,9,6,9,7,2,9,9,7,6,7,5,7,5,2,4,9,9,6,5,7,9,5,8,5,Civil Services
2071,6,5,4,5,6,4,4,3,6,7,8,6,6,6,8,6,6,7,7,9,6,3,4,4,2,3,10,10,6,4,5,6,Teaching / Professor
2072,1,3,2,6,2,2,2,3,4,9,7,7,5,6,7,4,6,8,8,6,3,6,4,6,3,6,5,6,7,2,6,8,Psychology
2073,4,3,1,6,6,4,2,3,7,3,7,4,4,5,7,9,4,6,6,5,5,1,1,10,7,6,2,10,8,2,6,7,Civil Services
2074,5,6,9,10,4,5,4,6,4,7,10,5,8,5,6,5,8,7,5,3,5,9,4,3,5,5,4,10,8,4,6,7,Pharmacy
2075,3,2,2,3,8,4,6,10,4,8,6,7,5,9,7,8,8,7,5,4,7,2,6,5,6,4,8,4,9,8,9,10,Business / Management
2076,5,5,6,2,5,2,9,4,10,7,5,6,5,8,5,8,7,7,6,10,6,3,2,8,8,8,6,10,8,7,8,9,Civil Services
2077,1,1,1,7,3,4,4,3,3,9,5,3,7,5,10,5,8,9,5,6,1,6,1,6,5,5,5,8,5,3,9,10,Psychology
2078,6,2,3,3,8,2,7,6,8,5,10,5,5,9,7,7,5,5,8,5,5,5,1,6,8,9,7,8,10,5,9,8,Civil Services
2079,5,2,4,5,8,3,4,4,7,6,7,5,5,6,8,7,9,6,5,10,5,1,3,7,5,6,6,5,4,7,10,8,Journalism / Media
2080,10,5,6,4,8,2,6,2,4,3,7,8,9,8,7,6,6,4,6,4,9,4,2,2,4,3,5,8,5,4,9,6,Engineering
2081,6,3,6,6,4,4,6,10,4,7,8,7,6,9,9,10,9,7,5,10,7,6,7,7,7,5,5,6,8,9,9,9,Business / Management
2082,5,6,5,7,4,4,3,5,3,5,7,4,8,4,9,6,4,10,5,5,4,10,5,7,6,3,9,9,6,4,9,7,MBBS / Doctor
2083,5,7,4,4,5,5,6,6,10,6,9,7,2,9,8,10,5,10,8,8,5,5,5,7,7,8,5,9,8,6,10,9,Civil Services
2084,4,2,3,7,2,2,4,2,5,7,7,3,5,9,8,3,8,8,8,6,4,7,1,7,6,3,6,6,6,2,5,9,Psychology
2085,5,6,10,7,3,1,3,6,8,5,7,5,8,5,8,6,5,7,8,5,6,8,4,3,2,4,8,7,5,2,6,5,Pharmacy
2086,3,1,4,3,4,3,4,6,8,5,8,5,3,8,10,5,9,6,9,10,7,2,3,5,5,6,6,7,8,6,9,10,Journalism / Media
2087,4,5,8,9,6,4,5,4,2,7,6,5,7,7,6,4,4,6,7,4,4,9,5,4,2,1,5,8,10,6,7,10,MBBS / Doctor
2088,8,10,5,1,6,4,4,5,3,5,7,6,6,6,8,5,8,4,4,4,10,2,2,4,4,6,5,7,7,4,5,4,Engineering
2089,6,2,1,3,5,10,7,7,2,2,7,10,2,6,3,9,3,1,4,4,6,2,6,2,5,6,4,10,6,5,5,8,CA / Accounting
2090,1,3,4,6,2,2,4,3,9,10,6,3,4,8,10,7,8,6,8,8,3,5,4,9,4,6,7,10,6,3,6,10,Psychology
2091,7,3,3,2,6,10,7,7,5,3,10,10,3,9,7,6,4,2,3,4,7,2,10,4,5,8,5,8,7,6,6,7,CA / Accounting
2092,10,8,5,5,10,2,4,4,5,5,10,10,8,10,7,7,6,4,5,6,10,2,5,4,3,4,4,9,8,9,7,6,Engineering
2093,6,5,1,5,7,7,8,10,6,7,9,7,8,8,9,10,9,8,6,8,9,5,6,6,4,8,9,10,9,8,10,8,Business / Management
2094,2,3,2,3,4,1,7,5,8,6,9,4,2,7,9,6,5,5,6,8,8,1,3,10,3,10,4,7,7,7,6,9,Law
2095,8,4,2,2,9,10,8,6,1,7,10,10,3,7,5,2,4,5,5,4,8,1,10,5,5,4,3,5,4,8,5,6,Finance / Banking
2096,3,1,2,3,5,5,7,8,6,5,6,6,5,6,7,9,6,4,2,2,6,2,5,6,2,6,5,8,7,5,9,10,Business / Management
2097,5,3,6,10,4,3,3,2,3,5,6,5,6,9,9,5,6,7,4,2,7,7,6,5,5,2,4,7,8,4,6,10,Dentist
2098,8,5,4,1,7,8,9,10,3,4,7,8,3,6,4,5,4,4,4,6,7,3,10,6,5,3,5,7,9,7,9,7,Finance / Banking
2099,6,5,10,8,6,3,4,2,3,5,8,5,8,8,6,7,6,6,7,2,5,9,4,5,3,4,4,6,6,4,7,8,Pharmacy
2100,5,5,6,8,2,1,3,5,3,8,9,5,7,10,8,7,4,7,5,7,6,8,1,3,4,3,3,7,7,6,7,5,MBBS / Doctor
2101,5,2,6,5,5,1,6,3,7,6,9,7,6,7,7,4,5,8,9,10,6,4,2,6,6,4,10,9,7,4,9,9,Teaching / Professor
2102,4,6,5,9,5,5,6,3,3,5,6,7,9,9,9,5,4,9,5,3,4,10,2,5,3,4,6,10,7,5,7,8,MBBS / Doctor
2103,4,1,3,8,6,5,5,7,8,7,6,7,4,10,8,8,9,6,8,9,8,2,5,10,7,10,7,9,5,7,7,7,Law
2104,5,2,1,1,8,4,8,4,7,6,9,3,5,8,10,8,10,8,7,10,6,1,1,7,6,8,7,4,5,8,8,8,Journalism / Media
2105,3,1,2,2,7,1,6,4,6,5,4,4,4,8,10,8,7,7,8,8,4,2,3,8,4,8,4,4,8,5,8,9,Journalism / Media
2106,6,6,5,8,7,6,4,4,6,8,4,6,6,9,8,4,10,8,9,8,7,5,5,6,7,6,7,10,7,3,7,7,Teaching / Professor
2107,3,5,4,7,4,4,4,3,6,8,8,6,5,8,9,6,6,7,6,7,9,1,4,7,2,6,10,8,8,3,8,5,Teaching / Professor
2108,6,2,1,1,4,8,9,9,4,5,6,8,1,7,4,4,1,4,5,5,6,2,8,1,2,4,1,8,7,4,7,3,CA / Accounting
2109,6,2,5,5,2,1,9,3,9,7,8,5,4,10,8,8,7,8,8,8,5,2,5,7,8,4,8,10,6,3,6,9,Civil Services
2110,7,7,4,5,9,3,4,6,5,3,7,9,6,10,9,9,9,6,10,2,8,5,4,7,4,4,5,7,7,7,6,8,Engineering
2111,6,1,3,1,4,8,8,6,4,4,6,7,2,8,6,6,4,5,5,3,5,3,10,1,4,2,3,9,7,3,5,7,CA / Accounting
2112,7,6,2,6,5,1,3,2,6,7,7,3,5,4,10,8,8,5,9,8,5,4,1,6,4,4,8,8,6,4,7,4,Teaching / Professor
2113,4,4,3,4,6,4,7,5,6,5,6,5,5,10,10,9,6,8,8,10,5,3,5,10,10,7,5,10,7,6,10,7,Civil Services
2114,7,7,1,2,8,2,1,4,3,5,6,3,5,6,6,1,5,6,5,5,5,1,5,4,3,1,4,4,8,9,7,4,Engineering
2115,7,3,3,5,4,9,10,10,7,5,9,6,4,10,5,5,6,3,8,6,8,4,9,5,3,1,4,9,10,7,7,5,Finance / Banking
2116,5,4,3,3,6,1,7,4,9,5,4,5,4,6,9,9,8,5,7,7,6,1,3,9,9,9,7,10,8,4,9,10,Civil Services
2117,6,6,7,9,6,2,4,1,2,6,7,5,9,10,7,6,6,7,6,4,6,9,1,5,3,4,4,9,7,5,6,8,Dentist
2118,5,3,4,4,5,3,7,6,10,5,9,9,4,7,10,6,10,7,7,9,5,3,5,8,7,10,10,9,9,5,8,8,Law
2119,5,6,2,4,5,2,7,1,2,8,5,4,6,9,7,5,5,7,10,7,4,3,4,7,4,7,10,8,6,1,6,6,Teaching / Professor
2120,5,5,4,6,9,8,8,10,4,7,9,6,7,9,10,10,9,9,8,10,8,3,8,4,6,8,7,5,8,10,10,10,Business / Management
2121,6,4,6,7,3,1,4,3,3,5,8,5,8,7,4,5,7,6,5,3,6,6,3,4,4,1,5,8,5,1,7,8,Dentist
2122,5,3,5,6,5,2,6,5,5,7,6,6,4,6,6,6,6,6,8,9,5,4,3,4,4,7,8,10,6,2,10,10,Teaching / Professor
2123,2,1,2,2,1,1,6,5,6,10,5,2,7,8,8,4,8,8,5,6,6,4,2,6,2,4,5,6,5,6,4,8,Psychology
2124,7,3,4,5,5,7,8,7,4,3,9,8,3,6,8,7,5,5,7,6,8,1,7,3,7,4,6,7,7,5,6,6,Finance / Banking
2125,4,3,4,3,8,1,5,4,7,4,9,6,5,9,9,4,9,6,5,8,8,2,2,8,7,7,5,7,6,8,8,10,Journalism / Media
2126,3,4,6,8,3,4,1,6,4,4,7,6,8,8,4,5,4,5,8,1,6,7,3,3,3,1,5,6,10,2,7,4,Pharmacy
2127,3,3,4,7,2,1,4,2,5,10,4,4,3,8,10,5,7,8,7,8,4,8,1,9,4,5,6,5,4,3,8,8,Psychology
2128,3,3,7,6,2,2,2,4,1,4,4,3,8,6,6,3,4,6,3,4,4,7,1,1,3,2,2,7,4,1,9,3,Pharmacy
2129,7,3,1,1,10,9,8,5,4,3,7,10,5,7,6,5,3,4,5,5,7,1,6,3,2,5,5,9,7,5,8,6,CA / Accounting
2130,7,4,2,1,3,9,9,6,4,4,9,7,1,10,3,6,6,4,6,6,7,2,7,1,4,2,5,10,7,5,4,5,CA / Accounting
2131,6,2,3,6,7,2,7,6,8,9,7,4,8,8,9,6,9,10,6,7,3,5,1,6,7,3,9,10,5,3,10,10,Psychology
2132,4,5,4,1,7,3,6,9,7,4,7,6,5,10,7,10,10,8,5,7,6,1,7,5,4,6,3,6,10,9,9,9,Business / Management
2133,4,4,3,1,9,10,8,6,4,4,10,10,3,5,4,2,4,5,5,5,9,1,8,4,2,5,4,7,6,4,6,6,CA / Accounting
2134,2,2,5,3,7,4,4,6,6,7,8,6,3,6,8,7,10,6,7,10,6,1,5,7,4,7,4,6,10,7,8,10,Journalism / Media
2135,2,2,2,7,5,2,3,4,5,8,7,4,8,10,6,7,9,7,6,4,4,6,5,8,4,6,9,9,6,3,10,8,Psychology
2136,5,4,6,7,2,4,8,5,7,6,8,2,4,10,10,7,5,6,6,9,7,3,7,10,10,9,5,10,9,5,9,10,Civil Services
2137,5,2,5,6,4,5,7,5,6,2,9,7,5,7,9,9,8,6,4,10,6,3,4,6,9,10,6,9,10,2,10,9,Civil Services
2138,4,1,6,9,7,4,3,3,4,4,5,4,7,9,3,5,6,8,4,3,5,9,2,4,5,3,6,9,6,2,8,6,MBBS / Doctor
2139,3,4,5,8,5,5,1,4,2,5,7,4,8,7,8,6,8,9,8,5,5,7,3,4,2,3,6,8,7,4,8,7,Dentist
2140,6,5,6,9,5,6,7,5,6,6,7,4,10,8,6,6,5,4,7,4,5,9,3,5,4,4,2,9,9,5,6,7,Pharmacy
2141,6,3,1,5,3,8,7,7,3,4,7,8,1,8,3,3,5,3,7,3,5,3,10,3,4,6,4,7,7,7,6,5,CA / Accounting
2142,6,4,2,4,6,2,4,5,8,7,6,5,3,8,10,6,10,9,5,9,6,2,4,7,6,8,6,7,7,6,9,10,Journalism / Media
2143,3,5,7,10,7,2,3,5,3,6,4,5,10,9,9,8,7,7,8,9,5,7,2,6,2,2,6,9,10,5,6,10,MBBS / Doctor
2144,3,4,3,4,5,2,4,9,7,6,8,2,4,5,10,6,9,7,5,9,5,2,4,7,8,5,4,5,7,6,7,8,Journalism / Media
2145,4,3,2,6,3,2,3,1,3,9,4,4,7,8,5,4,7,8,8,4,2,5,2,5,5,5,7,5,9,2,4,6,Psychology
2146,6,4,7,10,4,1,3,6,3,5,7,1,8,9,10,6,6,5,6,9,7,10,1,3,3,2,3,9,6,3,8,8,Dentist
2147,5,6,5,2,7,4,8,5,5,7,7,5,8,10,8,9,6,7,3,8,9,3,6,7,4,6,4,7,8,7,10,10,Business / Management
2148,8,5,2,2,5,6,8,6,3,3,10,8,4,7,7,6,6,6,7,4,6,2,9,5,3,4,4,6,7,9,8,8,Finance / Banking
2149,4,5,7,6,4,1,3,4,3,5,5,6,6,7,5,7,7,5,7,8,5,8,2,4,7,4,7,10,10,4,8,10,MBBS / Doctor
2150,4,2,1,3,7,2,1,4,8,9,8,7,8,7,10,9,10,8,8,7,5,5,3,9,4,9,5,7,9,6,10,10,Journalism / Media
2151,6,2,1,2,2,9,5,4,6,3,8,7,3,7,4,6,5,2,3,6,5,2,9,4,5,1,2,7,7,2,5,3,CA / Accounting
2152,6,3,3,3,6,5,7,9,3,3,8,7,5,8,6,5,7,3,5,9,6,2,6,5,4,3,6,10,9,8,8,8,Business / Management
2153,4,5,3,3,4,2,4,5,10,2,9,3,2,7,9,9,7,4,6,9,5,3,6,6,6,9,6,7,4,5,6,7,Law
2154,6,4,2,5,7,3,4,7,5,7,6,4,7,8,7,4,7,7,10,6,5,3,3,5,4,5,10,10,7,3,9,9,Teaching / Professor
2155,4,3,8,6,3,3,1,6,4,8,10,4,10,7,7,4,5,6,8,4,6,7,1,3,2,6,5,9,7,2,5,6,Pharmacy
2156,6,5,10,10,1,3,3,6,5,3,7,4,10,9,4,5,4,4,10,6,4,10,2,5,2,3,5,4,6,4,5,5,Pharmacy
2157,4,4,10,10,6,3,4,3,6,4,9,5,10,7,7,7,7,6,8,5,7,9,4,6,1,4,4,10,8,2,5,4,Pharmacy
2158,10,8,6,2,5,5,5,5,2,3,10,10,6,10,6,6,10,4,8,6,9,6,5,4,6,6,7,1,8,7,7,7,Engineering
2159,4,4,1,3,6,1,6,5,7,8,8,3,5,6,9,6,10,7,4,10,6,2,1,7,5,9,7,7,3,6,7,10,Journalism / Media
2160,8,7,6,5,10,5,4,2,5,6,10,8,4,9,6,7,9,6,5,3,9,2,6,2,4,4,4,5,4,5,6,7,Engineering
2161,4,5,8,10,4,2,5,5,5,6,8,3,9,10,6,6,5,8,9,4,4,10,2,6,5,4,5,10,9,4,7,9,MBBS / Doctor
2162,6,5,5,3,10,4,6,4,4,5,9,8,9,9,7,5,5,6,8,6,9,3,3,5,5,3,7,6,6,9,9,6,Engineering
2163,4,3,5,6,6,3,3,2,4,5,6,5,8,8,5,6,6,8,9,4,2,7,1,5,5,3,6,10,6,3,6,5,MBBS / Doctor
2164,4,2,4,6,6,2,7,7,8,7,4,3,3,6,7,7,8,8,6,8,7,3,1,8,6,5,5,6,7,4,7,10,Journalism / Media
2165,9,3,1,3,5,10,8,6,5,2,7,10,7,5,6,3,4,3,5,6,7,2,10,4,3,5,5,10,9,6,4,6,CA / Accounting
2166,7,3,2,1,6,9,10,6,3,3,7,8,4,7,5,7,5,5,6,5,7,1,10,5,3,3,7,6,6,6,8,6,Finance / Banking
2167,8,2,5,5,6,7,9,8,4,6,6,10,5,8,6,9,6,7,1,9,6,1,7,5,4,7,5,7,7,8,6,9,Business / Management
2168,5,1,2,1,3,5,5,6,1,3,7,9,2,7,4,7,2,1,5,2,3,1,7,2,4,5,3,8,7,2,4,4,CA / Accounting
2169,5,7,3,10,4,1,3,5,7,8,6,2,8,7,5,7,5,9,7,6,5,10,2,4,4,4,7,8,7,6,6,10,MBBS / Doctor
2170,6,6,6,5,10,3,4,3,3,8,9,10,7,9,7,5,7,4,6,5,8,4,5,4,3,4,4,7,9,5,10,6,Engineering
2171,4,1,6,9,5,3,4,4,1,4,7,5,9,6,5,4,6,8,7,4,5,10,5,3,2,1,4,7,6,3,7,5,Pharmacy
2172,3,3,2,3,5,2,6,5,7,3,8,4,2,6,7,4,5,8,5,10,5,2,2,9,4,4,3,5,5,7,5,8,Journalism / Media
2173,1,3,6,10,5,5,3,3,5,7,8,4,10,9,4,8,8,3,7,6,5,8,4,4,6,3,3,7,6,3,9,8,Dentist
2174,4,4,1,4,7,5,7,7,7,5,6,7,5,8,7,9,10,7,5,8,7,4,8,6,3,3,6,8,6,8,8,10,Business / Management
2175,1,2,3,6,2,5,3,2,3,8,5,3,6,6,8,5,5,5,6,5,1,2,3,6,2,2,6,8,5,2,7,9,Psychology
2176,2,2,1,2,4,3,5,5,8,2,6,4,3,5,10,7,8,8,4,8,3,3,1,8,5,9,3,5,2,8,9,7,Journalism / Media
2177,2,6,3,10,6,5,3,2,4,6,6,3,9,8,6,4,9,9,7,5,6,7,2,5,3,3,5,7,7,2,9,10,MBBS / Doctor
2178,2,4,3,3,7,2,4,5,7,8,8,3,3,6,10,7,9,7,8,8,6,2,5,9,3,8,4,7,8,5,8,10,Journalism / Media
2179,5,4,5,10,8,3,5,1,5,5,7,6,7,10,8,8,9,9,6,7,4,10,6,4,4,7,7,9,9,5,5,7,MBBS / Doctor
2180,4,2,9,8,6,2,2,5,5,2,8,2,10,4,6,5,4,6,8,4,3,6,4,1,1,1,3,8,6,5,8,6,Pharmacy
2181,5,4,10,7,5,3,3,4,1,2,3,3,6,9,8,4,6,10,5,3,3,6,1,1,3,4,5,5,7,3,6,6,Dentist
2182,1,1,1,3,6,1,4,5,6,7,5,2,7,5,10,6,9,6,6,7,5,2,3,9,4,6,5,4,4,5,4,9,Journalism / Media
2183,5,6,7,8,4,1,5,6,4,6,6,4,8,6,6,5,5,8,6,5,4,8,6,3,3,2,5,8,7,1,6,7,Pharmacy
2184,6,4,2,4,5,5,8,5,8,4,6,3,4,10,10,9,7,5,5,5,4,2,3,7,10,10,8,9,9,6,9,7,Civil Services
2185,10,10,6,2,9,4,6,5,4,4,7,5,8,9,7,4,8,8,6,5,9,6,2,5,3,3,5,9,9,7,6,9,Engineering
2186,5,4,9,10,6,3,1,4,5,8,7,7,9,4,7,5,5,9,7,5,4,10,2,6,3,3,5,8,10,3,7,7,MBBS / Doctor
2187,5,1,4,7,5,4,2,6,3,10,8,6,8,9,10,6,7,10,9,7,4,3,5,8,6,4,7,7,6,4,10,6,Psychology
2188,7,6,9,10,6,4,5,3,2,5,8,2,9,8,9,6,5,10,6,5,5,10,2,5,7,4,6,8,8,4,8,7,MBBS / Doctor
2189,6,4,4,7,2,5,4,3,5,10,6,4,6,8,6,5,8,10,6,9,4,4,3,7,3,2,7,8,7,3,5,10,Psychology
2190,4,4,2,5,4,4,4,4,5,8,9,3,6,7,7,5,5,10,7,7,3,5,3,10,5,5,9,10,6,3,7,9,Psychology
2191,6,2,5,5,5,2,4,4,4,4,8,5,6,9,9,9,6,6,6,8,6,3,3,4,3,6,8,6,7,1,6,7,Teaching / Professor
2192,8,3,4,4,6,6,4,7,3,5,9,9,3,5,8,4,4,4,5,4,6,3,7,3,1,2,1,7,7,5,2,4,Finance / Banking
2193,9,6,4,3,8,1,4,4,4,6,10,10,8,8,5,6,8,6,7,4,9,5,5,4,2,2,4,7,7,4,6,6,Engineering
2194,3,5,6,10,6,2,4,4,3,7,7,4,4,6,9,8,6,7,5,4,4,8,3,4,1,5,6,8,9,3,5,6,Dentist
2195,6,3,9,7,2,4,2,2,5,5,8,7,9,5,3,3,7,6,7,5,6,8,4,2,6,1,3,6,6,3,8,6,Pharmacy
2196,6,1,4,1,5,10,4,8,2,5,8,10,3,9,6,6,5,1,3,5,4,1,7,1,4,5,4,6,6,3,6,4,CA / Accounting
2197,2,4,6,5,6,6,5,5,6,5,7,4,7,8,8,9,7,9,7,9,3,3,3,7,4,7,9,7,9,1,6,8,Teaching / Professor
2198,6,3,6,4,5,4,7,7,6,5,8,7,6,9,10,10,9,7,4,6,9,4,9,5,7,5,4,6,10,7,8,10,Business / Management
2199,4,4,2,4,8,4,7,8,4,6,6,5,2,8,10,10,10,5,6,6,8,6,8,8,3,5,4,6,8,8,8,8,Business / Management
2200,7,2,5,5,7,3,7,7,7,7,5,6,9,9,8,6,10,6,8,7,5,4,4,5,6,6,10,9,9,2,8,8,Teaching / Professor
2201,1,2,3,4,4,4,5,6,7,5,8,4,2,7,4,5,6,6,6,10,4,1,6,8,5,6,8,7,7,4,5,10,Law
2202,7,8,3,1,8,1,4,4,4,5,9,7,6,8,4,5,10,4,6,3,9,4,4,4,5,5,5,6,8,4,5,5,Engineering
2203,6,4,7,9,4,1,2,3,5,6,8,6,10,8,6,5,4,6,7,8,6,9,4,4,6,5,7,10,10,5,8,7,MBBS / Doctor
2204,9,3,8,5,3,4,4,5,9,4,9,7,7,4,9,8,10,5,7,10,2,5,3,5,4,9,10,8,5,5,7,7,Teaching / Professor
2205,2,2,2,5,5,1,1,5,4,9,4,3,7,7,7,6,9,8,8,4,6,6,2,7,4,5,7,10,8,2,6,9,Psychology
2206,2,6,1,3,5,4,7,4,9,9,8,3,4,7,8,7,7,10,7,10,7,1,5,8,5,7,4,5,7,6,10,10,Journalism / Media
2207,6,5,2,3,5,10,8,6,3,3,5,9,2,8,8,4,3,2,6,1,6,1,10,4,3,7,2,8,3,4,5,5,CA / Accounting
2208,4,4,6,9,4,4,3,4,7,7,7,5,8,10,9,5,4,6,4,5,5,9,5,2,4,2,6,9,7,4,6,6,Dentist
2209,5,6,8,10,7,4,3,3,3,6,4,8,7,7,8,4,5,8,9,6,5,8,6,5,5,1,7,8,10,5,8,6,MBBS / Doctor
2210,7,4,7,3,3,3,4,3,6,7,6,3,7,8,9,4,5,8,10,10,5,2,1,5,8,3,9,7,6,1,5,6,Teaching / Professor
2211,5,3,3,4,4,4,6,7,10,7,8,7,2,8,9,7,8,6,4,6,6,1,5,7,7,9,4,5,8,5,5,8,Law
2212,3,1,3,4,4,1,6,3,3,9,5,3,4,4,10,4,6,7,6,6,2,5,2,4,5,5,6,8,7,1,2,9,Psychology
2213,6,6,4,4,5,9,10,9,4,4,7,9,5,8,7,6,8,5,6,1,9,3,10,5,3,4,7,5,5,5,7,9,Finance / Banking
2214,3,1,5,4,5,1,4,7,8,6,7,4,7,7,10,7,7,5,7,10,3,3,3,6,5,4,10,8,7,1,6,6,Teaching / Professor
2215,7,8,3,3,6,4,5,4,4,3,7,5,3,8,5,7,8,6,4,3,8,6,5,5,2,2,5,4,6,5,8,4,Engineering
2216,6,5,8,10,5,2,4,8,4,4,10,6,10,7,6,6,7,3,8,5,4,6,5,4,3,3,6,9,8,5,8,8,Pharmacy
2217,3,4,1,2,6,2,7,2,8,6,5,5,3,7,9,7,4,9,8,7,5,2,3,7,9,7,7,7,8,5,8,8,Civil Services
2218,3,6,8,5,4,4,4,4,4,4,7,5,8,7,7,5,6,6,5,6,6,8,1,5,3,4,5,6,6,4,8,6,MBBS / Doctor
2219,4,4,8,9,5,3,5,3,3,6,6,5,8,7,7,6,7,7,5,5,6,10,3,6,6,4,5,9,6,5,7,8,MBBS / Doctor
2220,6,1,3,4,6,3,4,5,6,5,5,2,4,8,10,6,9,7,5,9,5,1,3,8,5,7,6,5,8,8,9,8,Journalism / Media
2221,7,6,4,3,6,3,4,2,7,6,6,5,5,7,9,8,5,8,6,8,6,3,1,6,7,7,10,9,6,3,8,8,Teaching / Professor
2222,4,3,6,3,9,1,4,2,4,7,6,4,7,9,8,3,6,7,7,8,6,2,3,6,7,6,8,6,5,3,7,6,Teaching / Professor
2223,3,1,2,3,4,1,5,2,4,7,7,5,6,6,6,6,5,10,8,6,3,7,1,8,1,2,8,7,5,4,6,10,Psychology
2224,8,4,1,1,6,6,8,7,7,4,5,9,5,8,7,5,4,3,4,4,8,6,9,5,1,3,6,7,7,10,9,8,Finance / Banking
2225,4,3,2,3,5,1,2,4,8,7,6,4,1,7,10,6,9,8,6,8,4,2,5,8,3,8,6,8,5,7,10,9,Journalism / Media
2226,4,6,6,6,7,1,4,4,4,5,4,6,6,9,9,4,3,7,7,4,5,8,3,4,3,2,5,10,7,3,5,7,MBBS / Doctor
2227,8,4,2,1,6,4,8,9,6,6,7,8,5,10,10,9,9,8,1,7,7,4,7,7,3,5,4,8,5,10,10,8,Business / Management
2228,4,4,4,3,6,3,4,3,9,4,10,5,3,6,10,6,6,7,3,6,3,5,4,8,10,7,2,5,6,5,10,9,Civil Services
2229,3,4,1,2,3,5,4,5,7,7,9,4,3,8,8,8,5,7,5,8,3,2,5,8,8,9,3,6,6,7,4,8,Law
2230,2,2,4,5,3,1,5,5,7,6,4,3,3,5,8,6,9,9,6,8,4,4,3,7,3,8,5,4,5,6,9,9,Journalism / Media
2231,7,3,7,9,4,2,4,3,3,7,7,6,10,10,4,6,3,10,7,7,5,9,4,6,7,2,6,10,9,5,6,7,MBBS / Doctor
2232,4,6,7,7,3,1,1,1,4,5,8,4,6,5,5,3,3,7,6,5,4,7,2,3,3,2,5,5,5,4,4,5,Pharmacy
2233,8,5,3,3,9,10,8,7,3,3,8,9,3,9,5,5,7,8,6,4,6,2,10,6,3,5,7,9,10,8,6,6,Finance / Banking
2234,5,1,5,8,4,4,7,4,6,10,5,4,7,5,9,8,7,8,7,7,6,7,1,7,4,6,7,7,7,4,7,10,Psychology
2235,6,9,6,9,8,3,4,7,6,9,9,7,10,10,8,10,6,10,9,6,8,10,1,6,4,6,8,10,8,4,8,10,MBBS / Doctor
2236,2,6,4,1,5,5,9,8,1,7,7,2,5,8,7,7,7,5,5,8,3,3,7,5,3,7,6,5,7,9,10,7,Business / Management
2237,6,6,9,7,4,3,7,2,3,5,8,7,9,9,5,8,8,7,4,7,7,10,3,5,4,4,4,10,10,6,7,9,Dentist
2238,3,7,6,8,3,1,1,5,4,2,6,4,7,6,8,5,9,4,5,6,4,8,1,3,3,2,4,8,6,3,6,9,Dentist
2239,3,2,3,1,1,3,4,6,4,4,7,4,4,6,4,5,5,6,6,6,5,1,8,7,4,8,3,6,7,6,6,7,Law
2240,6,3,6,5,5,7,9,8,3,2,7,4,5,7,7,8,6,5,3,7,7,1,8,4,6,5,5,5,8,8,9,10,Business / Management
2241,5,4,6,6,3,2,7,4,3,7,7,6,7,6,9,8,7,10,5,9,4,1,1,4,7,4,10,8,9,3,8,7,Teaching / Professor
2242,4,3,6,4,4,2,5,6,7,9,8,3,4,6,6,5,8,7,5,7,3,7,3,7,6,5,8,7,5,5,7,10,Psychology
2243,6,2,3,1,5,7,6,6,2,3,5,7,4,8,5,4,5,5,7,3,5,2,9,3,3,2,4,7,6,8,7,6,Finance / Banking
2244,5,2,4,2,7,4,6,2,9,6,7,3,3,10,9,7,10,6,8,8,8,2,3,9,6,8,4,8,4,8,9,8,Journalism / Media
2245,7,6,5,2,7,2,6,5,3,4,8,6,5,7,5,4,7,6,4,5,8,4,4,2,2,4,6,3,7,8,7,6,Engineering
2246,9,6,7,5,5,5,5,3,9,6,6,9,6,7,10,10,8,10,8,7,5,6,5,7,4,5,10,8,5,4,8,8,Teaching / Professor
2247,4,4,10,9,5,4,2,5,4,4,6,3,8,7,6,7,5,10,8,5,6,7,3,5,6,3,6,8,10,5,6,9,MBBS / Doctor
2248,6,1,3,5,6,9,8,8,5,2,8,6,1,8,7,6,4,4,6,5,6,3,10,2,5,3,6,9,7,4,8,6,CA / Accounting
2249,10,8,6,5,10,3,5,4,5,7,8,10,8,9,10,8,10,4,10,5,8,1,5,3,5,2,8,8,10,5,10,3,Engineering
2250,6,1,3,4,4,4,6,5,6,6,9,3,3,6,9,8,6,5,7,8,4,1,3,9,9,9,5,7,6,5,5,8,Law
2251,4,2,8,8,5,3,3,1,6,2,6,6,7,7,6,6,4,6,7,4,6,7,4,6,4,4,8,7,6,4,5,5,MBBS / Doctor
2252,2,3,7,4,7,5,7,9,3,6,8,6,6,8,10,8,10,6,3,5,5,1,6,3,5,5,4,4,6,4,10,6,Business / Management
2253,2,5,5,6,4,4,6,5,6,8,8,5,6,9,10,6,6,6,6,8,5,4,2,5,6,5,10,8,9,4,6,6,Teaching / Professor
2254,6,1,7,7,5,2,1,4,3,5,4,5,9,8,6,5,6,7,6,4,6,7,2,7,3,4,6,10,9,4,7,6,Pharmacy
2255,5,4,4,5,5,1,8,3,7,6,6,5,3,10,7,9,6,6,9,7,2,3,3,9,9,8,4,8,8,5,8,5,Civil Services
2256,7,4,8,7,4,1,4,4,3,4,3,3,9,7,5,5,3,6,10,5,4,9,3,3,3,4,1,4,4,2,7,7,Pharmacy
2257,7,1,5,5,4,3,3,4,5,10,6,5,6,7,9,7,7,10,8,8,5,9,4,10,6,4,5,9,5,4,7,9,Psychology
2258,5,3,7,10,5,1,2,3,3,5,6,2,9,9,8,7,5,7,5,7,5,6,2,2,4,3,5,7,8,4,5,9,MBBS / Doctor
2259,4,1,1,1,6,3,6,4,7,8,8,7,4,7,10,8,5,6,6,7,4,1,5,7,5,10,9,7,8,7,8,8,Law
2260,4,5,4,5,5,5,3,3,6,5,9,5,6,7,8,10,9,9,8,10,6,4,3,6,5,6,7,9,8,5,7,6,Teaching / Professor
2261,2,2,3,3,4,2,4,4,9,7,9,7,5,9,6,6,6,6,5,10,7,1,4,6,5,10,4,8,3,8,7,9,Law
2262,2,1,3,6,4,2,6,6,6,6,5,2,1,8,7,6,10,9,6,9,7,2,3,8,5,10,5,5,6,6,8,10,Journalism / Media
2263,3,2,3,8,4,2,4,2,3,9,9,8,6,6,7,5,7,8,4,8,6,7,3,7,5,2,8,8,5,1,6,8,Psychology
2264,6,2,8,9,1,2,3,2,3,6,5,5,6,7,6,5,2,5,8,3,4,4,1,1,4,1,7,6,6,3,4,4,Pharmacy
2265,4,4,5,3,7,5,9,8,6,7,10,8,6,7,8,8,8,7,6,8,10,5,6,6,6,8,6,7,10,9,7,7,Business / Management
2266,6,5,4,2,6,7,6,8,4,6,9,7,2,9,8,10,8,5,5,7,8,2,6,6,6,6,4,5,7,10,8,10,Business / Management
2267,2,4,1,3,9,1,6,9,4,5,8,2,4,8,7,5,10,5,9,10,4,3,5,7,5,7,5,6,8,10,8,6,Journalism / Media
2268,3,3,4,4,6,5,4,5,9,5,8,5,3,9,8,4,8,6,8,8,5,2,4,7,5,10,6,7,9,5,8,10,Law
2269,7,3,1,2,4,7,8,7,4,7,6,8,2,8,7,4,5,6,6,4,8,2,10,4,4,2,4,5,5,6,7,5,Finance / Banking
2270,4,4,3,3,5,7,7,6,4,3,7,7,3,9,6,4,5,5,6,5,7,6,7,6,4,7,2,8,9,6,5,9,Finance / Banking
2271,5,3,4,5,3,5,5,5,7,9,7,4,7,10,10,7,6,9,8,8,5,7,2,8,5,6,8,7,8,5,7,10,Psychology
2272,2,2,3,2,7,2,4,7,6,7,8,5,3,10,10,5,8,6,7,10,6,2,1,7,8,7,4,6,8,6,9,10,Journalism / Media
2273,7,5,1,1,6,8,8,6,3,4,9,7,3,7,3,4,3,4,3,3,5,2,8,1,5,3,5,8,7,5,7,5,CA / Accounting
2274,4,3,3,4,3,3,5,4,9,8,10,6,3,8,8,8,8,6,6,10,4,2,4,7,7,10,4,5,6,6,6,9,Law
2275,3,3,7,6,3,2,1,2,2,3,4,4,7,7,8,6,6,5,3,5,5,9,3,4,2,5,4,6,5,3,6,8,Dentist
2276,7,1,4,4,6,9,10,4,5,4,5,10,4,6,7,7,6,2,5,3,7,1,8,7,6,6,7,4,7,7,7,4,Finance / Banking
2277,7,3,4,2,8,8,7,4,3,5,7,8,5,4,6,6,5,1,3,1,4,3,8,5,4,2,4,4,7,6,6,3,Finance / Banking
2278,7,4,4,6,6,2,7,8,10,6,7,5,8,6,10,8,9,9,8,8,7,6,4,7,3,4,9,8,9,3,8,8,Teaching / Professor
2279,4,1,1,1,7,5,4,7,9,6,3,4,5,5,10,8,7,5,8,9,4,4,3,7,6,9,6,8,8,6,9,6,Law
2280,8,6,6,4,5,3,3,4,7,6,4,6,5,6,10,6,10,6,6,7,5,3,1,7,4,6,9,10,6,4,9,6,Teaching / Professor
2281,7,8,5,5,8,1,5,6,5,5,10,8,8,8,8,7,7,3,9,4,9,7,6,7,4,6,5,8,10,6,8,5,Engineering
2282,6,3,2,2,6,8,10,8,2,3,9,9,5,7,6,6,3,4,8,4,7,1,10,2,5,3,3,4,9,7,5,4,Finance / Banking
2283,6,3,6,6,6,3,6,2,3,4,6,3,8,9,5,6,5,6,7,3,4,8,6,4,6,4,5,6,6,5,5,5,Pharmacy
2284,3,4,4,3,6,4,6,4,9,5,8,6,3,9,8,7,9,8,2,8,4,2,4,6,9,5,5,6,9,2,9,7,Civil Services
2285,7,6,7,3,7,6,4,6,9,5,8,5,3,9,10,10,8,8,9,9,5,5,7,8,9,10,8,10,10,8,9,10,Civil Services
2286,9,10,8,6,8,4,6,5,4,6,8,7,7,10,6,7,8,5,8,6,7,6,3,2,3,3,5,7,7,8,8,7,Engineering
2287,7,7,4,4,7,8,10,9,3,4,8,8,3,5,3,9,4,4,5,6,8,4,10,4,6,4,6,4,9,5,5,5,Finance / Banking
2288,5,3,3,2,5,2,7,6,6,6,8,3,2,9,9,7,6,4,6,9,4,4,3,8,6,10,6,6,8,5,6,8,Law
2289,5,3,5,5,7,4,4,3,9,8,9,6,5,8,8,10,6,10,8,8,8,2,5,6,6,7,10,7,6,4,7,9,Teaching / Professor
2290,4,2,2,1,5,10,5,6,3,5,7,5,5,6,5,5,4,3,4,3,1,1,8,2,2,3,5,8,4,1,3,5,CA / Accounting
2291,6,3,8,10,5,3,4,5,5,3,7,7,5,8,5,3,5,8,5,5,4,10,7,2,3,4,6,8,4,2,7,5,Pharmacy
2292,4,2,1,3,6,4,3,3,7,5,6,3,4,6,10,6,9,8,9,8,7,5,3,8,2,6,7,6,8,4,7,10,Journalism / Media
2293,2,5,5,3,4,5,2,2,6,8,9,3,7,7,8,7,6,7,6,5,5,5,4,9,4,6,8,9,5,4,8,10,Psychology
2294,5,2,2,1,3,8,6,8,4,3,6,5,3,6,8,8,8,6,3,6,8,1,4,5,2,3,5,5,5,10,5,8,Business / Management
2295,4,4,6,9,3,3,2,2,2,6,4,5,9,6,4,4,4,3,7,1,5,9,3,4,3,2,4,9,7,4,8,7,Pharmacy
2296,8,2,3,1,7,7,7,8,3,5,8,9,4,7,3,8,6,5,4,4,3,1,10,2,4,5,5,8,7,4,8,7,CA / Accounting
2297,6,3,4,5,7,6,6,8,6,5,4,6,5,10,10,9,9,7,5,7,8,2,10,2,5,6,6,5,5,9,10,9,Business / Management
2298,5,5,4,1,5,5,6,10,4,6,6,8,6,8,10,8,9,5,6,8,6,3,10,4,5,6,5,4,9,8,10,9,Business / Management
2299,3,3,3,4,2,6,7,2,9,6,8,3,4,5,7,8,2,8,8,6,5,1,3,9,10,8,5,9,8,5,9,8,Civil Services
2300,6,5,3,2,7,6,7,10,5,6,7,5,4,8,8,7,10,6,3,10,7,1,10,7,3,5,5,4,8,10,10,9,Business / Management
2301,7,3,2,1,6,10,7,5,2,4,7,8,1,7,6,5,4,4,5,2,4,1,9,2,3,5,2,6,6,5,6,5,CA / Accounting
2302,7,5,8,6,10,1,7,5,5,2,10,9,7,10,5,5,7,3,8,7,8,4,4,5,3,3,7,7,10,7,6,8,Engineering
2303,3,4,4,3,6,2,3,5,7,3,7,6,3,9,5,4,8,7,6,6,6,2,5,7,6,8,5,5,9,6,10,10,Journalism / Media
2304,3,1,1,3,7,4,3,4,8,4,8,5,2,4,8,8,7,8,7,7,4,2,4,8,4,8,4,7,8,5,4,9,Law
2305,6,3,2,1,4,9,5,3,2,3,8,9,1,7,7,5,3,3,5,1,6,1,10,4,5,6,5,9,5,5,4,4,CA / Accounting
2306,7,5,6,6,6,3,7,6,8,3,8,4,7,9,7,7,7,9,8,8,5,4,6,7,6,7,9,7,7,5,8,7,Teaching / Professor
2307,4,7,7,8,5,2,5,5,3,6,9,6,9,6,6,6,6,4,2,6,2,8,1,4,3,4,5,9,8,1,5,10,Dentist
2308,4,4,6,7,3,1,5,1,1,6,7,3,10,6,7,9,8,6,4,6,7,7,5,6,2,4,5,9,10,2,8,6,Dentist
2309,4,1,3,3,5,4,6,6,8,6,8,5,5,10,10,9,5,7,6,7,4,4,6,6,6,7,4,7,7,7,6,7,Law
2310,5,3,3,6,6,9,7,8,4,3,10,9,5,8,6,5,5,7,4,6,7,3,10,2,5,8,5,8,8,8,6,7,Finance / Banking
2311,1,2,3,3,4,1,3,4,6,6,8,2,5,7,7,6,9,5,5,8,5,4,4,9,3,5,7,9,5,6,10,8,Journalism / Media
2312,7,5,1,3,7,6,8,10,5,6,8,6,8,8,6,10,8,8,4,9,8,5,8,5,5,5,3,6,10,6,10,9,Business / Management
2313,2,6,1,4,3,1,5,5,7,4,6,5,3,8,9,5,9,4,2,9,5,2,3,7,6,7,4,4,4,6,10,9,Journalism / Media
2314,3,3,5,4,4,4,1,4,2,5,7,5,4,7,6,4,5,5,8,10,5,2,1,4,2,3,7,7,4,4,8,7,Teaching / Professor
2315,6,1,3,2,5,8,6,7,3,4,10,9,3,6,4,7,3,1,5,5,4,1,10,5,6,3,4,9,8,4,10,6,CA / Accounting
2316,7,8,7,5,7,5,4,6,6,4,10,3,4,7,10,8,10,9,8,10,5,4,3,8,4,3,7,7,7,3,8,9,Teaching / Professor
2317,5,3,3,5,6,10,8,9,6,3,9,10,2,9,6,5,5,4,7,5,10,2,10,4,3,7,5,6,8,8,6,7,Finance / Banking
2318,5,4,2,1,8,3,7,7,5,4,5,6,2,7,8,10,6,4,4,3,8,1,6,5,3,3,7,2,5,6,6,10,Business / Management
2319,2,3,4,7,4,2,3,2,7,9,6,4,5,6,8,4,7,8,7,4,5,6,2,7,6,3,9,7,7,4,9,9,Psychology
2320,4,2,2,3,6,3,4,6,9,7,10,4,1,6,6,7,5,5,6,10,7,2,7,8,5,10,4,5,4,7,7,7,Law
2321,3,3,1,1,5,10,6,5,2,5,8,8,2,10,8,5,5,3,6,2,6,2,8,2,4,2,3,7,8,4,6,7,CA / Accounting
2322,5,5,4,7,6,5,4,5,1,6,6,8,9,7,8,4,8,8,5,4,6,10,1,3,2,3,7,7,7,3,7,5,Dentist
2323,5,2,1,2,6,10,7,5,2,3,6,7,2,8,6,7,3,5,4,4,5,1,10,4,2,7,4,7,6,3,4,5,CA / Accounting
2324,6,2,1,2,5,8,8,7,4,4,9,8,3,7,6,6,5,4,7,6,5,1,10,2,2,7,3,3,5,5,8,6,Finance / Banking
2325,3,4,7,9,3,3,3,3,3,1,8,6,8,6,7,8,5,8,6,6,3,9,4,3,4,5,7,9,8,5,7,9,MBBS / Doctor
2326,5,5,4,2,7,1,5,4,8,7,8,5,6,5,8,8,10,8,8,10,7,2,4,8,6,7,9,4,10,8,9,10,Journalism / Media
2327,5,2,2,1,8,8,8,9,3,5,8,10,4,9,6,5,5,6,6,6,6,1,9,3,3,4,2,6,6,5,5,5,Finance / Banking
2328,2,6,7,9,5,4,5,6,2,5,9,6,9,7,6,6,8,9,6,5,8,10,4,1,2,1,3,9,8,6,9,9,Dentist
2329,3,4,3,3,3,2,7,5,8,9,9,3,4,5,8,10,5,7,6,7,3,2,5,8,10,7,7,9,8,6,7,9,Civil Services
2330,4,5,4,3,6,5,8,7,6,6,7,6,6,10,10,6,9,9,9,10,4,1,4,9,10,10,5,9,10,6,9,10,Civil Services
2331,6,2,9,10,6,3,3,3,4,5,9,5,9,9,7,2,7,7,7,4,6,10,4,4,4,3,8,9,7,2,8,5,Pharmacy
2332,6,1,3,5,2,9,6,7,1,2,10,10,1,9,4,6,3,3,4,4,4,4,10,3,4,4,3,7,8,4,5,5,CA / Accounting
2333,4,2,4,4,4,4,3,4,5,10,7,6,5,5,9,6,8,9,5,4,3,3,4,7,6,6,7,10,6,4,9,8,Psychology
2334,7,2,2,2,4,9,9,7,3,3,10,7,3,9,4,5,6,2,4,1,5,4,7,1,4,5,3,8,8,6,7,7,CA / Accounting
2335,6,9,5,3,10,5,7,4,4,4,9,10,8,10,7,6,8,7,9,7,9,3,5,7,5,5,5,7,7,7,10,6,Engineering
2336,5,9,3,6,10,4,5,2,6,6,4,7,5,9,6,8,9,6,9,8,4,2,3,6,6,5,10,9,7,2,6,8,Teaching / Professor
2337,6,6,5,8,2,4,4,5,2,7,8,7,9,8,5,6,8,7,4,5,6,7,2,2,1,5,5,6,9,3,7,9,Dentist
2338,6,2,6,9,3,2,6,2,5,3,5,5,5,6,7,6,5,10,1,4,5,10,6,5,2,2,6,8,8,3,5,7,Dentist
2339,5,4,10,6,4,1,1,1,5,4,7,6,9,9,9,9,4,9,6,5,3,8,2,7,3,1,6,7,8,5,8,7,MBBS / Doctor
2340,5,4,1,4,4,7,6,8,3,6,7,7,3,10,8,7,4,2,7,2,7,1,9,1,5,6,5,5,7,6,7,9,Finance / Banking
2341,6,6,4,9,2,1,2,6,4,6,6,3,7,10,5,5,7,5,6,1,6,8,3,4,1,2,6,6,8,5,6,9,Dentist
2342,5,3,1,3,5,1,3,3,7,5,3,2,4,7,7,6,9,8,6,8,7,2,5,10,7,5,4,6,5,8,10,10,Journalism / Media
2343,4,4,4,3,3,2,7,5,9,7,5,6,2,10,7,8,6,5,10,7,2,2,3,9,8,9,7,9,10,3,6,8,Civil Services
2344,3,5,6,7,5,1,3,3,4,4,5,4,5,7,7,5,5,6,3,3,4,6,2,1,1,3,5,9,6,4,9,9,Dentist
2345,1,3,2,3,6,2,5,5,7,5,6,3,4,6,10,6,10,7,4,9,6,2,4,5,6,7,2,7,8,7,7,7,Journalism / Media
2346,5,5,9,9,6,4,3,2,4,5,7,2,7,10,7,9,5,9,7,7,6,10,5,6,4,1,7,10,9,4,9,10,MBBS / Doctor
2347,3,5,3,2,7,6,6,8,2,3,7,7,4,10,8,8,7,7,3,7,6,2,7,5,5,5,6,6,9,7,8,9,Business / Management
2348,3,4,1,4,5,5,4,5,8,5,8,4,1,6,10,6,7,5,4,9,4,1,4,8,8,6,6,6,9,7,9,7,Law
2349,6,2,1,1,5,10,6,8,2,2,7,6,1,6,5,7,3,2,5,3,7,2,9,4,5,5,5,9,6,2,6,4,CA / Accounting
2350,6,4,4,4,7,4,8,8,4,4,7,6,6,8,9,9,5,4,5,8,7,2,7,5,6,7,5,6,8,9,10,9,Business / Management
2351,3,2,10,9,5,3,5,2,3,7,4,6,7,6,5,5,5,6,9,2,5,8,5,3,1,2,6,8,7,2,9,6,Pharmacy
2352,3,3,2,4,6,7,7,8,7,2,7,7,5,9,8,10,7,4,5,6,6,5,10,7,6,5,7,7,10,7,10,7,Business / Management
2353,5,10,4,2,8,4,5,2,3,1,8,4,5,7,6,4,8,5,6,2,10,1,5,6,4,4,1,6,7,7,4,4,Engineering
2354,5,2,4,5,4,4,7,10,8,5,8,6,4,8,8,10,9,6,7,8,7,3,7,4,2,6,5,8,7,7,10,8,Business / Management
2355,7,1,1,2,7,9,5,6,4,3,8,5,5,7,6,7,6,5,3,1,6,3,10,1,7,4,5,5,9,6,5,7,CA / Accounting
2356,6,4,7,10,4,2,3,4,2,5,9,2,10,4,7,6,5,6,3,4,6,10,2,6,1,4,5,7,8,5,9,9,Dentist
2357,8,2,2,4,6,9,6,4,3,4,6,10,2,5,6,5,4,5,6,4,5,1,10,4,3,4,6,9,9,6,6,4,CA / Accounting
2358,4,7,2,1,4,5,6,10,5,4,4,4,4,5,7,10,8,5,2,7,6,3,8,6,4,5,4,7,6,7,10,7,Business / Management
2359,2,1,1,2,6,3,2,6,6,4,6,2,1,5,10,1,9,6,8,9,3,1,4,7,6,5,3,5,7,5,10,8,Journalism / Media
2360,1,4,5,2,5,3,8,4,10,4,7,4,4,8,7,10,4,7,7,9,5,4,4,8,10,7,6,7,7,4,7,8,Civil Services
2361,8,7,6,2,7,3,6,3,4,3,7,8,4,6,3,2,6,5,5,5,10,5,3,6,4,2,4,4,5,5,8,8,Engineering
2362,6,5,1,5,5,6,7,10,4,5,6,4,5,6,9,8,5,8,1,7,7,1,8,4,3,7,5,5,7,10,9,7,Business / Management
2363,5,5,7,10,5,4,1,6,3,7,7,6,7,9,6,6,7,9,5,3,8,10,2,6,5,3,5,9,4,7,6,8,Dentist
2364,7,2,1,2,7,9,5,5,7,3,8,10,2,4,4,4,2,6,5,6,4,1,10,1,7,6,5,7,5,5,8,6,CA / Accounting
2365,8,1,2,5,4,10,6,8,4,2,10,8,2,8,7,4,5,4,4,3,6,1,8,1,5,5,4,7,7,4,7,3,CA / Accounting
2366,3,4,2,6,3,4,5,6,7,5,6,3,3,10,10,6,7,5,3,9,5,3,4,7,7,8,5,5,10,7,6,8,Law
2367,3,4,7,9,4,3,5,4,1,7,10,6,9,8,9,7,7,7,7,5,6,7,2,6,6,4,4,10,10,4,8,10,MBBS / Doctor
2368,5,4,5,5,7,5,10,8,2,5,7,8,4,9,6,10,8,5,7,8,5,3,10,8,5,2,7,5,9,7,9,7,Business / Management
2369,4,4,4,2,5,3,6,6,3,7,7,5,3,8,9,5,6,4,7,7,7,3,3,8,6,4,7,6,9,6,9,8,Journalism / Media
2370,4,3,7,8,4,3,2,4,3,4,6,3,7,10,10,7,5,5,6,5,8,9,5,2,4,4,5,9,7,2,4,9,Dentist
2371,3,1,3,3,2,3,6,4,7,5,7,5,2,7,8,6,5,4,5,8,4,1,4,7,6,6,4,7,6,5,6,5,Law
2372,2,2,1,1,7,4,2,3,10,5,7,3,2,7,10,6,9,10,6,9,6,3,3,10,7,10,4,6,8,6,9,10,Journalism / Media
2373,3,4,4,4,6,3,5,2,10,5,7,10,2,9,10,8,6,4,7,7,6,1,7,6,10,9,8,8,10,5,5,9,Civil Services
2374,5,4,5,4,9,7,9,7,4,5,9,5,3,7,10,9,9,5,6,5,6,2,8,4,7,6,4,8,7,7,10,5,Business / Management
2375,7,1,5,3,5,10,7,6,5,5,9,10,1,9,6,6,4,3,4,4,3,3,10,5,5,6,5,10,8,6,5,6,CA / Accounting
2376,5,4,5,1,6,3,6,8,6,5,7,3,3,8,8,5,6,4,5,7,7,2,4,8,5,10,6,8,7,7,7,9,Law
2377,4,5,6,9,1,2,5,5,2,6,5,5,7,6,6,4,3,1,9,4,5,8,2,1,3,2,6,7,7,2,6,3,Pharmacy
2378,7,2,5,2,5,7,8,7,2,4,10,9,4,7,3,6,4,4,4,2,6,1,8,5,3,4,3,10,8,3,6,6,CA / Accounting
2379,3,1,4,6,6,2,5,4,7,4,9,3,5,6,10,6,8,7,6,8,7,1,3,10,6,6,5,6,7,6,9,9,Journalism / Media
2380,5,5,7,7,4,6,3,3,2,5,7,4,6,7,9,5,6,9,5,2,6,8,3,2,2,1,2,9,7,4,6,7,Dentist
2381,7,5,6,9,5,5,4,6,4,7,8,3,8,9,6,6,5,7,7,9,4,8,7,7,6,1,7,9,10,4,9,9,Dentist
2382,6,2,4,2,7,10,7,8,4,3,7,10,7,5,4,4,4,2,5,2,5,1,10,4,2,5,3,6,9,3,7,5,CA / Accounting
2383,2,2,3,6,5,2,4,5,3,10,8,4,7,8,9,7,10,10,10,7,3,6,4,9,6,3,9,10,5,5,7,8,Psychology
2384,1,3,1,2,3,1,3,3,6,5,5,2,2,4,7,3,9,5,6,9,4,2,1,8,4,4,3,3,4,5,10,9,Journalism / Media
2385,4,5,3,5,3,4,5,2,5,10,7,5,3,7,6,7,9,9,6,6,5,6,2,9,5,4,9,8,3,2,6,7,Psychology
2386,8,8,5,6,8,3,8,5,3,3,10,7,10,9,7,7,10,2,7,5,9,4,4,5,4,2,6,8,7,10,10,8,Engineering
2387,2,3,6,10,1,1,1,3,5,6,7,3,8,6,7,6,4,8,5,5,7,9,1,3,5,4,6,6,6,4,8,9,MBBS / Doctor
2388,2,4,8,8,3,3,1,5,4,8,9,4,6,7,6,5,6,9,6,3,2,7,2,5,3,2,4,4,7,4,7,8,Dentist
2389,9,6,6,6,6,2,3,3,6,6,7,6,4,6,10,9,10,7,8,10,4,4,4,6,6,5,8,8,6,5,9,9,Teaching / Professor
2390,2,3,3,1,3,3,3,3,9,8,9,4,2,9,7,9,7,7,7,7,6,3,2,6,3,9,5,9,9,6,4,9,Law
2391,3,3,8,8,6,2,4,3,4,7,7,6,6,9,8,6,2,6,7,6,6,9,1,4,2,4,9,9,7,5,8,6,MBBS / Doctor
2392,6,1,5,10,7,5,3,5,5,10,8,4,4,7,8,7,9,9,6,6,5,6,3,8,3,3,7,9,6,6,9,10,Psychology
2393,6,3,5,4,5,4,1,5,7,4,6,3,7,6,10,5,7,6,8,8,7,4,5,6,3,6,9,8,7,3,10,10,Teaching / Professor
2394,7,9,8,4,9,2,5,9,6,5,8,9,8,9,8,5,7,6,6,7,10,2,5,3,6,4,9,9,6,4,7,5,Engineering
2395,5,3,10,7,5,2,2,2,5,6,6,4,7,9,8,7,5,8,4,5,7,9,2,4,3,2,6,8,5,5,8,8,MBBS / Doctor
2396,4,3,2,4,6,1,6,4,7,7,9,5,5,8,7,6,9,8,7,9,6,2,4,10,4,5,9,6,6,5,7,10,Journalism / Media
2397,2,3,7,9,3,2,3,6,5,5,5,3,8,9,3,5,8,6,6,2,2,10,4,3,1,1,5,9,7,4,6,6,Dentist
2398,4,5,7,3,5,5,4,3,5,7,7,7,5,7,8,7,5,8,8,3,5,4,4,8,8,5,10,8,8,3,10,10,Teaching / Professor
2399,1,2,2,3,7,3,4,1,10,5,9,5,3,7,9,8,8,7,6,9,4,4,3,9,7,10,5,8,7,5,8,8,Law
2400,4,3,4,6,4,3,3,1,5,10,6,5,6,8,8,8,7,10,7,6,3,4,5,8,1,3,6,10,7,3,9,9,Psychology
2401,9,3,1,2,5,9,6,6,1,7,10,7,3,6,6,6,5,5,4,4,2,2,6,2,6,7,3,10,8,5,5,8,CA / Accounting
2402,5,3,4,8,7,4,3,5,4,7,6,5,7,9,6,5,7,5,5,4,4,8,1,4,3,2,4,8,9,5,7,8,Dentist
2403,7,3,9,10,6,1,4,6,5,6,7,4,9,7,8,8,5,9,7,6,7,10,4,6,6,4,7,10,8,5,7,6,MBBS / Doctor
2404,4,6,9,6,5,5,3,4,1,5,6,3,7,9,7,7,6,3,8,7,4,6,2,5,1,4,4,8,8,3,7,6,Pharmacy
2405,5,5,8,10,6,3,3,4,4,9,9,4,7,8,6,6,4,8,6,6,5,8,5,6,4,2,5,7,10,6,7,10,MBBS / Doctor
2406,7,5,7,6,4,3,4,4,5,4,7,4,7,7,9,6,7,8,8,6,5,7,4,5,4,7,10,7,9,4,8,10,Teaching / Professor
2407,2,2,2,3,4,3,4,6,6,7,9,3,4,9,6,5,10,8,7,6,6,3,3,8,2,9,7,4,7,5,9,9,Journalism / Media
2408,3,6,3,6,4,7,2,2,5,8,8,5,4,7,9,8,7,9,8,6,5,7,1,10,5,3,6,9,4,3,7,10,Psychology
2409,3,3,4,2,5,2,6,5,10,5,8,3,4,9,7,7,5,6,7,10,6,1,4,9,2,10,5,10,7,8,7,9,Law
2410,7,3,3,4,8,8,6,5,4,2,9,7,2,8,5,6,5,2,7,6,8,3,8,5,5,1,2,5,9,5,6,4,Finance / Banking
2411,5,4,5,4,3,2,6,5,7,7,10,5,5,7,8,3,8,7,6,10,5,3,6,7,6,9,4,10,6,5,8,9,Law
2412,3,5,9,8,2,2,1,5,2,4,10,4,10,5,6,6,4,6,8,5,6,9,4,3,1,6,5,6,9,2,7,5,Pharmacy
2413,8,4,10,7,6,4,7,7,6,6,7,4,7,9,8,6,7,10,8,6,6,4,2,7,6,5,10,7,6,5,9,8,Teaching / Professor
2414,6,1,4,5,3,5,4,4,8,3,10,6,4,10,8,7,9,8,4,4,6,5,6,8,7,6,2,8,7,5,7,8,Civil Services
2415,4,5,7,10,4,3,1,3,4,5,7,4,8,8,9,5,8,8,5,5,6,10,1,2,4,3,8,8,8,5,8,10,Dentist
2416,5,5,6,7,6,2,4,1,7,6,3,5,8,7,9,8,6,8,7,3,6,10,4,4,5,2,7,8,7,5,7,7,MBBS / Doctor
2417,5,5,6,2,4,3,5,7,8,4,6,3,4,9,5,8,5,7,5,7,3,3,4,10,10,6,6,10,8,5,8,9,Civil Services
2418,5,4,4,2,4,4,7,3,8,7,9,6,3,8,7,5,5,7,6,9,4,3,4,7,9,5,4,8,6,2,10,7,Civil Services
2419,5,3,1,3,3,8,5,8,4,2,5,7,3,7,5,7,4,2,1,6,5,1,9,1,6,6,3,6,7,5,6,5,CA / Accounting
2420,6,4,2,1,6,10,7,9,5,7,9,9,4,8,6,5,6,4,2,3,9,2,10,3,5,5,7,8,8,6,5,6,Finance / Banking
2421,2,1,6,3,5,1,3,4,6,4,5,6,3,6,9,4,9,5,4,9,7,2,1,8,6,6,5,6,4,5,9,8,Journalism / Media
2422,1,4,7,10,5,1,5,4,3,7,6,4,8,8,9,4,7,8,6,5,4,7,1,2,2,1,8,7,8,6,9,7,MBBS / Doctor
2423,3,3,7,10,3,2,3,4,1,4,7,5,10,8,8,4,5,4,7,4,5,10,3,2,1,5,5,6,9,3,4,4,Pharmacy
2424,5,5,6,9,8,3,2,6,6,8,7,4,7,10,10,5,2,8,5,5,5,10,2,5,5,1,8,9,6,4,9,8,MBBS / Doctor
2425,7,2,2,1,7,8,9,9,2,4,8,10,3,5,6,7,5,4,4,5,8,2,8,4,3,5,3,5,10,5,5,4,Finance / Banking
2426,7,5,1,4,4,9,9,9,4,7,10,10,4,8,5,5,6,5,6,4,8,5,10,5,5,7,5,7,7,6,7,8,Finance / Banking
2427,2,3,3,3,4,1,5,3,7,5,3,3,3,5,7,8,8,6,6,8,5,3,4,8,4,7,5,4,6,7,6,7,Journalism / Media
2428,9,7,7,8,8,3,5,4,7,4,8,6,6,6,7,10,7,3,8,4,10,3,3,5,5,4,5,7,5,7,5,6,Engineering
2429,4,6,6,8,3,2,3,5,3,3,6,5,6,10,10,5,9,7,5,8,6,9,4,4,1,3,5,9,8,6,6,6,Dentist
2430,6,2,6,6,2,2,3,3,4,9,7,2,5,8,8,5,6,8,10,9,4,5,2,9,5,5,9,7,8,4,9,8,Psychology
2431,2,4,3,4,1,3,1,2,6,9,6,1,3,5,7,4,6,10,7,4,3,5,2,6,2,5,10,9,6,3,6,9,Psychology
2432,7,3,6,3,9,5,7,7,6,7,10,10,7,7,10,6,9,5,8,2,8,4,5,6,3,5,7,10,8,6,6,9,Engineering
2433,2,2,4,2,5,1,7,7,9,4,10,8,6,10,9,7,9,6,2,9,5,2,6,7,7,6,4,8,5,5,9,8,Law
2434,6,3,3,4,2,6,2,5,6,6,9,6,6,9,5,8,7,7,7,8,4,2,3,7,4,5,10,9,7,4,8,5,Teaching / Professor
2435,7,2,2,2,4,8,8,5,3,2,6,8,2,6,5,2,3,4,6,1,3,1,10,2,1,4,2,10,6,2,4,5,CA / Accounting
2436,7,2,1,2,5,7,8,5,2,5,8,8,2,6,5,8,1,7,7,3,6,2,10,3,4,6,1,8,7,3,3,5,CA / Accounting
2437,7,2,7,5,4,3,6,4,5,5,6,6,3,6,8,6,6,7,4,5,7,3,3,3,1,5,10,7,7,5,7,10,Teaching / Professor
2438,3,1,4,2,6,7,7,7,10,8,10,5,3,7,10,10,4,9,8,8,7,4,6,7,6,10,6,8,10,7,7,9,Law
2439,5,3,1,2,5,1,6,8,10,4,5,2,1,8,9,3,9,6,5,8,6,2,1,9,2,6,4,5,8,7,8,10,Journalism / Media
2440,9,6,4,4,7,1,6,3,3,3,9,8,6,6,5,6,7,4,6,5,8,3,2,7,3,4,5,6,6,6,5,6,Engineering
2441,3,1,3,7,3,3,1,4,4,4,8,5,7,9,7,5,7,8,7,4,4,9,2,5,2,2,4,7,6,2,7,8,Dentist
2442,5,4,1,4,3,1,2,4,3,9,8,6,7,6,5,5,5,8,8,4,5,9,7,5,7,5,6,7,5,1,6,9,Psychology
2443,7,2,1,3,3,4,5,9,10,3,7,5,4,10,9,8,6,6,7,9,6,2,5,10,6,10,4,8,9,7,6,4,Law
2444,3,4,2,2,5,6,6,8,6,3,7,7,5,7,6,10,7,4,5,6,9,3,9,6,3,7,4,6,8,8,8,6,Business / Management
2445,3,2,1,7,2,2,6,3,6,9,6,3,7,8,10,4,4,10,5,5,3,4,3,6,6,4,8,8,5,4,7,10,Psychology
2446,6,5,4,3,7,3,4,3,1,4,6,8,8,7,4,5,7,4,5,5,9,2,1,4,2,3,4,3,6,6,7,5,Engineering
2447,4,3,8,8,3,3,3,3,3,6,9,3,10,6,6,3,6,4,7,2,4,7,6,2,4,2,3,8,8,2,10,8,Pharmacy
2448,5,4,4,4,5,2,6,4,9,6,6,5,4,9,8,9,6,6,8,6,3,2,4,10,10,7,5,9,4,6,8,7,Civil Services
2449,7,1,1,2,4,10,7,3,2,3,6,9,3,7,6,7,5,4,3,2,8,2,7,3,3,5,3,5,7,3,2,6,CA / Accounting
2450,7,3,3,4,3,4,7,4,6,6,7,5,5,8,6,8,5,9,6,9,7,3,2,9,6,8,6,8,10,7,9,5,Civil Services
2451,6,4,2,1,3,1,7,5,9,6,9,3,2,9,8,10,5,8,5,7,3,5,3,6,8,6,6,7,8,7,9,9,Civil Services
2452,5,1,2,6,4,2,3,5,7,9,8,9,4,6,5,2,7,10,7,8,8,6,1,9,5,6,7,8,3,2,7,8,Psychology
2453,5,4,4,8,7,3,2,5,9,9,7,6,4,7,10,7,9,8,5,7,7,1,3,5,3,6,8,10,6,5,10,9,Teaching / Professor
2454,10,8,7,5,8,3,5,5,3,4,9,10,9,6,8,6,9,6,7,6,10,6,5,7,6,6,3,10,7,8,7,5,Engineering
2455,3,3,1,5,6,4,5,3,10,4,8,3,2,7,10,6,6,7,6,9,6,2,6,7,5,8,6,8,6,6,6,10,Law
2456,6,5,6,6,7,1,3,4,6,8,7,5,4,6,6,5,7,8,8,9,6,2,2,8,4,4,9,6,6,1,8,7,Teaching / Professor
2457,4,2,3,6,3,2,4,2,7,10,10,3,4,7,9,4,8,8,8,6,6,6,3,5,3,4,8,7,7,2,7,8,Psychology
2458,4,7,9,9,5,5,2,4,3,5,9,6,8,7,4,5,6,5,6,5,7,7,2,6,2,4,3,7,10,2,5,4,Pharmacy
2459,7,3,8,7,5,1,1,3,2,3,4,8,7,8,7,5,4,7,9,5,6,9,4,5,2,2,2,10,7,2,3,6,Pharmacy
2460,8,5,6,1,7,7,6,7,3,4,9,9,5,10,7,5,5,4,4,2,5,3,10,4,4,3,2,6,6,4,7,5,Finance / Banking
2461,5,6,3,3,7,6,9,5,9,5,7,5,5,8,7,6,9,7,7,5,3,4,2,7,9,6,7,9,8,5,8,10,Civil Services
2462,6,4,2,4,5,2,6,3,7,6,10,4,4,8,9,5,9,8,6,10,10,2,4,7,8,7,5,6,7,6,10,8,Journalism / Media
2463,1,5,4,4,7,3,6,3,4,7,8,4,5,5,9,7,9,8,3,9,8,2,2,8,6,9,6,4,7,7,9,9,Journalism / Media
2464,4,5,1,4,8,3,6,2,10,5,7,2,4,7,10,6,8,9,8,9,6,2,4,7,3,9,5,8,6,6,6,10,Journalism / Media
2465,4,6,9,10,5,3,4,4,3,8,6,7,10,8,6,7,6,9,7,5,9,9,5,5,5,5,8,9,8,5,8,9,MBBS / Doctor
2466,7,2,3,6,6,6,9,7,3,5,9,8,6,8,10,9,9,8,7,7,7,5,9,4,3,7,3,4,7,8,7,9,Business / Management
2467,4,4,8,4,6,4,4,3,3,7,7,4,7,7,7,4,6,9,8,8,6,2,2,6,4,3,7,8,6,3,7,10,Teaching / Professor
2468,4,5,3,3,6,5,8,8,6,5,7,5,7,7,7,9,7,6,6,7,7,2,6,5,4,6,3,8,7,8,7,9,Business / Management
2469,5,4,6,3,7,4,5,3,9,6,8,9,4,6,8,9,8,8,6,8,4,3,2,6,9,8,3,9,7,3,7,9,Civil Services
2470,3,2,4,1,3,1,3,8,8,6,5,3,3,6,6,7,6,8,6,8,4,3,2,9,5,4,5,6,7,6,9,8,Journalism / Media
2471,4,2,5,4,5,5,4,5,6,3,4,5,4,6,10,8,9,6,6,9,6,5,4,9,5,5,8,7,5,7,9,8,Journalism / Media
2472,9,6,8,2,10,1,5,4,3,6,10,9,7,9,5,5,5,4,7,2,9,6,6,4,2,5,2,9,7,9,5,7,Engineering
2473,5,6,2,2,8,7,6,5,4,5,8,8,2,7,9,6,4,7,5,4,7,1,8,4,3,5,3,7,6,8,9,8,Finance / Banking
2474,6,4,2,5,6,3,4,4,5,7,7,7,4,7,9,9,6,9,8,10,4,4,3,6,6,7,10,6,6,8,6,9,Teaching / Professor
2475,5,1,4,2,6,4,1,9,10,4,9,4,1,7,9,7,8,7,7,10,5,3,5,10,7,8,5,7,9,5,8,9,Law
2476,5,1,3,3,6,5,7,10,4,4,5,6,3,10,8,10,10,5,4,9,8,4,9,7,5,7,5,7,8,10,8,6,Business / Management
2477,4,1,5,8,4,3,5,6,5,5,4,4,7,8,8,3,6,9,5,4,4,8,3,6,4,1,4,8,8,6,9,6,Dentist
2478,3,6,2,4,6,2,5,4,8,7,5,3,2,9,10,6,8,4,7,10,8,3,4,10,7,9,3,4,5,5,8,10,Journalism / Media
2479,6,6,10,7,5,2,6,4,1,7,7,6,7,9,7,6,6,8,8,6,6,7,5,4,6,4,7,10,5,4,9,10,MBBS / Doctor
2480,6,5,6,4,5,2,8,6,10,6,7,5,5,8,8,10,8,6,7,10,4,2,3,8,10,8,7,9,9,4,7,10,Civil Services
2481,6,2,7,9,6,1,2,4,3,3,7,7,9,6,8,8,3,7,8,3,5,8,2,7,6,3,5,10,9,4,9,9,MBBS / Doctor
2482,6,3,9,7,5,5,2,6,4,7,7,6,10,10,6,5,6,4,7,2,6,8,3,4,2,3,6,8,8,1,7,6,Pharmacy
2483,1,4,7,7,3,2,3,1,2,2,3,5,10,6,3,5,2,2,5,5,6,8,1,1,1,2,6,6,5,1,4,2,Pharmacy
2484,4,3,1,4,5,1,3,4,6,5,8,4,3,6,9,8,9,4,4,6,6,1,3,5,6,9,5,7,5,6,7,8,Law
2485,6,1,1,3,5,9,8,4,3,6,10,8,1,4,5,6,5,2,4,3,4,1,10,4,5,6,4,8,8,3,7,6,CA / Accounting
2486,4,6,8,8,4,4,4,5,1,5,7,5,7,6,8,7,7,5,4,2,4,9,3,7,3,3,5,10,10,5,10,9,Dentist
2487,5,3,2,1,6,4,8,6,7,5,5,3,2,9,10,6,8,8,6,10,6,2,3,10,7,7,4,6,8,10,8,9,Journalism / Media
2488,10,4,1,5,8,7,5,7,4,7,6,10,1,9,6,8,5,4,6,3,6,1,10,6,6,6,4,10,8,3,8,7,CA / Accounting
2489,5,5,2,4,6,5,4,5,8,6,6,5,8,10,10,10,6,6,7,9,10,3,7,7,10,7,7,10,10,7,7,9,Civil Services
2490,7,4,4,6,3,1,2,6,8,7,7,5,6,8,10,5,8,9,9,6,7,3,5,6,6,7,10,8,7,2,7,10,Teaching / Professor
2491,4,5,3,5,6,3,7,5,8,3,5,4,7,8,8,8,5,7,5,8,2,2,5,9,9,8,8,9,7,5,8,8,Civil Services
2492,4,4,2,3,4,4,7,7,3,5,5,3,4,7,7,9,8,5,2,5,7,2,5,3,4,4,5,6,6,8,8,8,Business / Management
2493,5,4,4,2,5,3,7,10,5,3,7,6,5,7,6,9,9,6,3,9,7,3,6,7,5,5,3,8,9,9,8,8,Business / Management
2494,6,3,3,2,6,9,5,6,2,4,8,8,3,7,4,7,4,6,3,2,2,4,9,4,6,4,3,9,6,1,8,4,CA / Accounting
2495,4,4,8,8,3,2,2,3,2,5,5,4,7,9,10,4,9,6,7,4,6,10,2,2,1,1,9,8,6,4,6,5,Dentist
2496,5,3,4,5,3,5,4,3,9,5,9,7,2,8,5,8,7,6,7,8,4,3,3,8,10,8,6,9,8,5,7,9,Civil Services
2497,7,3,7,7,5,3,6,2,5,8,6,3,6,9,7,7,5,10,8,4,5,10,1,7,4,5,6,8,7,7,8,10,MBBS / Doctor
2498,2,4,2,6,2,2,1,2,6,8,4,8,6,9,7,5,8,9,4,9,3,4,3,5,1,3,6,9,5,3,10,7,Psychology
2499,4,3,2,4,5,9,10,7,3,2,9,8,5,5,5,7,7,5,6,4,9,2,9,4,3,4,4,7,3,5,6,4,Finance / Banking
2500,4,3,2,6,4,1,4,5,3,8,6,5,5,9,10,3,7,9,6,6,4,5,4,6,4,4,5,5,6,2,5,8,Psychology
2501,6,2,2,6,6,8,8,5,2,3,5,10,1,7,5,6,7,3,3,1,5,1,10,2,2,4,5,8,9,3,5,5,CA / Accounting
2502,3,3,3,4,3,2,1,1,7,9,8,5,7,6,9,5,9,7,7,5,4,4,1,6,5,2,7,8,4,2,7,9,Psychology
2503,3,5,6,1,4,6,5,4,9,5,10,7,2,8,10,7,6,5,7,8,4,4,3,10,10,9,6,7,7,6,5,7,Civil Services
2504,8,7,9,9,7,5,5,6,5,5,8,4,8,9,7,8,9,8,8,8,4,7,5,3,1,6,8,9,7,4,8,9,Dentist
2505,3,3,3,3,2,2,6,4,8,4,8,4,3,8,10,6,10,6,5,10,4,1,5,6,2,7,3,6,9,8,6,10,Journalism / Media
2506,4,5,5,6,5,1,4,4,5,5,5,7,7,7,7,7,6,5,8,5,5,4,3,7,6,3,9,8,6,4,8,9,Teaching / Professor
2507,7,1,3,3,4,2,7,4,8,5,7,6,3,6,7,7,4,9,5,7,3,2,5,8,8,6,6,7,7,4,8,10,Civil Services
2508,1,4,3,4,3,1,4,3,6,4,3,5,2,6,8,4,6,6,4,8,4,4,3,6,4,6,3,5,6,6,8,8,Journalism / Media
2509,7,8,6,8,3,1,6,4,4,4,7,6,8,8,9,5,8,6,5,2,7,8,4,2,1,3,5,6,8,6,6,7,Dentist
2510,5,6,7,9,6,5,1,4,1,5,8,6,10,9,8,6,10,8,7,7,4,10,3,7,4,6,4,9,7,6,7,8,Dentist
2511,5,5,8,8,4,4,3,3,3,5,6,6,8,7,7,5,4,10,5,5,9,10,2,2,5,2,7,8,8,7,9,6,MBBS / Doctor
2512,9,4,5,4,8,3,1,2,8,3,7,6,7,10,9,5,6,9,4,8,8,4,5,3,6,5,9,8,9,2,7,10,Teaching / Professor
2513,5,5,5,1,7,4,6,9,6,6,6,6,4,9,10,10,8,8,4,10,6,1,10,4,5,4,9,9,10,9,10,9,Business / Management
2514,5,3,3,3,4,3,7,7,4,3,8,9,6,10,9,9,8,5,6,8,6,4,6,4,5,6,5,6,8,5,7,7,Business / Management
2515,3,3,3,3,5,2,5,6,7,5,5,8,1,9,9,6,8,7,4,8,4,3,6,7,7,9,5,8,8,5,5,8,Law
2516,2,2,3,2,6,1,3,3,6,5,6,4,5,5,9,4,10,6,6,6,6,1,1,9,3,6,5,5,4,7,6,8,Journalism / Media
2517,6,2,4,6,5,4,2,4,4,7,6,4,4,8,8,7,6,5,9,9,7,1,7,7,8,5,10,9,5,4,8,8,Teaching / Professor
2518,1,1,1,6,2,1,2,2,5,10,4,3,7,5,7,5,6,6,5,6,3,6,3,10,5,6,6,6,7,2,7,10,Psychology
2519,8,6,6,3,9,1,4,5,5,6,8,10,6,10,4,6,3,3,7,3,9,4,3,3,3,2,4,7,6,8,6,8,Engineering
2520,6,5,6,8,4,5,4,4,4,5,7,3,10,7,6,7,4,7,2,5,6,8,3,5,6,2,6,7,8,4,9,7,MBBS / Doctor
2521,8,7,5,3,6,1,3,6,5,2,7,6,6,7,7,5,7,4,4,4,9,5,1,1,3,5,5,7,4,5,3,5,Engineering
2522,8,7,5,5,10,3,4,6,6,6,10,8,6,7,4,7,7,5,2,3,10,3,5,3,6,4,6,10,9,6,7,6,Engineering
2523,3,6,10,10,1,5,5,1,3,7,7,4,8,9,6,6,6,7,4,4,4,8,1,5,5,2,5,8,6,6,6,7,MBBS / Doctor
2524,8,5,1,3,6,8,6,7,1,7,6,8,3,8,7,4,2,4,3,3,5,1,7,2,4,6,7,10,8,6,6,6,CA / Accounting
2525,2,1,5,3,7,1,5,3,5,3,7,3,4,6,9,4,10,9,6,9,8,1,1,4,6,8,4,3,6,6,8,10,Journalism / Media
2526,10,1,4,6,8,9,10,6,4,4,7,10,3,5,7,6,6,4,2,3,6,1,8,5,2,5,2,6,7,6,8,6,Finance / Banking
2527,4,5,7,9,6,2,1,4,3,2,7,3,9,8,2,2,3,4,7,2,2,5,1,4,1,1,3,7,5,4,6,4,Pharmacy
2528,4,5,8,10,4,3,5,5,5,5,5,5,7,9,7,2,8,7,5,6,5,8,3,1,1,3,3,8,5,6,5,7,Dentist
2529,5,4,7,4,6,5,7,7,10,7,9,10,4,10,9,7,6,7,4,10,5,4,4,6,5,10,7,8,6,7,10,10,Law
2530,5,4,4,4,5,4,7,3,9,7,7,8,5,9,9,8,7,8,6,8,5,4,3,8,7,9,7,8,6,6,9,9,Civil Services
2531,3,4,1,1,4,5,10,8,2,4,7,3,5,8,7,6,9,4,4,6,4,2,5,3,4,5,4,4,6,6,5,8,Business / Management
2532,4,1,1,4,8,3,7,8,7,9,8,7,6,6,9,7,8,8,5,9,9,1,4,7,6,5,6,7,9,8,10,8,Business / Management
2533,9,5,4,1,6,7,9,5,5,4,10,9,3,7,6,3,5,4,5,3,8,2,6,4,5,5,3,4,9,7,6,5,Finance / Banking
2534,5,4,4,8,4,2,4,3,5,6,7,5,10,8,9,5,5,10,7,3,4,10,3,5,3,3,9,8,7,5,6,7,MBBS / Doctor
2535,4,2,4,2,6,5,4,8,5,4,8,7,3,8,9,8,8,8,3,8,6,3,8,2,3,6,5,5,6,9,8,9,Business / Management
2536,1,4,5,7,4,7,2,4,6,9,8,4,7,10,4,7,9,10,9,9,4,7,6,9,2,4,8,8,6,2,7,9,Psychology
2537,8,5,2,4,5,3,4,6,6,5,9,6,3,9,8,10,3,9,6,7,3,4,5,10,10,10,7,8,8,7,8,8,Civil Services
2538,3,2,3,2,6,4,6,4,9,5,6,6,2,7,8,5,7,6,7,8,5,3,5,9,6,7,5,7,8,5,7,9,Law
2539,6,5,3,1,6,4,9,9,4,5,8,6,3,8,7,5,9,7,5,6,7,4,6,6,2,5,5,8,6,7,7,8,Business / Management
2540,3,4,3,1,2,3,5,3,8,2,5,4,2,6,8,7,3,9,6,8,2,1,1,8,10,5,3,6,8,6,9,7,Civil Services
2541,8,5,2,5,6,10,8,7,6,3,8,9,3,9,6,6,7,5,4,4,6,1,9,4,5,3,5,8,6,5,7,7,CA / Accounting
2542,5,4,7,9,5,2,3,2,5,4,5,3,8,8,6,6,5,5,5,8,4,10,1,5,3,1,6,9,9,4,7,9,MBBS / Doctor
2543,6,6,7,7,2,1,1,2,3,6,5,2,6,6,6,5,6,9,5,1,7,10,5,3,3,1,4,8,7,4,6,9,Dentist
2544,5,2,5,5,6,5,9,5,9,3,8,5,5,6,10,10,5,8,5,5,3,2,4,9,9,9,5,7,8,3,6,8,Civil Services
2545,8,6,7,4,6,3,7,4,6,4,8,6,6,10,9,6,7,9,6,8,6,4,4,8,5,4,10,9,8,6,7,10,Teaching / Professor
2546,4,3,2,7,2,4,4,3,7,7,7,2,5,6,7,6,7,9,6,4,4,7,2,9,7,6,7,6,4,4,6,9,Psychology
2547,4,4,5,4,4,1,5,5,10,4,8,5,3,8,8,8,4,7,9,8,3,3,3,8,10,10,5,9,8,6,8,7,Civil Services
2548,8,5,9,8,7,1,5,6,4,5,7,5,8,9,7,5,5,7,8,3,3,9,3,3,5,1,4,10,9,2,7,5,Pharmacy
2549,5,3,5,1,6,3,7,6,9,6,9,3,4,7,7,8,4,8,5,8,4,2,6,8,10,6,4,7,4,2,7,8,Civil Services
2550,9,2,3,5,8,7,10,6,3,2,8,10,3,8,6,6,4,7,5,5,7,3,10,9,4,5,6,9,9,9,8,6,Finance / Banking
2551,7,2,1,2,4,5,8,6,4,4,8,8,4,10,7,6,5,1,4,6,7,1,9,2,5,3,4,5,7,3,6,5,Finance / Banking
2552,6,5,8,6,6,3,1,2,4,6,8,7,8,6,8,8,7,8,9,5,7,7,1,3,3,3,5,9,9,5,7,9,MBBS / Doctor
2553,3,5,3,3,5,4,5,5,7,5,5,5,3,7,10,7,10,9,7,10,6,4,4,10,5,7,5,6,7,6,9,8,Journalism / Media
2554,5,2,7,4,5,4,5,3,9,4,8,5,6,7,8,10,7,7,4,7,5,5,3,10,10,6,5,10,8,4,9,6,Civil Services
2555,6,2,1,3,6,7,7,5,2,5,7,10,2,7,6,7,6,4,4,2,6,5,7,2,1,2,2,4,7,7,7,4,Finance / Banking
2556,9,8,6,3,7,3,5,4,4,6,10,10,5,7,6,6,7,4,6,6,7,7,4,6,3,5,5,8,7,9,5,7,Engineering
2557,6,2,3,6,6,1,7,4,8,8,10,3,5,10,9,6,7,7,4,8,3,3,5,7,10,7,5,10,5,5,6,7,Civil Services
2558,5,3,5,3,4,2,6,4,4,7,6,4,6,7,5,6,6,6,7,5,5,3,1,5,4,5,10,7,6,1,6,9,Teaching / Professor
2559,3,1,1,1,6,3,2,5,7,5,8,2,1,7,8,6,6,4,5,9,5,3,5,8,5,10,5,7,6,7,8,7,Law
2560,5,4,4,6,5,3,3,3,2,9,6,4,7,8,5,3,7,7,7,6,3,5,5,4,6,4,4,5,6,5,7,9,Psychology
2561,6,2,1,1,9,7,8,5,6,3,7,8,3,7,4,7,3,5,3,5,5,1,10,6,6,4,4,5,4,7,6,6,Finance / Banking
2562,3,7,1,4,6,6,6,10,5,10,8,9,3,10,9,10,9,9,5,6,7,5,8,3,5,4,6,5,8,8,10,10,Business / Management
2563,9,6,3,4,6,8,8,6,6,7,8,9,4,8,7,8,3,4,6,5,9,2,10,4,6,5,2,7,9,6,8,8,Finance / Banking
2564,3,4,4,6,3,1,6,4,4,10,7,4,6,8,8,5,8,10,5,5,1,4,3,7,5,3,5,6,7,5,4,8,Psychology
2565,10,3,4,3,7,10,7,9,4,6,9,9,5,7,6,5,4,1,5,5,9,1,9,4,6,5,5,8,8,6,10,4,Finance / Banking
2566,5,2,3,4,5,4,3,4,7,5,8,3,5,4,8,4,7,9,8,10,6,1,3,5,5,9,7,6,3,8,8,8,Journalism / Media
2567,3,4,4,1,5,3,9,7,9,3,8,2,1,8,7,7,8,5,7,9,5,4,5,8,5,8,1,10,10,5,7,9,Law
2568,3,3,4,2,4,8,4,2,5,5,7,2,5,5,10,7,10,7,4,8,5,2,4,8,4,7,5,3,5,7,6,9,Journalism / Media
2569,8,7,4,4,4,3,7,6,10,5,8,5,6,7,10,7,4,6,5,8,3,2,5,10,10,5,6,7,6,5,6,10,Civil Services
2570,3,6,6,10,9,3,4,1,6,3,5,6,10,6,7,4,5,7,6,7,6,10,3,6,5,3,8,9,8,6,10,8,MBBS / Doctor
2571,6,5,3,2,8,8,8,5,3,3,9,10,3,8,8,6,3,6,6,5,9,4,10,3,2,5,4,7,10,8,7,6,Finance / Banking
2572,4,3,10,8,6,1,1,1,1,2,7,4,8,5,6,5,2,5,6,6,5,8,3,3,3,1,4,10,5,4,7,5,Pharmacy
2573,2,2,1,2,5,3,5,4,8,5,6,5,3,5,7,9,6,8,6,8,4,1,3,8,5,8,7,10,7,3,6,6,Law
2574,3,4,5,4,6,3,7,9,5,6,7,6,3,10,7,9,10,8,6,8,7,2,7,6,5,6,7,6,8,6,10,8,Business / Management
2575,9,7,4,5,9,2,4,4,3,7,9,8,6,9,5,5,8,5,3,5,9,3,4,2,1,2,5,2,6,4,7,9,Engineering
2576,4,2,1,5,4,2,3,2,5,8,7,4,4,9,9,5,5,10,8,6,5,6,4,9,2,4,5,7,3,4,5,8,Psychology
2577,10,4,5,3,7,10,10,4,2,3,9,10,2,5,6,5,4,4,4,5,7,1,9,5,5,6,5,8,8,2,6,8,CA / Accounting
2578,5,4,2,4,6,5,8,5,10,4,9,7,4,7,7,8,4,5,4,9,5,1,5,8,10,9,4,9,8,2,8,7,Civil Services
2579,6,5,6,8,4,2,1,4,1,4,8,7,7,8,8,7,7,8,6,6,3,8,3,4,3,3,4,5,7,4,10,8,Dentist
2580,4,3,6,8,4,1,4,2,2,5,6,5,8,6,6,4,7,10,8,5,7,10,1,4,4,4,7,9,7,6,8,8,MBBS / Doctor
2581,5,1,2,2,4,1,7,5,8,5,7,5,3,9,6,7,6,4,7,8,5,1,5,10,10,9,6,9,8,9,8,7,Civil Services
2582,5,3,2,1,5,3,3,6,7,5,8,3,3,9,8,6,6,8,8,6,5,1,2,8,6,8,4,9,6,4,5,8,Law
2583,4,7,3,6,4,5,4,5,3,8,9,4,6,9,9,8,5,8,9,7,5,4,2,8,6,5,10,9,8,3,8,9,Teaching / Professor
2584,5,4,6,8,4,1,2,3,1,4,5,6,5,10,8,6,8,4,7,4,3,9,1,3,2,3,5,9,6,4,7,8,Dentist
2585,4,8,5,8,5,3,2,1,4,4,6,4,7,8,6,5,7,6,6,5,3,7,2,5,3,3,7,10,9,6,8,6,MBBS / Doctor
2586,4,1,5,9,2,2,2,3,3,7,5,6,7,7,7,3,9,7,4,4,3,7,1,1,2,1,3,8,8,4,7,9,Dentist
2587,1,2,3,6,4,4,8,3,6,10,10,4,3,7,5,5,7,9,10,9,4,9,3,10,3,4,8,10,8,2,8,8,Psychology
2588,5,6,4,6,3,5,4,8,7,6,8,6,5,7,7,8,4,5,4,6,6,3,8,3,2,6,5,8,9,10,8,10,Business / Management
2589,7,3,3,4,6,5,8,7,3,3,8,10,3,9,6,4,5,2,5,4,8,1,10,4,6,4,4,7,4,8,7,5,Finance / Banking
2590,6,3,5,8,3,1,2,4,1,5,7,6,7,10,7,5,10,7,4,4,6,9,4,5,1,2,6,10,8,6,7,9,Dentist
2591,3,6,2,3,5,1,6,6,9,5,6,6,5,6,8,9,6,6,7,8,5,2,5,7,6,10,4,7,7,4,6,7,Law
2592,5,2,2,5,4,3,4,6,7,6,8,6,4,10,8,9,6,7,6,7,5,2,3,8,9,7,3,7,8,3,10,7,Civil Services
2593,4,5,6,7,2,4,1,4,3,5,7,4,7,9,3,6,9,6,6,4,5,7,3,4,1,1,4,10,8,3,9,9,Dentist
2594,8,3,1,2,2,8,9,3,5,4,8,6,2,6,4,5,7,4,3,4,4,2,7,4,1,4,5,10,3,2,6,6,CA / Accounting
2595,8,4,9,10,5,2,2,6,3,3,8,4,9,7,7,7,7,10,7,6,6,10,1,5,5,3,9,10,7,6,10,8,MBBS / Doctor
2596,4,1,4,9,4,5,4,4,7,9,6,3,5,7,8,5,7,9,8,7,7,6,4,7,7,5,7,6,5,5,6,8,Psychology
2597,8,6,4,7,6,2,5,5,10,5,8,4,6,6,10,9,9,7,7,9,9,5,7,6,5,7,10,9,6,3,10,8,Teaching / Professor
2598,10,8,7,5,8,3,4,5,3,7,7,8,7,8,9,5,7,4,6,5,7,3,5,6,4,4,4,6,5,4,6,7,Engineering
2599,6,5,6,10,2,1,4,6,1,3,6,1,9,8,4,1,4,7,9,3,5,7,4,5,1,2,4,9,8,2,7,6,Pharmacy
2600,8,5,7,4,7,1,5,3,2,6,8,7,8,8,6,4,10,4,8,4,9,4,5,3,5,6,4,7,6,6,9,4,Engineering
2601,5,3,3,3,5,9,9,8,3,4,7,10,4,7,5,8,3,3,2,5,5,2,9,7,7,5,3,8,7,7,10,6,CA / Accounting
2602,3,6,3,2,5,7,6,7,4,6,7,7,5,9,8,10,7,8,4,5,5,3,9,3,3,6,5,5,6,8,9,9,Business / Management
2603,5,4,1,1,5,10,6,4,4,3,9,6,2,4,5,5,5,4,3,3,6,1,9,2,3,4,1,5,7,3,5,5,CA / Accounting
2604,4,5,3,4,7,3,4,6,7,9,7,2,7,8,9,4,10,10,8,5,6,6,1,8,4,4,8,10,5,3,9,10,Psychology
2605,1,5,2,6,6,5,4,3,4,9,6,7,4,5,7,8,6,10,8,5,4,6,4,9,3,4,7,10,4,3,8,8,Psychology
2606,8,10,4,1,6,2,3,4,5,6,9,10,6,6,7,3,6,5,6,4,7,3,5,4,2,2,3,7,7,5,4,6,Engineering
2607,6,3,6,6,7,3,2,4,6,5,8,7,7,6,9,7,6,10,8,7,6,4,6,7,4,6,10,6,5,3,6,7,Teaching / Professor
2608,5,5,6,8,6,4,2,2,5,5,8,4,9,6,8,3,7,8,7,6,3,10,3,6,3,4,4,9,7,10,9,10,MBBS / Doctor
2609,8,7,7,3,8,3,4,4,6,3,8,9,8,8,2,6,3,6,6,6,6,1,3,4,2,3,8,7,8,7,8,5,Engineering
2610,6,5,4,9,2,2,1,5,2,5,8,4,9,7,7,5,8,5,3,1,4,8,1,2,5,2,4,8,8,6,7,7,Dentist
2611,1,1,4,7,5,3,2,5,6,9,7,4,4,6,9,5,7,7,8,6,1,6,2,10,3,3,5,10,8,4,6,5,Psychology
2612,7,1,2,1,5,9,8,7,1,3,8,7,4,8,3,5,2,1,3,3,8,1,9,4,3,5,3,6,6,2,7,5,CA / Accounting
2613,6,4,4,3,6,5,6,9,4,6,8,7,2,6,7,8,7,7,5,6,8,3,7,7,3,5,3,4,5,6,8,8,Business / Management
2614,6,4,8,10,6,5,4,4,3,4,5,5,10,8,4,3,6,4,6,2,5,10,3,3,5,1,3,7,6,4,10,4,Pharmacy
2615,5,4,6,10,5,2,5,4,3,6,4,5,9,9,6,5,6,10,7,5,7,9,3,6,4,2,6,10,10,3,10,7,MBBS / Doctor
2616,4,4,1,3,7,2,7,6,10,7,9,10,5,4,7,7,3,8,8,10,5,4,4,10,10,9,8,10,8,4,9,8,Civil Services
2617,5,3,10,7,2,2,2,5,2,5,8,5,8,8,5,6,4,5,8,4,7,7,1,6,2,2,6,8,7,2,6,6,Pharmacy
2618,7,6,5,4,8,4,3,3,2,4,6,7,7,7,7,6,8,4,6,4,8,4,3,5,3,5,4,8,7,8,5,4,Engineering
2619,9,8,5,5,10,4,5,5,5,5,10,9,9,10,8,6,7,6,7,4,9,4,4,5,7,5,10,8,8,7,9,8,Engineering
2620,7,2,4,1,5,9,7,6,4,4,10,8,2,5,4,4,3,3,4,2,8,1,10,2,4,5,5,9,5,8,8,6,CA / Accounting
2621,3,5,2,4,6,7,4,2,7,6,7,3,3,10,4,8,7,8,5,10,5,4,4,10,10,9,6,9,9,7,8,9,Law
2622,2,3,7,5,7,4,6,5,10,6,10,6,3,7,9,8,10,7,6,8,5,2,3,7,9,6,5,8,9,5,8,9,Civil Services
2623,6,6,7,7,4,6,2,2,2,6,6,4,7,9,7,5,4,5,7,4,4,7,4,6,2,3,7,8,7,3,8,8,Pharmacy
2624,9,4,2,2,6,10,10,10,4,6,10,10,4,8,8,5,7,7,7,3,7,4,10,5,5,10,4,7,7,8,8,6,CA / Accounting
2625,1,3,3,3,7,3,4,7,6,6,5,3,5,9,8,8,9,6,6,9,4,2,4,6,5,3,4,2,5,4,8,9,Journalism / Media
2626,5,3,10,9,3,4,3,6,2,5,8,3,10,7,6,1,3,4,9,1,4,8,4,5,3,2,3,10,7,3,5,5,Pharmacy
2627,6,6,4,2,4,3,10,9,3,7,6,5,7,6,8,8,7,4,5,6,8,3,7,4,6,6,4,4,5,10,10,10,Business / Management
2628,4,3,2,8,3,6,5,3,4,10,8,1,5,6,3,5,7,8,8,3,5,7,1,8,3,5,7,9,5,1,7,10,Psychology
2629,4,4,3,4,6,3,6,4,5,6,7,2,5,9,10,6,10,10,7,10,6,4,6,8,8,8,7,8,6,6,7,9,Journalism / Media
2630,8,3,3,2,5,5,5,6,3,4,8,7,1,9,7,5,6,3,5,5,6,2,7,4,4,2,5,8,7,6,6,6,Finance / Banking
2631,5,1,4,3,4,1,4,3,8,4,5,5,2,6,10,6,8,4,6,9,2,1,6,7,6,10,7,6,7,5,7,7,Law
2632,8,2,4,2,3,8,8,5,1,4,8,8,3,8,3,2,5,4,5,2,6,3,9,3,5,7,4,7,10,4,5,5,CA / Accounting
2633,8,2,1,2,7,10,10,6,3,3,7,8,2,10,4,6,5,7,5,3,4,1,9,3,4,6,3,9,9,2,6,8,CA / Accounting
2634,3,8,8,10,6,5,4,5,5,5,7,6,10,10,9,7,7,9,8,9,6,10,3,8,4,4,9,9,10,3,8,9,MBBS / Doctor
2635,6,2,2,1,6,10,7,5,1,7,7,9,1,6,7,4,3,4,3,4,5,1,10,3,2,4,3,7,7,4,7,4,CA / Accounting
2636,4,3,10,6,3,2,2,1,3,4,9,2,7,4,6,6,7,7,6,3,3,10,3,5,3,3,3,8,7,3,5,5,Pharmacy
2637,8,7,7,4,8,3,8,5,3,2,6,7,7,8,7,5,6,6,9,3,9,1,2,4,6,3,4,7,7,5,10,6,Engineering
2638,4,3,6,2,5,6,5,4,9,6,8,6,4,9,10,10,4,8,9,7,5,1,4,8,8,7,5,9,7,5,10,7,Civil Services
2639,1,2,4,5,5,4,4,5,9,5,4,1,1,5,9,6,8,9,6,7,5,2,4,10,6,7,6,3,6,4,9,8,Journalism / Media
2640,2,1,1,1,4,4,5,5,9,4,6,5,2,8,9,6,9,7,5,8,6,4,3,8,5,8,4,4,8,7,9,10,Journalism / Media
2641,1,1,2,6,4,1,2,3,4,6,5,2,4,5,6,6,4,10,7,6,2,4,1,6,3,3,6,7,6,5,6,8,Psychology
2642,4,2,1,3,5,4,6,3,7,7,7,3,1,9,8,5,5,5,9,9,5,3,6,10,6,9,8,7,8,4,7,8,Law
2643,4,2,7,10,3,2,3,6,5,7,5,3,7,8,6,6,3,5,8,3,7,6,6,3,1,6,3,9,6,2,6,7,Pharmacy
2644,1,1,1,5,6,1,4,3,9,4,5,2,5,6,9,7,9,7,7,7,6,2,4,8,2,7,4,3,8,7,6,10,Journalism / Media
2645,4,5,6,9,5,1,1,3,6,6,5,5,9,7,8,6,8,7,5,4,6,10,2,2,4,3,4,8,8,2,7,7,Dentist
2646,7,4,4,4,7,4,7,5,8,6,6,5,4,10,7,10,6,7,8,7,6,2,7,7,10,7,7,10,9,5,7,6,Civil Services
2647,5,3,1,5,3,2,5,2,5,4,8,1,4,6,8,3,9,8,8,4,7,5,2,7,3,5,7,6,5,1,6,4,Psychology
2648,5,5,3,3,5,4,7,7,4,4,7,6,3,8,7,10,7,6,3,8,8,4,9,5,5,7,3,5,5,9,6,5,Business / Management
2649,6,9,5,3,7,2,5,4,3,3,7,7,7,9,7,6,7,4,4,4,8,2,3,4,2,3,7,4,6,4,6,5,Engineering
2650,9,4,1,2,6,10,6,6,5,1,9,10,1,6,5,6,4,2,4,4,5,3,9,4,2,5,3,7,9,3,5,3,CA / Accounting
2651,3,5,1,2,4,1,7,1,6,4,6,4,4,8,8,7,6,6,8,8,5,3,3,6,8,9,3,9,7,4,8,5,Civil Services
2652,5,3,5,3,8,4,5,9,4,3,5,5,7,9,7,9,5,5,5,7,6,3,8,5,5,5,6,8,9,10,7,6,Business / Management
2653,4,3,2,4,9,7,10,8,7,6,8,7,4,9,9,6,8,7,5,8,6,3,7,5,3,6,5,6,10,9,10,9,Business / Management
2654,8,9,5,4,8,5,5,3,6,4,7,4,8,9,6,5,6,4,7,6,8,5,4,4,4,2,5,5,5,4,7,8,Engineering
2655,6,5,3,4,4,5,5,9,3,6,7,6,4,8,10,8,8,5,6,7,6,3,7,7,4,3,6,9,9,6,8,8,Business / Management
2656,7,4,1,1,7,10,8,5,2,2,5,5,6,6,6,7,5,4,5,7,6,1,8,2,4,3,3,8,9,3,7,6,CA / Accounting
2657,10,6,3,4,6,1,3,5,10,6,6,8,8,7,10,9,8,7,7,7,5,5,3,4,6,7,9,9,9,6,9,10,Teaching / Professor
2658,4,3,10,7,4,1,2,5,5,3,3,5,5,7,6,2,5,5,5,2,5,9,2,3,2,3,4,8,6,2,6,5,Pharmacy
2659,5,2,6,7,4,4,1,3,2,2,5,5,10,8,7,1,4,5,9,6,5,7,2,3,1,1,4,7,5,5,10,4,Pharmacy
2660,4,1,3,4,4,3,4,3,4,10,6,6,7,6,9,6,5,7,6,5,5,8,1,8,5,5,9,6,6,4,8,9,Psychology
2661,9,5,6,7,10,4,7,6,4,6,10,6,8,9,6,6,7,5,8,6,8,2,3,5,3,5,6,9,6,5,9,6,Engineering
2662,3,3,6,4,6,2,7,4,10,8,9,7,4,8,7,8,8,5,9,8,3,3,4,10,8,5,4,8,8,5,7,7,Civil Services
2663,5,5,2,4,6,7,9,10,5,8,8,6,4,7,9,7,9,5,3,6,7,4,6,2,9,7,7,9,8,8,10,10,Business / Management
2664,9,4,3,6,7,7,7,8,5,6,9,7,6,10,6,7,6,4,4,6,5,1,10,5,5,4,2,7,8,8,7,6,Finance / Banking
2665,4,6,7,9,4,3,4,4,5,8,7,6,9,10,6,9,5,10,8,7,6,10,4,5,6,1,6,9,9,6,8,8,MBBS / Doctor
2666,4,8,6,6,5,3,6,2,10,8,8,6,5,8,7,5,5,8,7,8,6,6,1,8,5,5,10,9,9,4,6,6,Teaching / Professor
2667,5,5,7,7,5,3,3,1,3,7,5,6,7,7,8,5,7,10,5,5,8,10,1,6,1,4,5,9,8,4,9,7,MBBS / Doctor
2668,7,5,4,4,7,1,6,3,8,2,9,6,6,8,9,10,3,7,7,5,5,3,5,9,8,7,4,9,7,4,10,7,Civil Services
2669,5,5,9,8,7,3,4,4,4,8,9,9,10,9,3,6,5,5,8,4,4,8,7,2,4,4,6,8,8,2,7,6,Pharmacy
2670,6,4,8,5,9,4,4,3,6,5,7,5,8,8,10,8,6,6,8,8,5,7,4,5,5,6,8,10,5,2,7,7,Teaching / Professor
2671,4,4,6,8,3,4,4,5,2,5,6,4,8,9,7,5,6,4,7,6,5,9,1,6,3,2,7,5,7,4,6,10,Dentist
2672,9,3,2,1,9,7,8,6,3,4,8,9,5,8,7,5,4,2,4,5,7,3,10,2,1,3,6,8,7,6,7,8,Finance / Banking
2673,7,4,6,8,5,4,4,4,6,8,7,8,5,8,7,7,9,9,6,10,8,4,4,7,3,5,10,10,6,4,9,10,Teaching / Professor
2674,9,7,4,5,8,3,3,2,2,3,9,8,6,10,7,6,5,6,6,4,7,1,1,5,2,8,3,4,7,8,6,6,Engineering
2675,6,5,1,1,5,6,8,6,2,5,9,9,4,7,7,5,6,2,2,5,5,1,7,5,3,6,5,7,9,5,7,3,Finance / Banking
2676,3,3,5,4,3,6,5,3,8,7,8,2,4,6,10,6,8,6,6,7,6,2,1,8,6,8,5,5,10,4,10,10,Journalism / Media
2677,7,2,1,3,4,9,6,6,1,6,9,9,3,9,5,8,3,4,2,6,5,2,8,4,3,4,2,8,6,7,5,5,CA / Accounting
2678,9,3,5,2,4,10,9,4,4,5,8,7,3,8,5,7,2,4,7,5,8,2,10,3,4,6,3,10,8,3,8,9,CA / Accounting
2679,4,5,5,4,7,3,7,6,7,6,6,5,1,5,9,6,7,9,4,8,5,4,6,10,10,8,6,9,10,3,10,7,Civil Services
2680,6,2,3,4,7,5,7,8,6,4,6,8,5,8,9,8,6,6,4,5,5,3,5,5,3,5,5,7,6,9,8,10,Business / Management
2681,6,4,4,6,6,3,3,6,7,7,7,4,4,7,8,6,8,8,9,7,5,4,1,5,7,4,10,8,6,4,6,9,Teaching / Professor
2682,6,2,2,2,5,1,6,5,4,4,6,5,4,6,10,6,9,10,6,8,8,4,5,8,6,7,5,5,4,3,5,9,Journalism / Media
2683,6,3,2,1,5,7,8,6,3,4,8,9,5,8,9,7,6,2,5,5,6,1,5,3,3,1,4,4,4,9,7,5,Finance / Banking
2684,4,2,9,7,7,1,3,2,4,5,5,7,5,7,6,5,6,5,7,1,3,7,4,4,3,1,2,7,5,2,7,5,Pharmacy
2685,5,3,7,8,2,1,3,3,4,4,7,3,10,5,10,4,6,8,4,5,4,9,2,4,3,3,4,7,8,4,5,6,MBBS / Doctor
2686,8,3,4,3,5,8,8,9,5,6,8,10,2,9,9,4,5,5,7,4,7,3,10,5,6,6,4,7,8,6,7,5,Finance / Banking
2687,1,3,4,3,6,4,3,10,3,4,8,6,4,8,5,8,9,4,2,6,6,3,4,1,4,3,3,2,8,8,8,8,Business / Management
2688,2,3,2,3,8,2,3,3,8,7,6,3,5,6,9,5,10,6,7,10,5,4,3,8,4,8,5,6,5,7,7,8,Journalism / Media
2689,7,8,6,3,9,3,6,3,5,5,10,9,7,8,9,5,8,4,4,3,9,4,5,6,4,3,6,7,6,7,7,5,Engineering
2690,1,4,3,2,4,4,5,4,9,5,8,1,6,8,8,5,9,9,7,7,6,4,5,10,4,6,7,5,8,6,7,8,Journalism / Media
2691,8,5,5,3,6,9,8,6,2,4,9,7,1,5,8,6,7,3,3,6,6,3,7,4,3,2,6,5,5,5,4,6,Finance / Banking
2692,6,5,7,8,5,1,3,4,6,6,6,6,5,10,5,7,5,8,9,4,4,9,5,5,4,4,5,9,7,6,9,6,MBBS / Doctor
2693,7,3,5,5,7,5,3,5,10,6,7,6,7,9,10,5,9,7,7,7,6,3,5,6,5,6,8,7,7,1,8,7,Teaching / Professor
2694,1,4,2,2,5,3,6,5,7,6,4,2,3,8,7,4,8,8,6,7,6,2,1,8,3,8,4,6,7,7,7,8,Journalism / Media
2695,8,5,2,2,7,7,8,8,2,3,6,7,1,7,7,2,4,4,4,2,8,3,10,3,4,3,2,5,7,7,9,6,Finance / Banking
2696,3,2,2,2,7,4,5,5,10,4,8,5,6,5,5,8,7,7,8,8,2,2,2,5,8,6,5,8,10,6,8,7,Civil Services
2697,2,4,3,9,1,1,2,3,2,3,5,3,9,7,6,5,7,6,6,7,6,10,1,2,4,1,5,7,8,3,5,7,Dentist
2698,5,1,1,2,3,2,5,6,7,4,6,4,4,8,5,7,5,5,6,7,5,1,1,6,2,9,3,6,6,6,7,2,Law
2699,7,7,7,10,5,4,6,6,5,7,9,4,10,9,8,6,4,10,7,5,6,9,1,5,3,4,9,8,9,4,8,7,MBBS / Doctor
2700,4,6,4,4,5,3,7,10,5,8,6,6,2,8,10,7,9,8,4,8,9,3,8,2,5,6,3,5,8,8,10,9,Business / Management
2701,5,2,2,7,3,5,2,6,6,10,7,4,4,5,9,5,8,9,7,6,5,5,2,9,1,4,6,8,4,4,5,7,Psychology
2702,8,2,4,5,6,10,3,8,5,4,9,9,3,8,6,5,4,4,5,3,8,3,10,4,3,3,4,7,5,5,7,6,CA / Accounting
2703,8,4,4,2,7,10,8,7,4,1,6,7,3,7,7,4,6,5,5,5,6,1,7,1,3,6,3,4,8,6,7,7,Finance / Banking
2704,8,9,7,5,10,4,5,6,4,5,10,10,7,8,8,7,8,5,7,5,8,4,4,4,5,6,6,7,8,7,5,7,Engineering
2705,7,6,4,2,8,4,7,8,7,4,8,6,5,10,5,8,6,6,5,6,6,3,5,5,3,6,3,5,6,7,10,10,Business / Management
2706,6,3,2,6,5,5,4,5,6,9,8,6,4,8,9,5,10,8,9,8,3,8,2,4,3,4,8,9,6,5,5,10,Psychology
2707,4,1,3,1,7,2,2,5,10,8,6,2,5,8,7,8,9,10,7,10,7,5,2,10,5,8,8,6,7,8,8,10,Journalism / Media
2708,3,1,2,3,6,6,7,9,6,4,6,9,5,8,9,6,6,4,4,6,6,2,4,5,1,3,2,4,7,9,5,7,Business / Management
2709,4,6,9,7,6,3,2,3,2,3,7,7,9,7,5,5,5,4,7,4,3,10,7,5,1,3,5,6,5,2,6,4,Pharmacy
2710,7,5,4,5,8,9,10,10,5,6,6,9,7,8,9,8,6,7,6,5,8,2,9,5,6,5,5,10,10,6,9,8,Finance / Banking
2711,4,1,3,4,3,3,4,2,2,9,7,8,6,8,8,5,9,7,7,9,5,7,2,7,4,3,9,7,5,6,8,7,Psychology
2712,4,4,6,9,4,3,5,5,3,6,6,2,7,9,6,3,5,8,7,8,6,9,3,2,3,3,6,6,7,3,10,9,Dentist
2713,3,4,6,7,2,5,3,4,2,3,4,7,6,6,4,6,9,8,8,7,2,9,2,2,2,3,7,7,7,2,5,9,Dentist
2714,7,1,2,2,5,7,6,8,3,7,8,9,2,9,6,8,7,3,4,3,5,2,9,5,4,5,4,6,7,7,6,7,Finance / Banking
2715,7,1,4,4,3,2,8,3,10,4,9,3,4,6,4,8,8,8,6,7,5,3,6,7,10,4,7,6,9,5,8,9,Civil Services
2716,5,3,2,3,8,5,10,9,7,5,6,7,6,8,9,10,6,6,4,7,8,3,5,5,3,6,7,3,7,9,7,10,Business / Management
2717,5,5,5,9,4,1,2,4,4,6,8,6,8,6,4,3,6,8,5,6,4,8,4,4,3,2,5,4,6,5,6,8,Dentist
2718,3,1,4,3,3,1,3,6,9,3,5,7,4,5,8,7,9,7,7,9,6,1,2,8,5,8,4,6,8,7,8,9,Journalism / Media
2719,2,4,2,3,5,5,4,6,8,7,6,4,4,9,7,10,7,7,6,8,4,5,2,7,7,6,4,9,5,1,6,8,Civil Services
2720,4,5,2,6,1,3,1,1,7,10,6,4,6,6,7,6,7,9,9,6,3,5,2,9,3,4,8,6,4,2,8,10,Psychology
2721,10,9,6,3,8,2,3,3,3,3,6,8,7,10,5,6,8,4,7,6,9,3,3,2,3,3,3,8,9,5,7,4,Engineering
2722,3,4,7,10,2,6,4,3,4,3,7,6,8,9,8,5,7,8,9,7,6,8,2,6,3,4,7,8,6,6,8,7,MBBS / Doctor
2723,4,1,3,4,4,1,4,4,5,3,10,3,2,5,10,7,5,6,7,5,6,1,1,10,6,8,7,6,5,6,4,7,Law
2724,2,2,4,1,5,2,4,5,7,6,8,3,5,7,10,10,4,7,5,8,3,3,5,10,10,6,8,10,7,3,8,9,Civil Services
2725,6,1,1,2,3,10,10,8,3,2,7,10,2,7,6,6,5,4,4,4,6,1,7,3,3,4,2,4,9,5,4,7,Finance / Banking
2726,1,6,4,1,7,3,6,6,6,5,6,6,2,9,9,5,10,8,7,9,5,1,5,7,5,9,8,6,6,4,7,10,Journalism / Media
2727,1,1,4,2,6,2,5,3,6,7,8,5,6,7,8,5,10,6,6,7,6,1,5,7,5,6,7,6,10,9,9,8,Journalism / Media
2728,6,7,4,5,9,1,5,3,4,2,9,9,10,10,6,7,5,4,7,2,9,2,4,3,5,4,7,7,6,6,6,7,Engineering
2729,2,6,7,6,5,4,1,6,4,4,6,6,8,8,5,6,6,10,9,7,5,8,2,4,1,5,6,8,8,4,8,10,Dentist
2730,8,6,5,8,6,4,5,3,7,5,8,6,5,6,10,5,8,6,8,8,6,3,1,7,5,4,9,9,7,4,7,9,Teaching / Professor
2731,3,3,5,3,4,1,1,5,6,3,5,4,3,6,5,4,5,7,8,5,4,3,1,4,4,1,7,7,5,1,7,7,Teaching / Professor
2732,7,1,2,3,5,10,9,5,3,6,8,7,3,7,4,5,2,1,5,1,8,2,10,6,6,4,3,8,8,7,5,7,CA / Accounting
2733,8,7,5,1,8,1,6,8,4,4,7,4,5,6,3,8,7,5,5,4,9,2,4,3,3,1,1,6,6,4,6,5,Engineering
2734,4,5,9,9,4,1,2,4,4,4,5,5,10,7,4,2,7,5,5,3,7,10,2,2,5,3,4,3,6,4,6,4,Pharmacy
2735,6,7,7,9,5,1,5,6,4,7,8,7,8,9,8,7,6,7,7,5,6,10,5,3,5,3,6,7,8,7,8,9,Dentist
2736,4,1,3,4,6,3,3,5,5,9,9,3,5,5,7,5,6,7,8,6,3,3,1,7,1,3,8,10,5,1,9,8,Psychology
2737,4,1,5,4,4,4,2,5,4,9,7,1,5,6,10,5,6,8,6,7,1,6,3,5,4,4,6,7,4,2,8,8,Psychology
2738,3,2,1,1,4,4,4,6,9,3,9,2,6,7,9,7,5,3,6,8,5,1,4,8,7,9,2,7,6,6,7,9,Law
2739,4,6,2,1,7,1,9,8,2,4,4,6,2,8,7,8,8,6,6,6,7,2,7,3,3,4,5,6,8,7,7,8,Business / Management
2740,4,3,4,3,3,3,5,6,7,7,10,5,4,10,9,6,6,6,7,10,2,5,5,9,7,9,6,9,9,8,7,10,Law
2741,6,4,2,7,6,4,7,9,5,6,8,7,3,10,10,9,7,5,3,6,3,5,8,2,5,4,4,6,4,7,8,8,Business / Management
2742,6,6,7,10,4,2,3,3,3,5,5,5,10,9,8,8,5,6,6,5,4,10,3,2,4,1,6,8,10,6,9,6,MBBS / Doctor
2743,10,1,1,3,3,7,10,6,2,1,6,8,6,7,6,6,4,1,7,5,8,2,10,2,4,5,6,7,7,7,5,5,Finance / Banking
2744,4,4,1,2,5,2,5,5,9,6,8,3,2,7,10,5,5,6,5,7,4,1,5,5,9,9,5,6,7,6,5,9,Law
2745,2,1,1,3,5,2,3,3,6,9,7,4,5,6,9,4,8,10,8,4,5,7,1,7,7,3,9,9,5,4,7,6,Psychology
2746,10,10,6,4,6,6,7,6,1,5,8,9,7,8,7,5,7,6,9,6,10,4,6,2,7,7,6,8,7,6,7,6,Engineering
2747,6,6,2,5,5,7,8,6,4,7,8,9,6,8,9,7,7,5,6,8,7,3,8,6,2,4,6,7,5,6,6,9,Finance / Banking
2748,5,2,4,7,7,4,3,7,6,9,7,5,5,8,8,7,6,10,10,8,3,6,1,8,4,5,8,6,7,3,5,9,Psychology
2749,5,1,2,2,4,9,4,8,1,2,8,6,1,5,5,3,4,3,1,4,7,1,7,1,3,5,2,6,8,2,4,4,CA / Accounting
2750,4,6,6,6,7,1,4,4,6,6,5,6,7,6,4,5,2,9,3,4,4,9,1,6,4,3,5,9,9,8,6,7,MBBS / Doctor
2751,7,1,6,10,4,1,3,4,6,7,6,4,7,6,7,5,3,8,6,4,5,7,1,5,4,2,6,8,6,3,8,8,MBBS / Doctor
2752,6,4,1,4,2,3,5,3,9,5,5,1,3,5,9,10,4,4,6,6,5,2,3,8,6,8,3,8,8,3,8,5,Civil Services
2753,6,3,7,9,4,3,3,1,2,6,6,5,7,8,3,4,8,4,8,3,3,9,1,3,7,2,2,7,8,3,5,5,Pharmacy
2754,4,1,5,5,3,3,5,5,10,7,9,5,2,10,7,5,7,6,7,10,6,4,4,8,6,10,4,7,10,8,7,8,Law
2755,10,8,7,4,9,3,4,7,1,2,9,8,5,7,5,7,9,7,4,3,7,5,5,5,4,4,3,8,7,5,8,5,Engineering
2756,8,10,6,3,9,5,2,5,4,3,9,8,8,8,5,4,7,7,7,5,8,3,6,6,4,1,4,7,6,6,9,6,Engineering
2757,5,3,3,3,6,2,6,8,2,3,6,6,4,7,7,8,8,7,1,7,6,3,8,3,5,3,5,5,7,6,9,10,Business / Management
2758,7,5,6,7,6,6,6,5,9,8,5,8,5,8,8,8,7,8,10,7,5,2,6,7,5,5,9,7,8,3,8,9,Teaching / Professor
2759,8,1,5,3,5,6,5,9,3,6,9,6,4,9,6,7,7,7,5,8,7,2,9,4,4,5,6,5,9,10,10,9,Business / Management
2760,7,3,1,2,6,7,7,6,2,1,9,10,1,6,4,7,3,5,5,4,8,1,8,2,1,5,2,7,6,6,7,5,Finance / Banking
2761,4,3,1,4,1,3,2,2,4,8,7,4,6,8,5,7,6,8,9,5,4,5,3,10,3,3,9,6,7,3,7,10,Psychology
2762,7,4,6,4,5,4,7,3,9,5,8,7,8,6,9,6,6,7,5,8,5,3,1,5,5,3,9,8,6,4,9,7,Teaching / Professor
2763,6,5,2,5,6,1,3,4,5,10,6,4,6,9,8,7,9,8,8,5,4,5,3,10,6,6,6,10,6,5,7,8,Psychology
2764,6,3,1,4,5,10,9,6,3,3,10,9,2,6,5,5,6,3,4,5,6,1,10,3,5,5,1,8,6,3,6,6,CA / Accounting
2765,1,2,4,3,3,3,1,4,4,8,5,5,4,9,7,4,6,7,7,7,2,7,4,7,4,4,5,5,6,1,6,9,Psychology
2766,4,5,4,5,3,3,5,3,3,8,7,2,4,7,10,5,8,7,7,4,4,5,3,7,6,4,7,7,6,4,6,8,Psychology
2767,7,3,1,1,7,7,9,7,3,4,7,9,3,9,8,8,7,3,7,5,7,1,8,1,5,4,3,8,7,5,7,9,Finance / Banking
2768,7,4,3,2,8,7,6,10,5,5,9,5,1,8,8,8,7,4,4,6,9,4,7,6,4,5,5,9,9,8,10,10,Business / Management
2769,6,6,5,3,9,8,5,3,2,4,7,8,8,8,9,5,7,6,8,7,9,5,3,6,5,6,2,5,8,2,8,7,Engineering
2770,5,4,3,3,6,7,7,9,9,5,10,8,2,8,10,7,7,9,7,9,6,4,1,10,7,10,7,7,5,8,9,8,Law
2771,4,1,3,5,6,2,5,6,9,6,6,2,5,6,8,4,7,8,6,10,8,4,1,6,5,8,6,9,8,6,8,8,Journalism / Media
2772,6,4,8,10,3,1,2,6,3,4,8,1,7,10,6,6,6,8,6,6,8,8,2,5,5,4,6,7,6,5,7,7,MBBS / Doctor
2773,4,5,3,5,6,1,7,5,5,3,5,8,6,6,7,8,7,6,5,7,6,4,1,5,5,7,8,10,7,2,5,4,Teaching / Professor
2774,5,4,4,10,6,2,3,3,2,7,6,5,7,8,9,6,6,9,7,7,6,9,2,6,3,4,9,9,6,4,8,7,MBBS / Doctor
2775,6,4,7,5,6,5,3,5,5,7,8,5,7,9,8,8,7,9,5,9,4,4,6,5,6,4,10,10,10,5,10,9,Teaching / Professor
2776,2,3,4,4,4,1,2,4,4,10,8,2,4,4,9,5,8,10,7,2,5,5,1,6,2,3,4,7,6,5,4,5,Psychology
2777,4,2,1,5,5,5,6,5,6,4,6,4,4,7,7,7,10,9,9,9,7,4,5,10,5,9,5,8,9,7,9,7,Journalism / Media
2778,5,6,2,5,4,3,6,8,7,7,8,6,4,8,8,9,5,5,8,6,1,6,5,10,8,9,6,9,8,6,10,10,Civil Services
2779,3,3,6,7,2,2,2,2,2,5,6,6,7,7,7,4,7,7,3,4,6,8,2,5,2,5,5,7,7,5,4,4,Dentist
2780,5,1,2,4,6,3,5,6,7,6,6,3,2,8,9,6,10,6,7,10,7,3,1,8,7,9,8,5,4,6,6,8,Journalism / Media
2781,7,4,6,9,6,3,2,2,4,7,7,5,10,9,8,7,8,7,6,5,8,9,2,5,5,6,6,8,7,4,10,9,MBBS / Doctor
2782,4,5,1,3,4,4,6,9,4,6,8,5,3,8,8,6,8,5,3,5,5,4,6,6,3,3,4,3,8,7,9,10,Business / Management
2783,4,4,6,5,3,4,4,5,10,6,7,4,6,7,9,10,7,6,7,5,5,1,4,5,10,6,6,9,9,3,8,8,Civil Services
2784,7,3,4,3,7,4,7,9,2,3,9,8,4,6,6,7,3,3,6,3,7,3,9,4,6,7,4,6,8,5,9,6,Finance / Banking
2785,3,5,2,3,7,6,7,6,10,8,10,3,3,10,8,10,8,8,9,9,7,3,6,10,6,10,5,8,8,6,10,9,Law
2786,4,3,1,1,7,5,4,4,8,7,8,3,3,7,10,5,6,7,4,7,5,3,5,9,5,10,7,7,8,5,4,10,Law
2787,4,3,3,3,5,6,6,4,9,6,8,5,4,8,7,6,7,6,5,8,4,1,6,7,3,10,5,8,8,5,7,6,Law
2788,8,6,2,5,4,6,7,8,2,2,10,9,6,9,8,8,5,3,6,4,8,4,8,3,4,6,3,9,5,9,8,8,Finance / Banking
2789,8,6,3,2,8,4,3,4,4,1,9,6,7,8,7,6,3,3,6,4,9,4,4,4,1,3,5,5,7,7,7,1,Engineering
2790,6,2,2,3,3,2,4,5,4,9,8,2,6,7,8,5,6,7,8,7,6,6,2,8,5,5,5,8,6,2,6,8,Psychology
2791,3,1,3,4,5,2,6,3,7,9,9,4,7,10,4,7,7,10,5,7,7,6,2,8,5,1,9,6,5,3,8,10,Psychology
2792,5,4,1,3,3,3,4,4,8,3,7,3,3,7,7,7,7,6,4,8,6,1,2,9,6,7,2,6,3,5,7,9,Law
2793,4,7,4,10,5,1,6,6,6,6,6,5,9,8,6,7,6,9,9,7,4,9,3,6,6,4,6,10,9,5,7,10,MBBS / Doctor
2794,8,5,6,7,10,3,3,4,5,7,8,6,5,6,10,6,10,6,6,7,8,3,3,9,1,6,9,10,6,3,9,9,Teaching / Professor
2795,7,4,8,10,3,5,4,5,3,6,9,5,8,9,8,5,9,8,5,5,4,10,5,3,2,2,5,7,9,5,9,8,Dentist
2796,2,5,8,9,2,1,1,6,3,8,6,4,6,9,6,5,6,8,6,6,6,7,3,3,4,5,6,10,6,2,7,4,Pharmacy
2797,6,5,8,9,7,6,2,3,2,5,8,3,8,10,8,8,4,8,9,5,5,10,1,6,2,1,7,8,7,6,9,6,MBBS / Doctor
2798,4,2,8,9,3,2,3,8,1,5,7,1,6,9,8,6,7,9,6,2,3,10,5,5,2,1,7,7,8,3,7,9,Dentist
2799,9,6,5,1,9,5,4,1,4,2,6,8,7,7,4,5,6,3,5,5,8,1,5,1,3,2,4,7,8,5,7,6,Engineering
2800,7,5,3,2,5,10,7,9,3,6,10,8,4,6,6,6,2,2,6,4,6,2,10,2,6,8,4,7,8,6,5,6,CA / Accounting
2801,9,3,2,3,6,10,8,8,3,2,8,6,5,5,5,4,6,3,5,3,7,1,10,1,4,4,3,7,5,5,5,6,Finance / Banking
2802,3,5,6,10,5,1,3,3,1,5,8,7,7,9,8,6,7,5,8,5,7,9,4,3,1,3,5,6,10,1,7,9,Dentist
2803,9,1,3,1,9,8,8,6,4,2,8,8,3,10,9,8,6,5,7,5,8,4,10,5,5,4,5,7,5,5,8,7,Finance / Banking
2804,6,5,7,5,4,2,3,3,3,5,8,7,6,5,9,6,6,9,6,7,6,1,2,7,6,3,7,7,1,5,8,6,Teaching / Professor
2805,5,2,4,7,4,4,2,4,5,8,9,3,8,10,10,4,8,9,10,7,7,7,4,9,2,4,9,9,6,4,5,10,Psychology
2806,3,6,4,4,5,4,7,5,9,8,9,7,3,6,10,10,6,7,4,8,4,4,4,7,9,7,7,9,8,4,10,8,Civil Services
2807,5,5,8,7,5,3,3,2,6,6,9,6,7,9,9,4,9,6,6,3,6,10,1,4,5,3,6,8,8,5,7,8,Dentist
2808,4,6,4,2,4,5,5,10,5,6,7,7,1,6,9,10,6,3,5,7,7,3,4,4,3,4,2,7,9,7,8,8,Business / Management
2809,7,4,2,1,7,10,5,7,4,3,5,7,2,8,7,4,3,1,4,6,7,1,9,3,4,5,4,8,6,5,7,9,CA / Accounting
2810,9,3,3,4,5,9,8,8,3,4,6,8,5,5,9,9,3,2,4,3,7,3,9,2,4,9,5,10,8,7,6,8,CA / Accounting
2811,1,4,6,4,3,4,8,1,8,7,6,3,2,7,8,8,5,7,6,8,4,3,5,9,9,8,6,10,8,5,10,8,Civil Services
2812,3,3,5,6,3,4,3,2,4,9,6,7,6,7,10,5,7,10,8,8,3,3,2,8,7,2,9,8,6,3,8,9,Psychology
2813,7,10,6,4,8,2,5,5,6,5,7,6,8,9,6,6,8,8,6,6,10,3,5,5,3,5,6,8,6,7,10,10,Engineering
2814,4,6,6,9,6,2,5,1,4,9,8,4,9,8,9,7,4,8,7,6,6,10,3,4,3,3,6,8,9,3,5,10,MBBS / Doctor
2815,3,1,2,1,3,4,2,4,8,4,5,4,5,4,9,6,10,6,7,10,6,1,3,9,4,5,4,5,10,6,7,10,Journalism / Media
2816,5,10,7,7,6,1,3,3,5,5,6,7,9,8,5,7,5,8,4,6,6,9,1,7,3,5,8,8,9,4,9,7,MBBS / Doctor
2817,4,4,10,10,3,2,2,4,2,4,8,3,8,6,4,3,3,6,5,6,4,6,1,4,2,5,3,8,6,2,7,7,Pharmacy
2818,5,5,6,6,7,2,4,7,5,5,6,8,7,8,8,5,5,7,9,8,6,1,2,5,5,7,10,8,4,4,7,8,Teaching / Professor
2819,10,4,4,2,6,10,10,7,6,3,6,6,5,7,7,8,6,3,8,5,8,2,8,5,3,5,7,8,8,6,8,6,Finance / Banking
2820,6,7,5,5,4,3,2,4,3,2,7,6,8,5,4,5,8,6,7,4,5,8,4,1,5,5,3,6,7,3,5,3,Pharmacy
2821,3,1,1,3,3,7,8,7,3,7,9,4,2,7,8,7,8,8,2,5,4,1,6,3,4,4,5,5,6,7,7,8,Business / Management
2822,7,3,1,5,6,7,7,6,4,3,6,10,5,6,5,7,3,5,4,2,5,1,9,2,4,1,5,9,6,4,5,5,CA / Accounting
2823,4,3,2,2,5,2,8,10,3,7,6,5,3,8,6,9,7,4,4,5,6,2,5,7,5,3,4,6,7,10,8,10,Business / Management
2824,8,8,6,6,7,3,3,3,3,4,10,9,6,7,8,8,7,4,8,3,9,7,4,3,5,3,3,8,9,6,7,5,Engineering
2825,4,1,3,6,3,3,4,5,8,5,7,7,3,7,8,9,8,7,4,7,4,2,4,7,9,7,4,7,7,5,9,8,Civil Services
2826,3,6,5,7,5,7,9,9,5,5,6,6,3,10,7,10,9,7,6,9,7,4,8,8,8,4,3,8,10,10,10,10,Business / Management
2827,8,2,2,2,6,8,8,7,4,3,5,9,3,8,6,3,5,6,6,3,6,1,9,3,2,4,6,6,5,9,10,6,Finance / Banking
2828,3,3,5,3,8,2,3,5,6,6,5,5,3,6,10,8,8,8,6,8,8,4,4,7,2,8,3,8,8,7,7,8,Journalism / Media
2829,10,4,7,5,9,5,6,4,5,6,9,9,10,8,7,9,6,6,7,6,8,4,8,4,3,3,9,7,8,7,7,7,Engineering
2830,4,1,4,2,4,1,5,4,7,3,8,3,3,7,10,6,7,5,7,7,3,2,1,7,4,8,6,7,6,5,6,7,Law
2831,2,5,4,5,6,8,7,10,4,6,8,7,5,3,8,8,7,5,6,7,6,1,9,4,4,8,4,5,8,5,6,8,Business / Management
2832,5,5,6,6,7,4,9,6,8,5,9,7,8,5,8,6,7,7,10,8,6,5,4,9,6,5,9,10,9,5,7,8,Teaching / Professor
2833,6,8,7,4,8,1,5,6,2,4,8,7,7,9,7,4,5,5,6,8,10,6,3,5,5,5,4,9,7,7,5,7,Engineering
2834,4,5,6,10,4,3,3,3,3,6,9,4,9,9,7,4,6,6,4,4,5,8,1,6,4,5,5,9,9,3,7,9,MBBS / Doctor
2835,8,6,6,4,7,2,5,3,4,4,7,10,8,8,6,4,6,4,5,5,8,3,3,9,3,1,3,8,9,5,9,7,Engineering
2836,9,4,2,4,6,9,9,6,2,4,9,10,2,6,8,7,5,6,7,6,6,3,10,4,5,4,3,7,9,8,5,9,Finance / Banking
2837,5,3,10,7,4,4,3,4,4,6,5,4,10,6,8,5,5,7,8,2,5,9,5,2,2,1,5,7,6,4,4,5,Pharmacy
2838,5,3,1,4,4,4,5,2,5,8,6,3,6,9,10,6,6,6,8,8,5,5,2,8,4,2,5,9,8,2,8,9,Psychology
2839,5,2,4,6,4,2,7,4,8,8,8,4,4,8,8,8,8,6,3,7,2,3,4,4,7,9,5,9,7,4,9,9,Civil Services
2840,9,5,2,3,8,9,10,8,3,4,8,8,4,8,9,8,7,5,7,7,10,2,10,4,9,4,7,7,9,7,9,8,Finance / Banking
2841,7,4,6,8,7,1,3,2,1,8,4,4,8,7,5,6,4,9,7,8,6,10,2,7,4,3,7,8,7,5,9,9,MBBS / Doctor
2842,5,4,9,10,4,2,2,6,3,3,7,6,10,5,6,3,7,5,7,4,4,10,6,2,4,4,4,9,8,2,5,5,Pharmacy
2843,5,2,4,3,5,3,3,4,5,8,8,1,1,8,4,8,8,6,5,8,7,1,3,9,3,7,4,7,4,8,7,9,Journalism / Media
2844,3,4,5,2,3,3,8,6,9,6,9,5,1,5,10,4,6,6,6,9,7,3,7,7,6,8,5,9,5,6,6,7,Law
2845,4,2,2,2,7,8,9,8,1,5,7,9,4,6,6,6,4,7,5,3,10,3,9,6,5,4,2,3,9,7,7,6,Finance / Banking
2846,9,1,1,3,5,9,8,8,5,2,9,9,4,7,7,2,7,3,8,3,6,3,9,5,5,4,4,7,6,7,5,7,Finance / Banking
2847,7,4,10,7,4,4,5,5,3,4,6,6,10,7,6,7,7,7,8,5,6,7,2,4,3,2,8,9,9,1,10,5,Pharmacy
2848,9,4,2,2,6,8,7,7,1,4,10,6,4,5,3,5,5,4,4,2,5,1,10,3,5,3,5,5,9,4,5,5,CA / Accounting
2849,7,2,2,6,7,3,4,2,4,4,6,4,6,8,8,5,6,10,5,8,3,1,2,6,3,3,7,8,6,5,8,7,Teaching / Professor
2850,5,3,7,10,5,4,1,5,2,5,7,5,8,7,8,7,8,8,3,3,8,7,3,4,1,1,5,10,5,1,4,8,Dentist
2851,5,2,2,1,5,1,6,6,8,7,6,7,4,8,7,8,6,8,8,7,5,1,6,8,6,6,6,7,5,6,9,10,Law
2852,4,2,2,1,5,2,4,5,8,4,6,3,3,9,8,7,6,5,5,7,2,4,4,7,6,8,5,6,6,5,7,10,Law
2853,5,5,4,5,5,3,5,8,8,8,9,6,4,8,8,6,5,6,7,9,6,3,4,7,5,6,10,6,7,3,10,10,Teaching / Professor
2854,8,7,4,6,8,3,5,2,2,6,5,7,7,10,7,5,9,4,8,3,10,3,3,4,4,3,6,6,8,7,7,5,Engineering
2855,5,3,8,8,3,1,3,3,1,4,7,5,8,5,3,3,5,4,10,2,6,8,2,1,3,2,3,7,6,2,6,2,Pharmacy
2856,4,4,5,3,4,7,8,9,3,6,9,5,4,6,6,7,8,5,4,5,6,1,7,2,4,4,5,3,8,7,8,5,Business / Management
2857,4,4,2,2,5,1,3,5,7,5,8,3,2,6,10,5,8,6,5,8,6,3,3,10,3,8,6,8,8,8,6,10,Journalism / Media
2858,6,9,6,6,10,1,3,1,5,5,8,6,7,9,7,6,8,5,8,6,7,5,6,5,4,6,2,9,6,8,7,4,Engineering
2859,6,3,8,7,5,3,4,2,5,7,7,6,6,6,7,6,5,5,7,4,6,7,1,4,1,5,5,9,8,4,5,5,Pharmacy
2860,4,4,5,7,4,2,7,5,5,6,6,4,4,6,9,7,10,7,6,9,4,3,4,8,3,9,5,5,9,7,9,8,Journalism / Media
2861,1,2,1,1,5,4,3,4,3,4,5,2,2,7,7,4,7,6,6,7,5,1,4,9,5,9,5,6,7,4,7,7,Journalism / Media
2862,2,5,1,3,5,5,8,10,5,7,6,8,1,10,10,10,10,4,6,8,8,2,8,6,3,5,4,6,9,10,10,10,Business / Management
2863,1,2,1,4,4,1,6,3,8,4,8,2,4,8,9,5,9,9,10,4,4,2,4,7,6,7,3,4,6,5,10,6,Journalism / Media
2864,3,4,7,9,5,1,7,6,4,4,10,7,9,10,7,5,6,6,5,7,6,7,2,3,4,3,8,9,8,4,6,8,MBBS / Doctor
2865,5,1,2,2,4,10,7,7,5,5,7,10,3,7,7,7,5,3,4,3,6,1,10,6,4,6,5,10,10,4,4,4,CA / Accounting
2866,2,1,2,2,5,3,5,5,7,5,6,5,7,7,10,8,7,4,4,6,2,1,2,7,8,7,4,7,6,5,8,7,Law
2867,6,9,6,5,9,2,6,9,6,4,8,4,9,10,6,4,6,6,7,6,9,5,5,6,1,3,5,9,10,7,7,4,Engineering
2868,7,5,1,5,7,10,6,7,4,3,8,8,1,8,7,5,3,4,3,5,5,4,8,2,4,1,2,4,7,7,6,8,Finance / Banking
2869,7,6,2,4,5,6,5,10,6,4,7,8,3,7,9,8,5,5,7,10,6,1,6,7,5,7,6,4,6,7,7,7,Business / Management
2870,2,1,1,2,9,4,6,6,7,4,5,1,5,4,6,4,10,7,6,7,8,3,2,9,6,9,7,6,8,9,8,9,Journalism / Media
2871,10,5,3,1,4,7,7,7,3,2,6,8,4,8,5,4,3,5,4,4,7,3,7,5,5,6,6,6,6,7,5,6,Finance / Banking
2872,6,5,5,6,4,3,4,2,6,6,5,7,5,7,7,6,10,8,7,6,5,3,3,5,5,4,7,10,6,2,7,8,Teaching / Professor
2873,6,4,5,3,3,3,8,5,10,6,6,4,3,9,9,10,5,9,8,8,6,2,5,9,10,6,5,10,9,6,9,7,Civil Services
2874,8,4,5,4,5,4,5,9,6,6,7,5,5,6,6,10,8,6,4,8,7,2,6,5,4,5,5,6,8,7,10,8,Business / Management
2875,6,9,4,3,6,4,6,5,4,4,7,6,9,9,4,5,6,3,6,4,7,1,1,3,3,2,5,6,7,6,5,6,Engineering
2876,6,4,3,2,7,7,8,6,4,4,7,9,1,9,5,8,6,6,4,4,8,3,10,5,5,5,5,7,9,7,5,9,Finance / Banking
2877,6,6,2,3,2,1,5,4,3,3,7,7,6,9,9,8,10,7,8,4,6,2,3,5,5,3,8,9,7,1,7,7,Teaching / Professor
2878,1,7,10,7,5,4,4,1,1,4,5,4,7,8,6,3,4,6,10,3,5,7,1,6,2,1,5,6,7,2,8,5,Pharmacy
2879,7,2,3,2,7,8,5,4,4,3,10,10,1,6,7,5,5,3,5,4,8,2,8,4,4,4,6,5,8,5,8,3,Finance / Banking
2880,7,3,1,3,8,8,6,7,5,6,10,8,4,8,6,6,6,5,5,5,6,1,9,5,3,5,5,10,6,1,6,7,CA / Accounting
2881,6,4,5,8,5,4,2,2,5,6,7,5,10,9,8,7,6,10,6,6,6,10,5,4,5,4,5,10,10,6,7,6,MBBS / Doctor
2882,3,5,2,2,5,5,8,5,9,5,8,5,4,6,7,10,6,7,8,8,7,2,6,8,6,10,5,7,5,7,8,10,Law
2883,5,1,5,4,2,3,5,2,5,7,8,5,6,9,8,7,10,10,5,7,3,6,2,8,4,4,9,8,7,5,10,10,Psychology
2884,4,3,4,5,4,3,6,3,4,10,9,3,5,9,6,5,7,9,8,5,5,6,2,9,6,5,10,6,7,2,9,10,Psychology
2885,6,2,1,2,4,6,5,4,1,3,7,9,4,8,6,7,2,5,5,6,3,3,6,5,2,4,4,8,7,8,6,5,Finance / Banking
2886,6,5,4,1,6,5,6,10,4,4,8,5,3,6,6,7,8,4,1,7,5,2,8,5,6,4,6,5,7,6,7,8,Business / Management
2887,2,3,3,1,5,10,6,5,6,4,9,6,1,6,5,5,3,1,4,3,2,1,9,5,3,6,5,7,8,6,8,6,CA / Accounting
2888,5,3,3,6,1,3,3,3,4,10,9,2,6,8,10,6,6,8,10,9,4,8,4,7,4,4,7,9,7,4,6,10,Psychology
2889,3,3,4,5,5,5,6,5,7,4,6,4,3,7,7,6,8,6,7,8,4,3,3,8,6,7,4,7,6,8,9,8,Law
2890,4,6,1,4,6,2,3,1,7,10,7,4,5,7,9,4,9,10,8,7,5,9,2,9,2,4,7,8,4,3,8,9,Psychology
2891,6,3,6,9,3,1,3,2,2,6,6,5,8,9,7,5,7,7,5,4,2,8,3,2,6,1,5,6,9,5,7,5,MBBS / Doctor
2892,5,2,5,5,4,2,6,2,6,2,7,7,7,6,8,9,8,7,8,7,5,2,4,4,3,5,5,7,5,3,7,10,Teaching / Professor
2893,6,4,5,4,7,4,3,2,5,6,7,4,5,8,8,7,9,7,9,8,5,2,4,9,3,4,10,10,6,6,7,8,Teaching / Professor
2894,4,5,2,7,2,2,3,7,3,7,7,7,6,6,7,6,5,10,4,5,5,6,2,8,5,4,7,6,5,4,8,8,Psychology
2895,5,1,2,6,1,1,5,1,6,10,7,4,6,6,8,6,7,10,7,4,3,5,2,7,1,6,8,7,7,2,8,9,Psychology
2896,4,3,4,4,5,4,4,4,7,4,6,6,3,6,9,8,5,4,6,7,3,1,4,10,9,7,5,7,9,4,9,8,Civil Services
2897,10,7,2,2,9,3,5,4,5,4,9,8,7,7,5,9,9,6,5,3,10,5,4,4,2,5,7,6,6,8,6,9,Engineering
2898,8,3,7,10,4,3,4,6,5,6,7,4,9,8,8,6,9,7,5,6,6,10,5,4,2,2,5,10,7,5,9,7,Dentist
2899,7,6,4,7,5,1,3,6,4,10,5,8,7,9,10,9,7,9,9,9,6,6,2,8,4,6,10,10,5,3,7,9,Teaching / Professor
2900,3,3,2,5,6,2,7,6,10,4,8,5,3,9,8,8,8,7,4,10,6,3,8,8,8,7,8,9,10,5,10,10,Law
2901,6,6,5,1,3,4,7,6,6,7,8,3,5,7,8,9,6,6,5,10,1,3,3,6,8,4,5,8,9,5,9,9,Civil Services
2902,2,5,2,1,5,1,4,3,8,6,7,5,3,8,10,5,9,8,5,7,6,1,3,9,4,7,5,7,7,3,8,8,Journalism / Media
2903,4,2,2,1,5,4,5,7,8,8,7,4,4,7,9,6,9,10,4,7,8,4,3,8,4,5,6,6,7,7,10,10,Journalism / Media
2904,4,3,3,5,5,3,4,5,9,6,7,4,4,9,10,8,6,4,8,9,4,2,7,7,8,10,4,10,7,5,9,9,Law
2905,8,10,5,1,10,1,4,4,4,2,7,5,8,10,4,7,8,4,3,3,7,5,3,3,4,2,5,5,5,7,9,9,Engineering
2906,7,4,6,6,9,4,4,2,3,7,7,6,8,9,4,5,6,4,7,3,9,3,6,4,3,4,4,3,6,5,4,5,Engineering
2907,6,7,3,8,6,4,5,3,4,5,10,8,7,8,10,7,5,10,8,9,6,4,5,7,5,4,10,10,8,6,8,10,Teaching / Professor
2908,5,8,5,7,3,5,4,5,2,5,7,4,8,9,5,4,9,10,5,7,5,6,4,4,3,2,3,7,9,5,6,9,Dentist
2909,5,4,2,3,3,4,5,5,6,10,6,5,5,7,8,8,7,9,7,6,2,8,1,8,6,3,6,6,5,1,10,7,Psychology
2910,4,4,6,6,5,3,4,4,4,8,7,5,6,6,10,5,8,10,7,5,6,4,3,5,5,7,9,9,6,7,9,10,Teaching / Professor
2911,3,3,3,4,1,4,5,5,9,6,7,4,4,7,7,7,8,5,7,10,1,4,3,6,5,8,6,5,8,7,4,6,Law
2912,2,2,2,4,6,3,7,7,3,3,6,4,5,8,7,10,8,5,3,5,6,3,4,3,3,3,5,6,7,8,7,8,Business / Management
2913,4,3,4,5,5,4,5,5,4,9,7,5,5,6,6,6,5,8,8,7,4,7,5,9,3,5,7,6,9,4,5,10,Psychology
2914,4,4,6,3,6,6,6,3,7,8,8,5,2,9,8,5,10,8,5,10,6,5,5,7,4,9,4,6,7,9,6,8,Journalism / Media
2915,6,5,4,7,4,1,8,3,8,7,6,5,5,7,6,8,6,7,6,7,5,2,4,3,6,7,10,8,6,5,10,8,Civil Services
2916,5,5,3,6,3,2,10,5,7,4,8,5,5,9,8,4,5,7,6,9,6,1,1,8,9,8,6,6,8,3,7,7,Civil Services
2917,9,7,8,5,10,1,5,5,4,6,8,8,9,5,7,6,6,6,8,7,9,5,5,5,3,3,6,7,6,4,9,5,Engineering
2918,2,4,2,7,6,5,4,4,7,6,7,7,8,8,10,9,6,8,8,6,6,4,2,7,3,3,6,6,5,4,8,7,Teaching / Professor
2919,2,6,6,2,8,3,4,4,6,4,7,4,3,9,8,6,10,7,6,10,7,1,3,9,4,9,6,7,6,6,8,9,Journalism / Media
2920,4,3,4,4,7,4,5,6,7,5,8,5,3,6,10,4,5,8,5,10,5,3,4,7,7,9,4,7,7,4,7,9,Law
2921,4,6,5,5,4,2,1,5,3,6,6,6,9,8,4,5,3,5,2,2,5,7,3,4,1,4,1,7,2,5,5,7,Pharmacy
2922,6,2,3,5,4,2,7,5,10,7,6,6,4,5,10,4,9,6,7,10,8,6,5,9,5,6,6,5,10,8,7,10,Journalism / Media
2923,6,5,3,8,8,4,6,5,6,4,6,5,9,6,8,7,8,8,7,10,5,7,3,7,6,5,8,9,5,1,9,7,Teaching / Professor
2924,5,5,9,9,5,2,1,4,3,4,4,3,5,6,7,8,5,8,8,1,6,9,3,2,3,2,4,10,7,6,9,6,MBBS / Doctor
2925,7,1,4,2,5,8,8,8,3,4,10,10,6,8,4,5,3,6,5,6,9,2,10,5,4,5,6,7,6,5,7,6,Finance / Banking
2926,4,3,2,4,8,8,5,7,5,10,9,7,3,5,9,9,8,6,4,6,9,2,7,5,5,4,7,6,8,10,8,10,Business / Management
2927,4,4,3,5,3,1,1,2,3,7,8,4,5,6,9,5,9,7,9,4,2,6,2,9,4,2,4,9,7,1,6,9,Psychology
2928,5,8,4,5,8,4,6,4,5,1,10,8,8,6,4,6,7,5,8,2,10,3,3,2,4,1,6,5,7,6,9,5,Engineering
2929,5,4,3,5,5,3,7,5,9,5,3,5,2,10,8,6,5,7,8,9,5,2,5,8,10,6,9,9,8,6,9,9,Civil Services
2930,2,2,3,2,7,6,5,8,6,5,6,7,3,9,6,7,8,5,4,4,6,4,5,5,4,4,6,5,6,7,8,9,Business / Management
2931,5,5,6,9,6,4,5,3,9,2,7,5,9,6,10,5,7,8,3,4,5,10,2,6,4,2,6,8,7,6,9,9,Dentist
2932,8,2,2,1,3,9,8,7,2,5,9,7,3,9,7,6,6,5,5,3,6,1,8,1,5,6,1,7,6,5,6,6,CA / Accounting
2933,3,3,2,7,1,3,5,3,4,10,8,3,4,6,5,6,5,10,7,4,6,7,2,5,2,4,8,7,5,1,9,9,Psychology
2934,6,6,9,8,4,3,6,6,5,5,6,4,10,10,9,7,8,7,6,3,5,10,4,4,4,2,4,9,9,4,4,10,Dentist
2935,10,9,7,4,8,2,5,3,7,3,8,5,8,9,6,5,7,4,7,8,9,5,4,4,4,8,5,8,6,3,6,10,Engineering
2936,2,1,5,7,6,3,6,5,9,6,7,5,2,8,8,10,8,7,5,9,5,3,2,9,10,7,6,9,7,5,9,9,Civil Services
2937,10,5,5,5,10,4,5,6,6,4,9,10,10,10,6,6,8,5,7,4,10,2,4,5,7,4,4,6,10,3,6,10,Engineering
2938,6,3,1,4,3,4,4,6,5,3,10,6,4,9,7,6,6,5,8,8,3,3,4,8,7,9,5,9,8,5,6,7,Law
2939,4,3,1,1,5,2,5,3,6,5,3,4,5,8,8,5,8,6,4,9,4,3,2,10,2,10,5,8,8,8,9,6,Journalism / Media
2940,5,4,7,8,6,1,4,2,3,4,6,5,10,6,6,5,5,5,6,3,8,9,2,6,1,3,2,10,5,5,8,7,Pharmacy
2941,4,3,5,8,4,1,4,5,3,5,8,4,9,8,4,4,9,5,4,6,5,10,1,4,2,2,4,9,8,3,6,9,Dentist
2942,8,7,5,4,8,2,5,6,2,2,10,8,7,9,6,5,8,4,6,2,10,3,5,5,5,4,6,6,5,7,6,8,Engineering
2943,5,3,6,7,3,2,2,2,1,6,7,4,9,7,5,2,3,7,5,2,5,6,2,2,3,1,5,7,4,1,7,4,Pharmacy
2944,5,5,8,9,7,6,4,5,6,7,6,5,10,9,6,7,5,10,6,5,5,10,5,6,7,6,5,10,8,3,8,10,MBBS / Doctor
2945,8,6,5,5,10,4,6,7,5,7,8,8,7,10,5,6,5,6,9,7,10,5,5,6,5,3,5,8,7,5,6,7,Engineering
2946,8,9,6,5,9,4,5,6,5,5,8,8,8,9,6,7,9,8,6,6,6,5,2,3,5,3,4,7,8,6,7,6,Engineering
2947,5,3,2,5,5,1,4,1,5,10,6,5,6,7,7,4,7,9,8,5,3,6,4,7,3,6,5,6,7,1,7,8,Psychology
2948,6,6,5,7,5,6,5,6,4,6,10,7,9,8,9,9,8,8,10,10,8,4,1,6,5,5,9,10,6,3,8,9,Teaching / Professor
2949,5,5,3,3,6,3,10,4,10,4,9,7,5,10,9,9,7,7,6,8,2,3,6,10,7,7,8,7,10,4,9,6,Civil Services
2950,7,6,4,3,9,4,3,3,3,5,7,7,5,9,5,5,6,6,5,3,10,3,5,5,4,3,6,8,8,4,9,5,Engineering
2951,4,6,6,5,5,5,4,5,5,8,6,5,7,10,8,7,9,8,8,10,7,7,2,7,5,5,9,10,7,2,6,6,Teaching / Professor
2952,4,7,8,6,6,1,2,2,5,6,7,7,9,5,4,4,5,5,4,4,3,9,1,5,3,1,5,9,7,2,5,5,Pharmacy
2953,6,3,4,7,1,3,3,2,5,9,7,4,6,7,8,4,10,10,8,6,5,6,3,4,6,4,6,8,6,4,8,10,Psychology
2954,9,5,7,3,8,1,5,8,4,4,8,5,9,9,4,4,7,6,5,6,8,2,3,7,2,3,6,7,6,8,8,6,Engineering
2955,5,3,3,2,2,5,7,5,9,5,6,4,3,7,7,8,7,6,6,10,5,4,5,10,9,8,6,10,7,6,4,8,Civil Services
2956,2,4,7,1,7,8,7,10,4,8,9,6,3,7,5,10,9,6,5,9,8,3,8,8,5,5,5,7,7,8,9,10,Business / Management
2957,7,2,4,3,6,7,7,6,4,4,8,6,5,6,5,7,6,4,5,6,2,3,7,4,5,4,4,4,6,3,5,6,CA / Accounting
2958,4,3,3,4,6,6,6,10,7,5,6,5,5,7,6,7,10,8,7,7,6,3,5,3,5,6,8,6,6,8,8,8,Business / Management
2959,5,4,7,9,2,3,2,4,7,6,6,7,7,10,7,5,9,8,9,5,5,5,4,5,4,4,6,7,8,4,9,7,MBBS / Doctor
2960,4,3,5,7,3,1,5,5,9,5,6,6,4,5,9,4,5,5,6,7,4,2,3,5,3,2,8,10,6,5,4,6,Teaching / Professor
2961,1,1,2,2,4,3,4,4,7,7,6,1,1,6,6,4,8,6,2,6,4,2,3,8,5,7,4,6,5,2,7,8,Journalism / Media
2962,6,2,2,2,6,5,8,9,6,6,6,5,7,10,10,10,9,7,5,10,7,4,5,3,7,6,5,6,6,8,7,8,Business / Management
2963,7,6,5,2,8,3,2,5,3,4,9,8,8,7,7,6,7,5,8,5,7,2,3,3,2,1,2,9,5,9,7,5,Engineering
2964,6,5,2,2,4,6,4,6,6,4,5,8,3,9,5,8,4,2,2,3,6,1,9,4,3,2,3,8,5,3,6,4,Finance / Banking
2965,7,5,6,9,3,3,2,4,4,6,8,6,10,9,7,6,6,10,8,4,6,10,4,5,5,2,8,7,8,4,7,9,MBBS / Doctor
2966,8,4,1,3,8,9,6,6,4,4,10,9,5,5,6,7,8,3,5,2,7,4,10,4,4,8,4,6,6,5,8,8,Finance / Banking
2967,3,4,8,6,4,4,3,5,2,5,8,4,7,6,6,5,5,7,5,5,6,9,2,3,2,5,5,7,7,2,6,9,Dentist
2968,7,5,6,9,4,1,1,6,4,5,8,7,8,9,7,7,10,7,6,5,6,10,3,3,4,5,5,7,8,5,9,10,Dentist
2969,2,2,4,10,4,2,2,5,2,5,3,5,7,6,7,5,7,8,6,7,5,9,2,3,1,2,6,6,8,1,6,9,Dentist
2970,6,5,8,7,5,4,4,4,6,5,9,7,5,9,9,3,7,8,6,10,4,4,2,5,5,4,9,8,4,3,10,7,Teaching / Professor
2971,5,4,7,8,6,1,5,5,4,1,7,2,8,6,9,7,8,6,5,5,3,9,2,4,4,1,3,9,6,5,7,8,Dentist
2972,6,4,4,2,8,10,6,7,3,4,9,8,4,8,5,7,6,4,6,3,8,3,10,3,6,6,6,10,7,7,8,5,CA / Accounting
2973,7,5,4,2,8,7,9,6,2,5,8,9,1,9,7,5,6,6,4,3,6,1,9,5,5,5,5,6,5,7,9,7,Finance / Banking
2974,6,4,3,5,5,4,6,10,5,7,6,5,4,8,9,7,9,5,4,9,4,4,8,4,4,7,8,8,10,7,7,9,Business / Management
2975,5,2,1,5,6,7,7,9,4,4,7,4,2,6,9,6,5,6,3,7,7,3,5,6,4,4,4,6,6,5,9,8,Business / Management
2976,5,4,9,9,5,2,4,5,3,7,5,5,7,7,6,4,6,5,4,6,5,10,2,5,3,2,6,9,8,5,7,6,Dentist
2977,5,6,5,8,6,2,2,2,2,3,4,5,9,10,7,5,5,9,8,7,6,9,3,3,1,6,6,10,4,7,10,6,MBBS / Doctor
2978,1,3,3,4,6,3,4,3,5,6,8,3,3,7,9,6,10,4,4,10,6,2,5,6,3,6,8,5,8,9,10,10,Journalism / Media
2979,6,5,4,4,5,10,6,4,5,5,9,10,5,9,7,7,5,6,3,4,4,3,10,3,2,5,5,8,6,6,7,9,CA / Accounting
2980,6,3,7,9,4,4,2,8,5,5,6,6,7,5,5,7,7,6,6,4,1,8,2,2,3,1,4,7,6,4,5,5,Dentist
2981,6,6,4,5,6,5,3,4,5,5,8,5,7,6,8,7,7,6,6,9,7,2,1,7,5,6,10,10,9,3,9,10,Teaching / Professor
2982,10,4,1,1,7,8,6,10,1,4,8,8,5,8,7,6,6,4,3,6,10,2,9,4,2,3,5,7,10,8,7,8,Finance / Banking
2983,4,4,3,6,2,4,5,5,10,9,10,6,6,10,9,7,7,10,7,8,8,7,4,8,3,5,8,10,8,5,9,7,Psychology
2984,6,3,3,7,2,3,1,2,4,10,7,5,6,9,9,7,8,7,9,4,4,5,3,7,4,5,8,8,7,6,6,8,Psychology
2985,6,9,5,1,8,2,4,3,4,4,5,9,7,7,4,7,5,5,5,4,7,2,4,5,3,4,6,4,7,5,5,6,Engineering
2986,8,1,3,1,3,6,8,7,3,2,8,7,4,7,4,5,6,6,3,3,6,4,10,2,5,6,4,5,8,7,7,8,Finance / Banking
2987,7,7,7,4,4,4,8,10,3,6,6,6,4,9,10,10,7,5,4,6,7,1,7,5,2,5,7,8,7,9,6,8,Business / Management
2988,3,4,4,5,4,3,8,6,6,6,9,2,4,8,10,6,8,9,7,7,5,1,5,10,8,7,6,4,6,6,10,10,Journalism / Media
2989,3,5,9,9,4,3,5,2,2,6,6,5,8,7,5,4,6,4,8,4,5,9,6,2,2,2,3,5,5,6,5,6,Pharmacy
2990,4,5,6,8,5,4,4,5,3,3,6,4,6,8,6,2,8,8,6,4,5,7,1,5,2,4,4,10,6,4,7,9,Dentist
2991,5,3,4,4,7,4,3,4,8,6,8,5,7,7,10,5,9,8,7,10,6,2,2,6,3,9,4,4,8,5,6,9,Journalism / Media
2992,6,8,8,1,7,4,2,4,5,4,8,10,9,8,4,4,8,2,5,4,7,3,7,3,3,5,5,8,6,5,4,3,Engineering
2993,4,4,6,7,4,4,1,1,2,5,7,5,5,9,7,2,4,7,5,6,6,6,3,3,1,1,1,8,6,3,8,8,Dentist
2994,3,3,5,2,4,3,6,5,7,7,6,4,3,6,10,6,5,8,6,7,4,3,5,8,6,10,6,8,5,6,5,9,Law
2995,10,10,7,6,7,2,5,5,6,6,10,10,7,10,6,7,9,1,10,7,9,7,5,6,4,8,6,8,10,8,8,9,Engineering
2996,9,3,3,3,6,7,9,9,5,5,10,7,4,9,8,5,4,7,5,5,7,4,10,3,5,4,5,8,8,4,7,8,Finance / Banking
2997,5,7,3,6,5,3,10,9,5,5,5,5,4,7,5,10,7,7,3,7,8,4,6,5,5,4,3,5,7,8,10,9,Business / Management
2998,3,3,9,8,6,4,3,3,6,5,9,6,10,6,5,6,3,5,8,3,3,10,3,7,4,3,5,7,9,5,7,7,Pharmacy
2999,7,4,5,4,3,1,4,3,6,5,6,5,2,8,7,5,9,6,8,5,4,5,4,6,3,5,8,8,7,3,8,9,Teaching / Professor
3000,7,1,1,3,8,7,7,8,5,5,8,7,3,8,3,6,7,3,2,3,6,3,10,4,2,2,5,7,8,5,9,6,Finance / Banking
3001,6,6,6,10,5,1,5,5,5,5,6,4,8,10,10,5,6,9,6,4,5,10,4,3,2,2,5,6,7,5,8,8,Dentist
3002,2,4,5,4,9,2,2,3,8,6,6,4,2,8,10,6,9,5,8,9,5,4,5,8,5,7,6,8,5,7,7,8,Journalism / Media
3003,4,4,8,8,6,5,3,3,6,6,7,8,10,6,6,3,5,6,5,4,5,10,6,5,3,4,4,7,6,5,9,6,Pharmacy
3004,2,2,2,2,7,3,4,4,7,6,5,3,1,7,8,4,3,5,6,5,3,3,4,6,4,5,3,7,6,6,9,7,Law
3005,3,4,5,4,7,5,9,8,5,7,7,7,6,6,6,10,8,6,6,6,4,6,10,8,3,6,4,7,8,7,10,9,Business / Management
3006,4,4,2,4,5,4,8,5,10,7,9,7,4,9,10,7,7,8,7,10,8,6,4,9,4,10,6,9,8,6,8,10,Law
3007,3,2,2,5,4,2,4,7,6,5,8,5,1,7,5,10,5,5,8,7,2,4,7,7,5,7,6,6,5,6,4,8,Law
3008,6,7,3,2,7,4,8,4,5,6,8,6,5,9,7,5,9,8,7,8,8,3,2,6,5,5,10,7,4,5,6,6,Teaching / Professor
3009,3,2,2,5,4,3,3,2,5,10,7,2,6,6,7,4,5,9,7,5,2,7,1,9,5,4,6,4,7,4,9,7,Psychology
3010,5,3,4,3,2,2,3,1,2,8,5,3,5,6,8,4,8,8,6,5,3,6,3,7,4,5,5,6,6,4,7,8,Psychology
3011,4,6,7,10,5,2,4,2,2,4,2,5,6,7,9,5,6,6,5,8,5,10,6,4,3,1,7,9,9,6,6,10,MBBS / Doctor
3012,8,5,4,5,9,1,6,3,6,5,8,10,8,10,6,6,7,6,9,5,10,3,1,5,5,4,3,8,8,6,6,6,Engineering
3013,9,6,7,3,8,5,6,6,7,4,7,7,7,5,6,5,9,6,6,6,10,3,3,1,3,3,5,6,6,5,8,7,Engineering
3014,3,7,7,6,5,1,6,5,3,5,5,5,5,7,7,8,4,9,9,6,5,3,1,6,2,5,8,9,6,4,6,3,Teaching / Professor
3015,5,3,1,3,5,3,8,7,9,6,8,6,5,8,9,7,5,8,5,8,6,2,5,9,10,10,6,9,7,7,10,10,Civil Services
3016,6,6,6,6,5,2,4,3,7,6,9,3,6,8,10,8,9,10,9,9,7,4,6,7,5,7,9,10,5,3,10,10,Teaching / Professor
3017,2,1,3,6,1,2,1,3,2,7,7,3,5,5,8,3,6,8,7,5,3,4,1,7,3,2,3,9,6,3,6,5,Psychology
3018,8,9,7,4,10,1,4,6,7,6,9,5,5,9,6,5,8,6,9,6,10,4,4,7,3,9,6,8,8,10,9,4,Engineering
3019,7,6,9,5,7,4,5,4,7,6,7,3,8,8,10,6,8,9,9,8,5,5,4,7,4,6,10,10,8,5,6,10,Teaching / Professor
3020,5,2,8,10,3,3,1,7,6,3,9,4,7,7,6,7,5,7,8,3,4,10,7,3,2,3,7,7,6,4,7,6,Pharmacy
3021,6,3,7,5,3,5,5,2,6,7,2,5,5,6,5,5,4,7,6,7,5,3,2,5,4,6,9,9,7,3,8,8,Teaching / Professor
3022,6,7,6,10,5,4,4,5,2,5,7,4,8,8,9,7,10,10,7,2,5,8,7,4,3,5,5,9,8,5,10,7,Dentist
3023,4,2,8,7,3,1,2,3,3,4,5,3,10,4,6,3,5,7,7,4,4,8,2,3,1,1,3,8,9,4,7,4,Pharmacy
3024,4,4,7,9,6,3,5,6,4,6,6,4,9,9,10,5,6,7,7,9,5,10,1,4,4,4,6,10,4,3,10,6,MBBS / Doctor
3025,3,4,6,6,3,2,3,7,5,5,5,3,7,7,6,5,9,7,5,3,2,7,1,2,1,2,2,10,6,4,5,10,Dentist
3026,4,4,4,4,3,5,4,6,9,2,8,2,3,5,10,6,6,9,6,10,3,1,5,7,5,9,4,5,8,6,6,10,Law
3027,4,3,6,9,2,3,3,2,4,5,8,5,7,9,7,5,6,5,2,5,7,8,4,2,5,5,3,7,6,4,8,8,Dentist
3028,6,2,3,1,7,8,7,5,1,5,6,9,3,7,7,6,1,3,8,4,6,3,10,2,4,5,2,8,7,4,9,7,CA / Accounting
3029,2,4,1,3,6,2,5,3,10,7,5,5,6,6,9,7,10,8,7,9,7,5,2,9,3,7,5,6,7,7,8,10,Journalism / Media
3030,3,5,5,7,4,2,2,2,5,6,7,6,7,9,8,5,6,8,7,8,6,8,3,5,3,1,6,10,9,5,10,8,MBBS / Doctor
3031,7,7,4,5,7,5,4,3,3,1,8,8,8,6,8,7,9,5,8,3,10,2,2,3,4,3,6,4,4,8,9,4,Engineering
3032,2,2,2,1,3,2,6,6,6,6,6,3,2,8,5,7,5,4,3,8,5,1,2,5,6,9,4,4,6,2,6,8,Law
3033,5,5,1,1,5,10,7,4,3,5,8,10,4,7,5,6,5,4,5,4,6,1,8,5,3,2,4,9,7,3,8,6,CA / Accounting
3034,2,4,6,9,6,2,3,4,2,6,7,3,8,8,9,4,5,10,8,5,5,9,3,7,6,1,4,8,5,6,5,7,MBBS / Doctor
3035,3,4,8,9,5,3,1,4,6,4,3,6,7,8,10,8,8,7,4,5,6,8,1,6,4,4,6,10,8,7,5,8,Dentist
3036,8,1,4,3,4,9,10,6,4,7,8,9,6,6,6,6,2,2,3,4,5,1,10,4,1,5,5,8,8,5,7,5,CA / Accounting
3037,5,3,3,3,4,1,5,6,6,5,10,4,5,6,10,5,9,4,6,9,9,5,4,5,3,6,10,8,6,5,8,8,Teaching / Professor
3038,4,4,4,7,1,1,2,6,2,7,5,3,8,7,6,5,7,4,2,7,7,10,3,3,3,1,4,9,8,4,6,9,Dentist
3039,3,3,2,1,5,4,4,5,6,6,6,2,5,8,7,4,6,6,7,5,3,3,4,8,6,9,6,6,7,6,10,5,Law
3040,5,3,2,3,3,3,3,3,6,10,8,6,4,6,7,4,6,9,7,4,4,5,3,6,5,2,8,6,6,1,7,9,Psychology
3041,4,4,8,3,2,1,4,5,5,7,6,6,7,6,9,4,7,7,7,8,5,1,3,3,3,6,9,10,7,2,5,9,Teaching / Professor
3042,1,1,1,2,6,1,2,4,8,2,5,4,3,7,9,2,6,7,4,10,5,1,2,9,3,4,3,5,5,4,6,7,Journalism / Media
3043,6,7,2,1,6,8,10,6,2,3,10,10,2,7,8,7,4,3,4,5,5,2,8,3,3,5,5,8,6,4,7,6,Finance / Banking
3044,1,2,3,2,6,2,3,5,7,5,5,6,1,3,7,3,7,6,4,9,5,1,4,6,4,5,3,5,3,10,6,9,Journalism / Media
3045,1,4,3,2,4,3,6,5,7,5,8,5,5,8,8,10,6,9,4,6,7,1,3,6,10,9,6,8,6,2,7,8,Civil Services
3046,10,3,3,3,2,8,7,10,4,6,8,10,2,5,4,5,4,3,1,5,5,2,8,5,2,6,4,8,7,4,8,7,CA / Accounting
3047,8,3,4,3,6,9,10,6,2,7,9,10,5,8,3,4,6,3,5,6,7,3,10,6,4,6,3,7,8,6,7,5,Finance / Banking
3048,5,4,5,1,6,2,6,3,8,8,7,3,5,9,10,10,7,8,5,6,4,1,3,7,10,9,5,10,8,4,10,10,Civil Services
3049,4,4,1,3,4,4,5,8,6,8,7,6,2,9,10,7,8,6,8,8,4,3,6,7,6,9,7,10,6,2,5,10,Law
3050,6,2,6,10,4,4,5,2,2,4,8,6,9,8,5,5,5,6,7,4,4,8,3,3,3,1,6,6,6,3,4,7,Pharmacy
3051,7,4,9,7,6,2,1,4,4,4,5,5,10,9,8,6,5,5,8,5,3,8,5,5,5,1,5,8,5,4,9,5,Pharmacy
3052,7,8,4,2,10,2,2,7,3,4,10,8,7,7,4,6,8,6,6,5,6,4,4,7,4,3,5,7,8,7,5,4,Engineering
3053,7,6,5,5,6,2,4,4,3,5,6,5,7,8,4,5,7,4,7,4,10,4,3,5,4,6,4,8,7,9,9,6,Engineering
3054,5,8,2,5,3,2,3,1,6,5,5,7,6,6,9,7,6,8,7,7,4,2,1,5,5,6,9,10,4,5,8,5,Teaching / Professor
3055,5,5,8,9,3,3,3,4,3,5,4,4,9,10,4,5,6,6,10,3,6,8,5,3,3,1,3,10,6,3,8,4,Pharmacy
3056,3,3,1,5,3,3,3,4,9,4,7,7,3,7,6,9,9,3,4,9,3,4,3,9,4,9,4,8,7,5,6,5,Law
3057,7,7,8,2,7,5,5,5,6,4,6,6,8,9,5,5,7,7,6,4,7,3,5,8,5,4,6,8,6,10,7,7,Engineering
3058,7,10,6,7,6,4,8,5,4,3,10,7,7,7,8,8,7,3,9,5,7,1,3,3,3,5,5,8,6,7,10,6,Engineering
3059,7,3,9,8,4,1,5,5,3,6,8,4,10,8,6,4,3,9,7,6,4,7,1,8,3,3,3,8,7,5,7,5,MBBS / Doctor
3060,5,4,4,4,6,6,6,7,3,5,5,4,5,10,9,8,6,6,2,7,6,1,9,3,4,5,4,7,7,9,9,7,Business / Management
3061,7,1,2,2,4,10,9,7,1,2,6,10,4,9,4,3,6,1,4,4,4,4,9,4,5,5,3,7,8,5,7,5,CA / Accounting
3062,2,1,3,5,6,5,8,8,5,4,6,5,3,8,7,7,7,6,3,7,6,3,6,6,5,3,5,8,6,6,9,6,Business / Management
3063,8,6,3,2,6,10,7,6,5,3,9,10,5,8,2,4,4,6,4,2,7,4,8,3,7,3,3,7,8,4,5,7,CA / Accounting
3064,9,6,4,4,10,4,5,5,1,3,4,10,9,9,6,4,7,7,7,4,6,5,4,2,2,2,5,7,6,7,7,7,Engineering
3065,8,3,2,4,8,8,6,8,3,5,9,6,3,9,7,5,6,2,6,4,8,2,10,6,5,5,5,4,7,7,8,7,Finance / Banking
3066,4,4,4,1,6,1,3,4,6,6,6,4,5,9,8,6,5,7,5,8,1,3,3,7,10,8,3,9,8,5,9,7,Civil Services
3067,7,4,1,1,8,7,10,8,2,5,9,10,3,7,7,6,3,6,7,5,5,2,8,4,4,5,6,7,5,7,7,6,Finance / Banking
3068,4,2,1,2,5,9,5,4,2,3,6,5,2,6,6,6,5,2,4,6,5,3,10,2,7,6,2,7,9,5,3,4,CA / Accounting
3069,3,3,5,4,5,2,7,7,8,7,9,9,3,9,7,9,7,7,7,8,5,2,5,8,8,6,3,7,8,2,7,10,Civil Services
3070,4,7,8,10,6,3,5,5,3,9,7,6,10,9,9,4,4,9,8,8,8,8,5,4,7,4,10,9,9,6,9,8,MBBS / Doctor
3071,5,4,2,7,6,5,8,6,3,4,8,3,4,7,5,7,8,3,6,7,7,2,5,3,4,3,5,4,7,8,5,8,Business / Management
3072,6,5,3,3,5,10,9,7,2,1,9,8,3,7,8,7,6,6,4,3,7,3,10,2,4,3,4,8,4,9,6,8,Finance / Banking
3073,4,4,4,6,1,1,4,5,4,8,5,3,5,7,7,3,8,9,8,6,3,4,5,8,3,2,5,7,8,4,4,7,Psychology
3074,3,2,4,5,3,1,1,3,6,10,7,4,2,7,8,6,8,10,6,4,4,5,2,8,5,4,6,9,6,1,6,7,Psychology
3075,4,4,4,5,4,4,5,7,7,5,6,2,5,10,10,10,6,7,7,9,5,3,6,8,10,9,3,9,6,6,9,8,Civil Services
3076,9,8,5,6,9,3,6,6,5,5,10,9,7,9,8,8,8,7,6,5,10,7,5,5,7,5,9,7,7,7,8,6,Engineering
3077,5,5,8,9,5,4,5,5,3,6,5,4,8,9,7,7,5,7,5,6,5,6,3,4,5,2,6,5,8,3,6,9,MBBS / Doctor
3078,9,10,6,7,7,7,7,5,7,3,8,10,5,10,7,9,5,8,6,5,7,2,5,3,6,4,4,7,8,7,8,7,Engineering
3079,7,4,4,2,8,9,9,6,7,5,9,9,5,9,7,5,7,4,4,5,7,3,10,4,5,4,5,8,8,6,8,8,Finance / Banking
3080,2,3,9,7,5,4,3,4,4,4,6,4,9,9,7,6,3,5,9,4,4,9,1,4,1,4,4,9,5,1,6,4,Pharmacy
3081,6,8,1,2,6,9,6,8,2,4,7,10,1,7,4,7,5,1,2,5,6,3,9,4,6,3,4,7,8,2,8,5,CA / Accounting
3082,9,4,3,2,5,10,6,6,1,1,9,6,5,7,6,7,3,4,3,3,6,2,10,6,4,7,4,9,8,3,6,3,CA / Accounting
3083,2,7,6,6,8,2,7,5,6,8,8,5,7,7,7,7,8,8,8,7,4,5,3,6,3,6,8,8,7,3,8,8,Teaching / Professor
3084,3,4,1,2,8,4,4,4,8,6,8,7,6,8,9,7,6,7,7,10,4,3,3,8,7,9,6,8,5,4,7,8,Law
3085,5,3,7,10,5,3,4,3,6,6,7,6,10,6,8,10,8,8,7,5,6,8,2,4,7,3,8,8,7,5,6,9,MBBS / Doctor
3086,5,4,9,7,3,1,4,7,2,6,9,5,8,8,7,6,4,9,8,4,6,10,7,4,2,4,6,7,5,6,9,6,Pharmacy
3087,7,6,3,5,6,1,3,5,7,6,8,8,5,10,9,6,9,6,7,7,8,3,2,6,1,7,9,8,7,3,8,6,Teaching / Professor
3088,5,3,2,4,7,2,5,3,7,3,5,3,3,9,7,6,4,7,5,8,6,2,1,7,10,3,3,7,7,5,8,8,Civil Services
3089,5,3,3,3,8,5,7,7,5,5,4,5,4,6,7,8,7,7,2,10,7,3,7,2,2,4,6,4,6,8,9,9,Business / Management
3090,5,5,6,1,10,1,6,3,5,9,5,9,4,9,6,6,6,6,4,7,8,1,6,4,7,6,4,7,7,9,8,6,Engineering
3091,3,2,1,6,6,1,6,5,9,5,6,6,4,8,10,10,9,10,6,9,9,4,3,8,4,7,5,3,6,5,6,6,Journalism / Media
3092,2,2,3,1,6,1,5,5,5,6,4,2,1,5,9,5,9,6,5,8,6,1,5,5,4,6,4,4,9,8,8,8,Journalism / Media
3093,4,4,6,4,5,3,3,4,5,3,8,2,2,6,10,5,7,7,9,6,3,2,7,6,3,8,6,5,10,7,6,9,Journalism / Media
3094,3,3,10,10,3,2,1,4,3,4,8,2,8,8,8,5,6,3,6,6,5,8,3,4,1,4,5,5,7,2,8,4,Pharmacy
3095,10,7,5,5,7,4,2,3,5,6,7,6,8,7,5,7,6,2,4,5,6,3,2,6,7,2,5,5,6,9,6,5,Engineering
3096,6,5,4,3,4,2,6,4,7,4,7,7,4,9,9,7,4,9,6,8,4,5,1,7,5,5,9,9,6,3,9,10,Teaching / Professor
3097,3,6,5,7,5,1,4,4,2,7,7,3,5,6,7,4,6,5,5,5,4,7,2,2,1,1,4,8,3,6,7,6,Dentist
3098,6,1,4,3,4,10,8,6,4,4,10,10,2,7,7,4,3,4,5,6,4,2,10,4,4,4,5,8,7,3,10,6,CA / Accounting
3099,9,10,6,3,7,3,4,4,5,6,6,7,6,9,8,10,6,4,7,4,8,3,1,5,4,6,5,5,7,3,5,7,Engineering
3100,7,7,7,3,6,5,3,4,5,7,10,6,6,10,9,6,5,9,6,8,6,5,1,5,5,3,10,7,6,3,9,8,Teaching / Professor
3101,4,6,8,9,5,3,3,5,5,4,8,3,9,9,8,10,10,10,5,2,5,10,3,6,4,4,6,8,8,3,9,8,Dentist
3102,4,5,3,1,4,2,6,5,8,5,9,5,4,7,7,7,5,6,6,6,5,1,3,8,10,6,5,10,8,5,5,7,Civil Services
3103,8,5,3,2,4,5,7,8,5,7,7,5,4,10,8,10,10,10,6,8,6,4,8,7,4,6,6,9,10,10,10,8,Business / Management
3104,8,4,2,2,6,6,4,9,3,4,8,6,3,7,6,4,6,5,4,6,8,3,8,4,5,2,2,6,7,6,8,7,Finance / Banking
3105,3,5,6,4,8,4,2,5,8,8,9,2,4,8,8,7,9,7,7,8,3,3,4,8,3,10,5,8,8,7,8,8,Law
3106,9,10,7,5,8,3,2,5,6,3,8,7,6,9,4,7,9,5,3,4,10,1,4,3,6,4,6,8,10,7,8,4,Engineering
3107,4,1,2,6,3,2,5,1,6,10,7,5,7,7,9,5,6,7,9,5,3,4,3,9,2,5,8,6,6,3,7,10,Psychology
3108,3,1,1,1,5,10,6,5,4,1,6,8,1,6,4,6,3,2,4,2,3,4,8,3,3,1,2,5,7,4,6,3,CA / Accounting
3109,4,3,3,4,4,2,3,5,7,5,6,3,2,7,7,6,6,8,6,7,1,1,5,7,9,8,6,9,9,3,8,7,Civil Services
3110,4,4,5,6,5,3,5,2,5,7,9,6,7,7,8,7,6,7,7,10,8,6,1,8,5,4,9,6,6,5,6,7,Teaching / Professor
3111,10,6,4,5,10,3,6,6,4,3,10,9,9,9,5,8,8,5,7,5,10,2,3,5,7,6,3,9,9,5,4,6,Engineering
3112,7,7,4,2,7,5,3,3,5,5,8,6,4,6,8,5,7,7,9,8,4,3,1,8,5,2,8,6,5,3,8,9,Teaching / Professor
3113,6,4,4,1,3,10,6,6,2,3,2,7,2,6,5,3,4,5,5,4,5,1,8,4,3,7,1,7,6,5,7,3,CA / Accounting
3114,6,3,5,2,4,3,4,4,8,3,10,3,1,8,9,7,7,10,6,7,7,1,2,8,8,6,3,5,8,2,7,6,Civil Services
3115,2,3,1,4,4,3,5,6,8,4,6,6,2,8,8,7,4,7,7,6,5,3,4,8,10,7,4,10,9,4,8,10,Civil Services
3116,3,1,8,6,3,1,3,4,3,3,6,4,9,6,3,4,3,4,9,2,4,8,2,4,1,2,3,9,7,2,6,4,Pharmacy
3117,2,2,2,2,1,2,5,4,6,6,7,6,4,7,6,6,5,8,5,9,3,1,4,7,8,6,4,7,10,6,9,10,Civil Services
3118,8,7,3,4,6,1,5,5,4,5,5,5,10,7,7,5,7,4,7,5,8,2,4,2,4,7,7,8,7,3,5,8,Engineering
3119,6,6,8,8,6,1,3,4,5,7,7,5,9,10,9,7,3,7,6,7,4,10,3,5,4,3,5,10,8,3,8,10,MBBS / Doctor
3120,6,3,1,1,4,9,8,5,2,5,8,7,2,7,6,6,4,4,4,1,4,3,10,3,3,3,2,9,6,4,9,5,CA / Accounting
3121,8,9,7,3,9,4,4,5,7,5,9,9,5,9,4,5,10,5,5,7,7,3,6,4,2,5,4,9,6,8,10,5,Engineering
3122,5,1,5,8,4,3,2,5,4,3,7,3,8,9,7,7,6,9,3,5,5,9,2,5,4,4,6,7,10,5,7,4,Dentist
3123,5,6,10,8,5,2,2,4,4,4,6,4,10,6,7,4,6,5,7,3,6,7,2,7,6,3,4,9,6,6,9,7,Pharmacy
3124,6,2,8,6,5,2,1,3,4,4,5,5,8,6,4,4,5,4,6,3,4,7,1,4,1,3,6,9,9,2,8,4,Pharmacy
3125,10,7,7,3,6,5,7,6,4,5,10,9,7,6,6,8,6,6,7,6,10,3,2,4,6,3,4,5,10,8,9,8,Engineering
3126,2,4,3,2,4,4,6,8,2,2,5,3,1,9,4,8,8,6,4,8,9,1,7,6,2,4,3,6,4,9,8,8,Business / Management
3127,2,4,4,4,7,1,5,3,7,6,8,3,6,4,6,5,8,9,6,9,5,2,3,7,5,6,3,4,5,8,8,10,Journalism / Media
3128,5,5,8,8,5,5,4,2,3,5,7,4,8,7,7,6,10,7,3,3,6,10,1,4,1,2,7,8,7,8,10,8,Dentist
3129,7,6,8,3,7,1,7,1,4,3,5,6,7,6,5,8,7,2,4,4,7,3,4,6,3,1,6,8,6,5,7,5,Engineering
3130,4,1,6,7,3,1,2,3,1,3,5,2,4,7,7,3,4,4,1,3,2,8,1,1,1,1,5,8,4,3,4,6,Dentist
3131,10,7,5,4,10,4,2,5,2,4,8,8,8,10,5,5,8,3,6,7,7,3,4,8,4,4,4,7,8,6,9,7,Engineering
3132,4,3,1,5,5,4,5,3,8,7,9,5,2,8,7,7,10,7,7,5,6,2,4,7,6,8,6,6,7,8,7,8,Journalism / Media
3133,9,5,4,1,6,9,5,5,2,3,9,7,5,10,6,4,5,6,6,6,7,3,10,4,4,5,8,8,8,6,9,7,Finance / Banking
3134,5,4,6,9,5,3,4,3,2,7,5,2,9,9,5,3,8,5,6,2,2,8,1,5,2,3,3,9,8,4,6,8,Dentist
3135,9,3,2,4,9,8,9,7,4,4,8,10,5,8,6,6,6,4,4,5,7,2,10,4,4,5,4,8,7,5,8,6,Finance / Banking
3136,4,3,4,1,5,4,4,4,6,6,4,4,2,6,9,7,9,5,5,10,7,4,3,8,2,8,6,6,6,7,8,8,Journalism / Media
3137,4,4,2,6,6,1,5,5,7,7,7,2,4,5,8,3,8,6,6,8,5,4,1,7,4,6,4,3,5,4,10,8,Journalism / Media
3138,7,2,4,1,3,8,6,5,3,3,5,7,3,6,4,4,2,6,5,7,5,1,7,4,3,3,5,8,7,4,6,2,CA / Accounting
3139,7,4,2,1,6,6,8,5,3,3,8,10,4,6,4,4,7,8,4,3,9,2,9,4,3,3,4,6,5,5,7,6,Finance / Banking
3140,4,6,8,6,3,2,4,6,4,6,8,4,10,9,6,2,4,8,6,2,3,10,3,3,3,3,2,10,8,7,8,8,Dentist
3141,9,5,1,1,7,9,7,5,5,2,9,6,3,7,6,8,5,4,5,4,10,2,10,3,4,3,3,6,10,9,7,5,Finance / Banking
3142,2,4,2,1,4,2,4,5,9,6,10,5,4,8,7,6,5,3,7,8,3,3,5,8,5,8,4,8,8,4,7,7,Law
3143,2,1,4,5,6,3,3,5,10,4,9,4,2,7,9,5,7,3,6,9,6,3,4,8,9,10,2,8,9,6,6,10,Law
3144,5,3,6,7,1,3,2,2,1,6,7,2,6,6,3,6,7,6,4,3,3,10,3,2,2,1,4,7,2,5,6,8,Dentist
3145,3,3,4,3,4,4,6,7,3,6,6,3,6,8,6,8,6,7,4,6,6,1,9,6,2,5,6,6,9,10,8,7,Business / Management
3146,6,2,1,4,6,3,8,10,4,6,8,7,2,7,8,8,10,7,3,7,9,2,9,7,6,5,7,5,10,9,10,8,Business / Management
3147,7,4,6,10,5,2,3,3,2,6,7,7,6,9,5,5,8,7,5,3,3,7,2,4,1,2,3,9,8,5,7,10,Dentist
3148,2,3,3,2,6,2,6,4,6,8,10,5,2,6,6,7,7,5,8,5,6,2,5,3,5,7,7,7,4,6,8,9,Law
3149,8,4,4,9,3,5,5,1,5,8,7,4,4,4,9,8,8,7,8,7,6,1,1,5,2,7,8,8,8,2,5,6,Teaching / Professor
3150,7,4,6,5,3,1,5,8,7,7,9,5,7,5,9,6,8,5,6,10,7,4,4,7,8,6,10,8,7,2,8,9,Teaching / Professor
3151,6,4,2,6,6,2,8,3,8,7,7,9,8,6,8,5,7,6,4,7,7,5,4,6,6,8,10,8,9,2,8,3,Teaching / Professor
3152,1,1,5,4,2,2,3,3,7,10,8,2,5,8,8,5,7,10,5,6,1,8,3,7,5,3,5,10,6,3,9,10,Psychology
3153,4,6,7,8,3,3,6,2,6,6,6,6,10,10,9,7,7,10,7,8,6,9,6,6,6,5,6,9,8,6,9,8,MBBS / Doctor
3154,4,3,6,10,6,4,3,4,2,8,6,2,10,9,8,4,7,10,6,7,7,10,1,4,7,4,7,8,7,6,10,9,MBBS / Doctor
3155,3,2,2,2,5,4,5,3,10,6,6,9,5,9,7,10,7,10,5,8,2,4,5,10,8,9,6,9,8,2,9,9,Civil Services
3156,9,4,2,3,6,9,7,8,5,5,9,9,4,7,6,5,5,2,5,6,7,3,10,4,3,6,5,7,6,7,7,6,Finance / Banking
3157,7,4,7,7,5,3,8,4,10,6,8,4,5,6,10,8,7,8,6,10,6,3,4,8,10,10,5,10,9,7,10,8,Civil Services
3158,5,3,3,2,3,4,3,7,10,7,9,3,1,9,8,8,8,9,5,10,2,2,3,8,8,8,2,6,5,2,7,8,Law
3159,7,8,4,7,9,3,8,5,5,4,6,7,10,10,7,5,9,3,4,4,10,6,4,4,2,4,5,8,9,6,8,5,Engineering
3160,3,3,4,4,2,4,4,6,7,6,9,6,5,10,9,7,7,7,4,6,5,6,6,7,8,9,4,6,7,5,9,6,Law
3161,5,5,7,9,8,2,2,5,3,5,9,5,9,9,8,7,3,8,10,7,6,10,4,5,7,4,7,10,6,4,10,10,MBBS / Doctor
3162,4,4,4,2,4,5,5,6,8,5,7,6,6,9,9,7,7,10,7,10,5,3,3,8,8,6,5,9,10,5,8,10,Civil Services
3163,8,5,3,4,5,3,5,3,8,4,9,7,4,10,9,10,6,7,3,8,3,1,6,10,10,9,7,6,6,6,7,9,Civil Services
3164,4,3,6,4,5,3,5,4,5,5,7,7,2,7,7,5,6,7,6,9,6,3,5,5,3,5,8,9,6,4,6,10,Teaching / Professor
3165,3,5,3,4,3,6,5,6,9,4,10,3,3,8,10,5,5,6,3,5,3,2,2,8,7,7,6,8,7,8,8,8,Law
3166,3,3,4,2,4,3,7,3,8,4,7,4,5,9,7,8,6,8,6,6,5,1,5,9,9,9,5,8,4,3,8,7,Civil Services
3167,6,5,8,7,8,2,5,6,5,5,8,6,6,7,6,6,6,10,7,8,7,6,3,5,4,5,10,7,3,1,6,8,Teaching / Professor
3168,5,3,5,4,4,4,7,3,7,8,8,1,4,10,9,8,8,10,6,6,6,1,5,9,9,9,4,10,6,4,7,7,Civil Services
3169,4,7,4,3,4,4,5,8,3,7,6,7,5,9,9,10,7,7,5,9,7,5,5,4,3,5,5,5,6,7,6,8,Business / Management
3170,5,3,2,4,4,2,5,5,8,4,9,4,1,7,6,5,8,7,4,6,3,3,4,8,4,7,4,8,10,3,8,9,Law
3171,4,4,1,5,4,3,4,2,7,8,3,2,4,5,10,3,6,7,7,4,1,5,3,7,4,1,7,7,6,2,6,8,Psychology
3172,6,5,7,7,1,2,1,4,5,6,7,5,10,9,3,4,3,7,8,2,7,9,7,2,3,1,4,7,7,2,6,5,Pharmacy
3173,1,1,1,3,5,2,5,4,6,2,7,4,2,6,9,5,7,5,8,8,8,1,1,6,4,6,6,6,3,5,8,9,Journalism / Media
3174,5,3,9,9,8,5,2,5,5,3,6,5,7,7,6,6,5,5,7,6,7,6,4,3,1,3,7,9,6,5,8,5,Pharmacy
3175,6,4,1,4,8,7,4,10,3,4,9,7,5,8,10,9,6,8,5,9,8,7,7,5,5,5,7,2,8,8,9,8,Business / Management
3176,6,4,4,7,3,1,5,3,6,9,7,4,4,5,7,6,5,9,7,3,1,7,1,7,5,2,7,6,6,2,6,7,Psychology
3177,4,2,10,5,3,4,1,5,5,6,5,4,7,7,8,4,5,5,7,4,3,8,4,5,5,1,3,7,7,1,7,6,Pharmacy
3178,7,3,3,2,7,9,3,5,3,3,9,7,3,4,5,4,2,3,2,4,4,1,8,4,2,6,6,6,9,3,5,6,CA / Accounting
3179,5,5,4,6,7,3,2,4,4,4,8,2,6,8,10,4,6,6,8,6,9,2,3,7,5,4,7,8,4,3,8,7,Teaching / Professor
3180,3,4,2,1,5,4,6,7,9,8,10,5,1,7,9,7,9,8,7,9,4,4,5,6,8,7,4,7,6,4,7,8,Law
3181,9,2,3,3,4,7,5,5,2,2,6,10,5,6,3,6,6,2,2,1,6,1,10,5,6,6,2,8,9,2,5,6,CA / Accounting
3182,1,3,3,2,3,4,5,7,8,2,8,6,1,6,9,9,6,7,5,7,5,3,5,8,9,5,6,7,6,6,7,9,Law
3183,7,8,7,5,9,1,6,4,5,6,10,9,8,10,9,6,8,7,6,3,10,4,3,6,6,2,7,4,7,10,7,6,Engineering
3184,6,3,5,1,4,9,8,9,2,2,6,8,2,7,6,4,2,3,3,3,7,2,8,5,6,6,6,8,9,4,8,5,CA / Accounting
3185,5,5,9,7,3,5,5,4,3,5,6,6,7,9,7,5,9,8,6,1,7,10,5,4,1,6,4,5,7,5,7,6,Dentist
3186,7,3,3,1,7,6,8,8,6,4,10,8,2,10,6,7,4,5,5,4,10,3,8,6,1,2,5,7,6,7,9,5,Finance / Banking
3187,2,3,1,2,5,2,6,6,8,2,8,6,4,7,8,7,7,8,6,8,5,3,6,6,4,9,3,7,7,7,7,9,Law
3188,2,5,3,1,6,7,8,3,7,7,7,7,3,9,10,8,4,5,6,7,6,2,5,8,7,7,3,8,7,2,7,8,Civil Services
3189,6,8,3,10,4,5,1,2,3,2,8,1,7,7,8,5,7,5,6,4,8,8,4,3,4,3,4,7,7,4,6,8,Dentist
3190,5,3,8,10,4,1,3,5,1,4,6,5,10,7,6,3,5,4,5,4,5,8,2,2,6,1,4,10,6,3,6,2,Pharmacy
3191,6,3,2,3,6,7,9,5,2,6,7,10,4,8,4,5,6,3,4,4,5,1,9,3,2,5,6,3,7,1,8,5,CA / Accounting
3192,4,3,2,4,1,2,3,5,4,10,7,3,5,9,9,5,5,9,10,6,5,5,2,8,3,5,6,9,7,5,6,10,Psychology
3193,5,4,9,10,4,5,2,5,1,5,6,4,7,9,7,4,10,7,5,5,3,10,2,3,4,3,7,9,8,2,5,10,Dentist
3194,3,4,10,8,5,2,4,4,2,7,6,4,8,9,7,7,6,8,7,4,6,8,1,4,4,8,8,10,8,4,10,7,MBBS / Doctor
3195,8,5,3,4,9,3,6,5,4,3,9,9,7,8,8,6,7,5,6,3,9,3,6,5,3,5,5,9,6,6,7,6,Engineering
3196,4,4,4,3,3,3,2,4,7,10,5,4,8,7,7,6,8,7,7,6,5,6,3,6,4,6,6,9,7,4,10,7,Psychology
3197,5,2,2,3,2,4,3,2,5,7,7,3,6,6,9,5,6,10,6,7,1,6,1,8,5,5,8,9,4,4,8,7,Psychology
3198,8,6,8,10,7,1,2,4,1,5,9,6,10,8,7,2,7,6,8,3,4,8,4,3,5,2,5,9,6,1,6,6,Pharmacy
3199,4,3,7,7,9,4,5,5,6,6,7,6,8,7,7,8,7,7,7,6,4,10,3,4,4,5,8,10,10,7,9,7,MBBS / Doctor
3200,5,4,8,7,3,5,1,3,3,3,4,3,7,7,5,3,5,2,6,2,4,6,4,1,1,1,3,7,8,3,7,4,Pharmacy
3201,8,7,5,6,3,5,3,6,7,10,9,7,7,7,9,7,5,10,8,8,3,3,5,5,4,5,10,10,9,4,6,8,Teaching / Professor
3202,3,3,3,5,5,4,4,3,8,5,7,6,3,8,6,7,8,9,4,9,3,1,5,8,7,9,7,9,7,7,7,10,Law
3203,3,5,1,3,4,4,9,8,3,6,6,6,3,7,7,10,8,4,5,7,8,2,7,5,2,6,5,4,6,8,8,9,Business / Management
3204,3,7,9,7,5,2,3,4,4,1,5,5,6,7,7,7,6,6,8,3,4,8,4,2,4,3,5,6,7,5,8,6,Pharmacy
3205,6,5,3,2,6,1,2,5,8,6,7,4,6,7,7,7,6,9,6,8,3,1,5,6,3,7,7,7,7,6,10,7,Law
3206,6,4,8,9,6,3,4,5,3,7,7,4,9,7,7,3,7,7,5,5,5,9,4,5,3,2,4,6,8,5,7,9,Dentist
3207,9,3,3,3,8,9,6,7,5,5,9,8,4,5,4,8,6,7,5,3,7,5,8,4,6,4,3,7,6,7,3,4,Finance / Banking
3208,4,5,4,5,4,1,6,3,9,7,7,7,5,10,9,9,3,6,6,10,4,5,6,7,10,8,7,9,8,3,10,7,Civil Services
3209,9,3,2,4,4,9,6,5,5,5,7,7,4,7,8,5,5,6,4,3,6,3,10,4,3,3,5,4,4,7,8,8,Finance / Banking
3210,5,4,2,4,7,2,3,6,10,8,8,6,3,10,9,5,6,6,5,9,4,4,3,7,8,10,6,6,7,5,7,10,Law
3211,5,5,8,3,3,5,4,5,8,3,9,6,4,6,8,7,5,8,7,7,5,4,2,5,4,2,8,8,6,4,6,9,Teaching / Professor
3212,3,6,7,3,5,3,5,4,6,4,8,7,4,10,7,8,7,6,8,10,3,2,2,6,10,8,4,9,5,4,7,8,Civil Services
3213,8,10,3,5,6,2,5,4,3,5,8,6,8,10,7,4,8,6,5,5,9,6,7,2,8,3,7,9,6,7,7,7,Engineering
3214,5,2,3,6,7,1,6,8,10,6,10,5,7,7,9,6,8,6,3,6,2,1,6,7,6,10,3,7,10,7,8,9,Law
3215,5,4,2,2,4,9,9,7,4,3,7,8,4,7,6,5,6,3,7,3,6,5,7,4,5,2,4,4,7,9,3,6,Finance / Banking
3216,5,3,1,1,5,8,9,4,2,4,6,7,3,5,6,3,7,4,5,3,5,5,7,2,3,4,5,8,5,5,7,5,CA / Accounting
3217,4,4,1,4,4,4,6,3,8,5,6,5,4,8,6,9,4,8,5,8,4,3,5,7,10,6,5,9,6,3,8,10,Civil Services
3218,5,4,2,1,6,6,7,10,3,3,7,7,3,10,5,4,5,5,4,3,6,1,8,1,4,4,6,7,9,4,7,7,CA / Accounting
3219,4,3,7,9,2,1,3,4,2,7,6,8,8,9,8,7,6,8,7,4,6,10,5,2,2,2,4,9,5,5,7,9,Dentist
3220,6,1,3,4,2,6,6,6,4,1,6,6,1,7,3,10,1,2,4,5,3,1,7,6,1,5,4,8,8,2,7,5,CA / Accounting
3221,5,6,4,5,7,2,3,6,6,5,9,4,4,7,9,4,6,7,7,7,4,3,3,5,2,4,10,8,4,6,8,9,Teaching / Professor
3222,6,7,3,3,7,5,6,6,3,3,7,8,10,9,6,6,7,8,8,5,9,4,5,4,3,6,5,8,9,7,8,10,Engineering
3223,6,4,1,1,7,8,7,6,3,4,7,10,1,5,6,3,3,3,5,4,7,1,8,4,1,4,1,6,7,7,6,6,Finance / Banking
3224,5,4,1,3,5,10,7,6,4,2,5,5,5,7,6,5,4,2,4,1,2,1,7,5,7,6,1,10,6,1,8,4,CA / Accounting
3225,6,4,4,8,5,3,4,5,1,4,6,4,7,8,5,6,7,6,7,6,4,10,2,4,2,1,4,9,9,4,8,7,Dentist
3226,7,6,7,7,8,5,1,5,6,7,5,4,9,8,9,6,5,6,6,9,6,2,4,2,1,6,10,4,6,6,5,9,Teaching / Professor
3227,3,3,2,2,7,5,5,4,9,9,8,3,3,9,8,9,4,9,6,7,3,1,2,9,8,5,4,5,5,4,8,10,Civil Services
3228,3,2,1,2,4,2,5,8,8,4,6,7,3,7,8,7,7,5,4,7,2,3,4,8,7,5,4,6,5,5,5,9,Law
3229,6,6,8,10,6,1,2,1,2,8,5,3,8,7,10,6,6,7,4,4,4,8,1,5,4,1,6,10,9,1,7,6,MBBS / Doctor
3230,1,1,5,7,6,6,4,6,5,9,9,3,4,6,7,5,7,10,8,6,5,9,4,10,4,6,9,5,10,3,7,9,Psychology
3231,2,3,3,4,5,6,7,7,8,9,8,6,3,9,9,9,6,7,5,8,5,4,5,7,8,7,6,8,8,8,8,10,Law
3232,4,2,3,1,7,8,8,9,1,4,10,8,5,8,5,5,2,2,5,3,6,3,10,4,3,5,4,7,7,3,6,4,CA / Accounting
3233,5,7,2,1,6,3,6,5,10,6,10,8,4,8,9,8,8,7,7,9,6,4,6,6,5,8,8,7,8,7,6,8,Law
3234,1,1,3,2,1,1,6,2,6,5,6,5,2,8,9,7,4,7,6,7,3,3,6,8,9,6,4,9,7,6,8,9,Civil Services
3235,7,5,1,3,6,4,7,10,3,6,7,4,3,5,8,8,6,3,5,6,6,1,6,5,3,3,5,7,7,8,8,7,Business / Management
3236,4,4,9,8,4,2,2,6,4,4,5,7,7,7,7,3,8,7,5,2,4,7,1,1,2,2,6,7,9,4,9,7,Dentist
3237,4,2,6,4,5,4,4,5,7,6,7,4,3,7,9,10,5,7,6,7,4,3,5,8,5,7,5,9,5,7,7,10,Law
3238,3,1,4,5,4,3,3,4,8,5,5,4,2,6,6,5,7,8,10,7,2,1,2,3,6,8,4,7,6,1,5,6,Law
3239,6,2,1,3,4,3,3,5,5,4,7,4,3,6,8,7,6,6,5,8,4,6,4,6,5,7,1,7,8,6,7,9,Law
3240,3,4,4,4,7,3,4,6,7,6,7,3,6,7,10,6,7,9,6,10,7,2,3,8,6,9,5,5,7,5,8,10,Journalism / Media
3241,3,3,2,4,7,5,7,5,9,8,9,3,5,8,6,8,8,8,5,9,5,4,2,7,10,8,7,9,10,1,8,8,Civil Services
3242,5,6,7,10,5,1,6,2,3,5,8,4,10,9,7,5,5,9,7,5,4,10,2,3,3,3,9,9,8,6,9,9,MBBS / Doctor
3243,7,3,2,3,10,7,10,8,3,6,8,9,6,8,8,7,6,3,7,6,9,3,10,5,7,4,4,10,9,10,9,7,Finance / Banking
3244,7,2,6,4,7,7,8,7,5,5,10,10,5,9,9,8,5,6,6,5,8,4,10,6,5,6,6,6,7,6,6,10,Finance / Banking
3245,2,3,4,5,4,4,5,3,6,10,4,5,6,7,7,10,8,10,8,7,5,8,5,5,6,3,6,10,7,1,8,10,Psychology
3246,4,6,3,4,5,7,6,7,3,7,9,8,3,8,10,9,8,6,6,8,7,3,7,4,3,8,5,6,8,8,10,8,Business / Management
3247,3,4,3,4,5,7,7,6,4,3,6,10,4,9,8,6,5,3,6,2,7,3,7,6,1,2,4,8,5,8,8,6,Finance / Banking
3248,8,1,2,4,4,8,6,6,2,4,6,9,5,8,7,7,5,5,6,3,7,5,10,6,5,3,4,4,9,8,6,8,Finance / Banking
3249,5,7,7,6,5,1,5,3,7,7,6,5,6,9,8,7,7,10,6,6,3,4,3,6,6,7,8,8,4,4,7,7,Teaching / Professor
3250,4,3,2,3,6,3,4,5,8,7,7,4,3,7,8,4,10,6,4,10,5,1,5,8,6,6,5,6,6,6,7,6,Journalism / Media
3251,2,5,4,8,6,3,3,3,6,8,7,6,5,6,10,4,7,9,8,7,4,6,2,9,2,7,8,9,10,4,7,9,Psychology
3252,9,6,6,5,9,2,7,5,5,3,9,10,9,8,6,5,7,4,7,7,8,4,4,7,4,4,4,6,8,7,8,8,Engineering
3253,8,3,2,4,5,4,8,10,6,8,4,7,3,10,10,9,7,5,4,8,7,5,9,3,4,5,5,7,8,7,8,8,Business / Management
3254,6,3,2,3,5,6,7,2,8,4,7,4,3,9,4,9,7,5,6,7,2,4,6,9,7,9,5,7,10,4,7,8,Civil Services
3255,3,6,4,7,5,3,4,5,7,5,7,5,6,7,8,8,8,6,7,10,8,7,2,6,4,5,10,10,6,3,7,8,Teaching / Professor
3256,7,3,3,3,6,7,5,7,8,6,8,3,5,7,10,7,7,7,6,10,5,3,2,10,3,8,6,7,8,8,8,10,Journalism / Media
3257,6,5,6,7,4,5,5,4,4,5,8,5,7,8,7,6,7,9,7,8,6,3,4,6,6,6,9,10,5,4,8,8,Teaching / Professor
3258,5,6,6,6,4,5,4,4,5,5,7,5,5,9,10,8,9,7,8,8,3,5,3,6,4,5,10,5,8,7,5,7,Teaching / Professor
3259,2,6,8,7,5,3,3,5,1,5,5,4,7,8,7,5,8,10,2,5,5,9,2,6,1,4,6,10,7,4,8,7,Dentist
3260,1,3,4,3,6,5,6,5,10,6,7,5,3,8,6,8,7,5,7,8,2,2,5,10,6,10,4,7,4,5,6,7,Law
3261,3,2,2,4,6,2,4,5,7,5,4,4,4,6,9,7,9,9,2,10,6,1,3,9,3,5,3,5,6,7,7,8,Journalism / Media
3262,6,2,4,2,7,7,8,5,2,4,10,9,3,9,6,5,5,5,3,4,4,1,8,4,1,4,5,8,9,6,10,5,Finance / Banking
3263,10,8,7,4,7,3,7,5,4,3,9,7,9,8,6,10,8,5,8,3,10,6,6,1,4,3,7,9,8,6,10,6,Engineering
3264,6,2,4,2,6,9,8,8,4,3,10,8,6,9,6,7,5,4,6,6,8,1,7,4,3,4,4,8,8,8,7,6,Finance / Banking
3265,3,1,1,2,7,2,6,6,7,7,10,4,3,8,7,8,7,7,3,9,7,2,4,9,5,6,6,7,8,6,8,9,Law
3266,6,5,8,10,4,3,4,5,6,5,5,7,7,10,6,6,6,6,5,3,7,9,3,5,5,3,8,7,6,7,9,5,MBBS / Doctor
3267,6,3,6,3,6,7,8,9,5,7,7,7,3,9,9,10,5,6,3,9,7,5,6,6,4,9,7,8,10,9,9,8,Business / Management
3268,3,3,2,7,3,2,1,2,5,8,4,2,7,6,8,6,7,9,5,7,2,6,3,8,4,1,8,8,4,2,6,9,Psychology
3269,3,3,4,4,5,4,3,6,7,6,8,4,7,4,10,7,9,8,3,9,5,1,4,8,6,9,5,4,6,5,8,8,Journalism / Media
3270,6,1,7,1,6,5,7,5,1,5,10,8,1,5,5,6,4,7,4,5,6,1,8,3,3,3,3,9,7,7,6,4,Finance / Banking
3271,7,3,5,2,5,5,9,9,2,5,9,8,2,8,8,8,6,6,2,5,8,1,9,3,2,5,7,5,7,4,7,5,Finance / Banking
3272,4,3,5,2,6,3,9,3,8,3,10,4,8,9,6,8,6,5,9,8,7,1,5,10,8,9,7,8,8,4,9,8,Civil Services
3273,5,2,3,6,6,5,4,2,9,10,8,6,5,5,8,6,7,8,10,8,3,10,1,6,6,5,5,8,5,1,9,8,Psychology
3274,2,1,2,3,7,7,4,5,9,7,7,3,2,7,7,6,10,10,10,10,7,1,1,8,4,6,4,6,6,8,9,10,Journalism / Media
3275,2,2,4,3,5,3,2,4,10,6,7,5,6,7,8,8,6,10,6,10,6,4,6,6,4,10,4,10,5,5,8,8,Law
3276,7,4,4,5,7,2,6,8,3,7,9,6,5,8,8,10,5,7,4,6,6,6,5,5,6,3,4,6,8,8,7,9,Business / Management
3277,4,6,9,9,6,4,3,1,4,9,8,6,10,8,8,6,7,8,6,7,6,10,4,5,4,2,5,10,9,3,9,9,MBBS / Doctor
3278,2,3,3,4,4,4,4,5,9,4,8,3,4,8,10,9,7,4,5,7,7,3,6,10,7,10,7,5,5,6,9,8,Law
3279,3,2,3,4,5,1,4,4,7,3,7,4,3,5,9,6,8,7,5,7,5,1,2,8,6,6,6,6,8,7,6,6,Journalism / Media
3280,4,1,3,6,5,1,5,5,8,3,4,1,4,7,7,5,8,9,6,7,7,4,2,6,5,5,4,5,6,7,9,10,Journalism / Media
3281,3,3,3,4,7,1,6,9,5,8,7,2,3,9,10,9,9,9,6,9,9,7,3,8,5,6,7,3,7,9,6,10,Journalism / Media
3282,8,3,4,4,3,5,5,4,6,10,9,4,5,8,7,5,9,10,9,6,6,6,2,6,1,5,7,9,6,3,8,10,Psychology
3283,5,4,2,1,4,5,6,5,10,4,8,8,3,10,6,10,9,8,9,8,2,3,2,10,10,6,5,6,10,4,8,8,Civil Services
3284,6,5,6,7,6,4,8,5,8,6,9,8,8,9,10,6,6,10,7,9,8,4,3,5,6,6,10,10,9,6,9,7,Teaching / Professor
3285,1,2,1,6,7,3,2,4,2,8,6,4,6,8,6,3,7,6,7,3,3,5,2,7,4,5,9,8,3,5,7,8,Psychology
3286,2,3,9,7,6,3,3,4,1,6,7,4,10,7,6,4,3,5,5,4,5,9,2,2,4,1,5,9,6,5,7,8,Pharmacy
3287,4,3,2,1,8,7,7,8,3,1,9,6,1,8,4,5,2,3,6,1,6,1,10,2,5,5,4,7,5,6,4,5,CA / Accounting
3288,5,4,1,1,4,3,6,2,8,5,8,6,2,8,9,8,10,7,4,9,8,2,2,8,6,9,7,4,7,7,9,8,Journalism / Media
3289,3,3,4,3,6,2,6,6,9,8,8,5,6,7,8,8,7,9,6,8,5,3,5,10,7,7,7,7,7,6,6,9,Civil Services
3290,6,1,7,9,4,1,3,2,4,5,10,2,4,5,8,3,6,6,6,4,6,8,2,3,3,2,6,8,6,4,7,8,Dentist
3291,2,3,3,1,5,1,5,4,6,1,9,4,4,4,8,6,9,8,6,8,5,1,3,6,3,8,6,8,5,6,9,10,Journalism / Media
3292,3,3,4,2,3,3,3,5,8,5,10,4,4,5,9,5,8,4,3,8,7,3,4,6,6,8,5,5,7,6,7,8,Journalism / Media
3293,7,5,6,5,7,3,5,4,4,5,7,6,9,10,10,10,7,9,9,9,5,4,3,5,6,3,10,9,5,4,8,10,Teaching / Professor
3294,8,3,3,3,6,5,7,4,7,5,7,8,4,6,6,9,6,9,6,8,6,3,4,9,10,8,7,7,6,5,6,8,Civil Services
3295,3,3,3,4,6,1,6,5,5,5,5,7,3,6,10,4,9,6,7,9,5,2,5,10,3,8,6,4,8,7,9,10,Journalism / Media
3296,3,3,3,5,5,3,5,4,10,4,9,4,2,6,7,6,9,8,10,9,6,3,6,9,5,6,7,6,6,7,8,8,Journalism / Media
3297,4,1,3,4,3,1,5,6,7,5,7,2,5,6,9,8,9,9,6,6,7,1,3,9,5,5,4,8,5,6,5,9,Journalism / Media
3298,5,8,10,9,6,3,4,6,3,2,8,4,8,7,6,6,7,6,9,4,4,10,2,2,3,3,5,10,7,2,8,8,Pharmacy
3299,5,2,3,6,4,3,4,4,4,9,6,5,7,6,9,6,7,10,8,7,1,3,1,10,6,5,5,9,5,1,7,9,Psychology
3300,4,4,5,6,3,3,3,5,2,10,8,3,8,7,8,10,8,8,9,9,6,8,3,9,6,4,9,10,5,4,9,10,Psychology
3301,3,3,5,4,8,2,4,5,8,8,5,5,2,8,9,7,9,9,4,9,4,3,3,6,4,4,3,7,8,6,7,10,Journalism / Media
3302,9,6,5,5,10,8,10,9,4,5,10,9,2,10,8,6,4,6,8,4,9,6,10,5,5,5,5,7,8,8,6,8,Finance / Banking
3303,1,5,6,9,7,2,2,2,7,5,7,8,9,5,7,5,3,7,2,6,5,8,1,7,4,5,6,10,9,5,7,10,MBBS / Doctor
3304,7,3,3,8,4,2,3,5,5,7,6,6,5,7,10,6,6,10,8,8,4,8,5,9,7,4,3,5,6,2,8,8,Psychology
3305,4,6,7,7,2,1,8,3,3,3,6,5,9,6,7,3,4,5,8,4,7,9,3,2,2,1,4,9,8,5,5,6,Pharmacy
3306,7,2,4,1,7,9,7,6,3,3,10,6,2,5,4,5,6,4,2,3,7,1,9,4,3,3,4,10,6,3,7,9,CA / Accounting
3307,3,2,2,4,1,1,3,2,3,9,3,1,4,7,8,4,6,10,8,5,2,4,1,7,2,1,7,6,8,1,5,7,Psychology
3308,2,4,1,1,5,1,4,1,8,3,9,5,2,10,6,5,5,6,6,10,4,1,4,8,4,8,7,6,5,7,7,9,Law
3309,1,7,7,8,8,3,3,5,5,7,6,6,10,7,5,8,6,9,7,7,5,9,1,7,4,4,7,9,9,7,9,6,MBBS / Doctor
3310,7,5,7,10,4,5,7,4,6,4,8,8,10,9,10,9,7,8,4,7,6,10,4,6,5,3,5,9,7,5,7,8,MBBS / Doctor
3311,5,3,1,1,2,1,7,2,7,5,7,2,6,9,8,8,3,6,5,9,1,1,3,6,10,5,7,4,8,5,5,4,Civil Services
3312,3,6,7,9,4,5,4,4,4,6,7,4,8,7,8,7,7,6,6,5,3,10,2,2,1,4,2,7,9,5,9,8,Dentist
3313,6,3,2,2,5,8,8,6,6,4,8,8,3,8,6,5,5,6,2,3,5,1,9,2,5,4,4,7,6,3,8,4,CA / Accounting
3314,2,2,3,1,4,5,5,7,8,4,5,2,2,8,9,6,9,6,7,6,4,1,4,10,2,6,4,6,7,9,7,9,Journalism / Media
3315,7,8,5,2,8,3,5,6,3,5,5,7,6,10,5,6,4,4,5,8,7,3,4,2,3,4,5,3,6,8,8,7,Engineering
3316,7,3,6,9,6,3,4,5,4,2,10,8,8,10,7,6,8,8,5,4,5,9,1,4,3,2,7,9,10,6,9,10,Dentist
3317,6,4,2,3,4,9,7,6,3,4,5,8,3,5,3,6,3,1,3,4,6,1,10,5,2,4,1,10,7,7,6,5,CA / Accounting
3318,6,4,5,1,5,5,8,8,2,3,7,5,3,6,8,10,8,8,4,8,9,3,7,5,5,6,6,6,5,8,8,9,Business / Management
3319,6,4,6,9,4,4,3,2,2,5,4,6,7,8,8,6,5,7,8,4,10,9,2,4,4,3,5,8,6,4,9,6,Pharmacy
3320,7,2,1,5,5,10,7,9,4,3,9,8,3,4,7,6,5,6,4,4,4,3,10,6,5,6,6,10,8,6,8,8,CA / Accounting
3321,2,6,9,8,2,1,4,6,4,7,3,3,6,9,6,5,7,5,10,6,3,9,4,2,1,3,5,9,9,4,7,9,Pharmacy
3322,9,2,3,3,5,4,7,5,5,3,7,8,5,9,5,5,5,7,2,3,10,4,7,9,5,4,6,5,6,7,8,7,Finance / Banking
3323,4,2,3,2,5,8,6,8,2,2,4,7,1,5,4,4,2,5,1,4,6,2,9,5,4,4,6,8,5,5,7,6,CA / Accounting
3324,7,3,8,7,8,3,1,2,4,6,7,5,7,9,6,6,4,6,5,4,6,6,3,4,4,3,5,10,7,5,8,7,MBBS / Doctor
3325,4,3,5,6,2,6,5,1,6,3,5,6,4,5,9,6,6,7,10,9,3,5,2,6,3,4,9,8,9,2,7,5,Teaching / Professor
3326,8,8,6,6,5,4,7,3,4,4,7,8,9,10,6,9,7,8,7,5,9,8,5,4,6,4,4,9,7,7,7,7,Engineering
3327,4,1,1,1,6,8,5,9,3,3,7,7,1,5,5,3,5,2,5,2,6,1,8,2,4,2,6,8,6,1,6,7,CA / Accounting
3328,7,4,6,6,8,1,4,7,6,7,6,4,8,7,10,7,8,9,8,9,8,4,2,8,7,4,10,7,7,2,5,8,Teaching / Professor
3329,2,3,4,1,4,3,9,10,3,6,7,5,2,10,5,9,6,7,5,5,5,1,7,5,3,4,7,7,9,4,9,8,Business / Management
3330,5,2,8,9,5,1,3,2,1,6,7,4,8,7,4,1,5,7,6,3,6,10,3,2,3,2,4,8,7,4,6,7,Pharmacy
3331,5,4,8,9,5,1,3,3,4,7,7,2,8,8,6,5,6,7,7,5,1,8,1,5,4,1,6,9,8,5,5,7,MBBS / Doctor
3332,5,4,5,9,3,3,3,5,1,4,8,3,8,8,7,5,7,9,2,3,6,8,3,2,1,1,6,6,8,3,6,9,Dentist
3333,6,4,7,8,3,3,5,4,3,4,7,3,5,6,8,5,8,7,6,5,6,10,3,3,3,2,6,7,7,4,8,8,Dentist
3334,5,4,4,6,6,4,8,6,6,6,9,7,7,8,7,8,6,8,9,10,3,6,5,5,4,6,9,7,5,5,6,8,Teaching / Professor
3335,8,6,7,6,6,3,3,5,6,8,5,5,4,8,10,8,10,9,7,10,9,5,2,6,5,5,10,9,8,5,6,8,Teaching / Professor
3336,8,8,4,5,10,4,4,4,2,5,9,7,10,10,4,4,6,8,8,8,9,4,3,5,4,4,8,7,9,5,10,6,Engineering
3337,5,2,1,2,6,7,5,8,4,4,5,6,2,6,7,9,5,5,2,5,7,2,9,4,5,6,4,3,7,7,7,8,Business / Management
3338,8,2,4,3,4,10,8,7,6,3,7,5,4,9,7,6,4,2,5,3,4,4,9,4,1,5,4,10,7,1,6,6,CA / Accounting
3339,8,4,4,4,8,9,9,5,4,7,10,10,3,8,8,7,7,3,4,3,8,2,9,4,3,5,6,9,10,6,6,8,Finance / Banking
3340,5,1,2,5,5,5,5,3,6,10,6,6,4,9,9,5,6,8,9,7,2,7,2,6,6,5,7,10,6,2,8,10,Psychology
3341,4,1,2,3,5,5,6,3,8,4,7,3,2,6,7,9,8,5,6,6,6,3,5,10,5,10,3,7,7,6,6,10,Journalism / Media
3342,4,4,4,2,6,6,7,6,4,5,8,10,5,6,8,9,9,8,7,8,7,5,7,5,4,2,7,7,4,9,8,10,Business / Management
3343,5,6,7,8,7,3,3,5,6,6,7,4,10,8,7,6,7,7,7,5,7,9,3,4,2,2,5,8,6,5,7,4,Pharmacy
3344,1,2,1,8,4,4,5,2,6,9,4,5,5,9,6,8,6,10,6,10,4,5,2,5,4,2,7,6,8,5,7,9,Psychology
3345,8,1,7,8,3,2,1,4,4,1,5,4,10,7,4,4,2,7,8,3,5,7,1,2,4,2,5,9,7,2,7,5,Pharmacy
3346,4,4,1,1,6,9,9,7,4,2,8,10,1,7,5,6,5,3,7,1,1,1,10,3,3,1,3,7,6,3,7,4,CA / Accounting
3347,3,2,5,2,4,2,2,4,7,7,7,6,3,4,9,6,10,8,4,8,7,2,2,10,6,9,3,6,4,8,8,8,Journalism / Media
3348,8,5,3,4,4,5,4,10,5,6,6,6,6,7,9,8,6,8,7,7,7,3,7,5,5,9,5,8,9,6,9,9,Business / Management
3349,5,6,5,6,7,2,5,4,5,8,5,4,7,5,10,5,10,9,6,9,4,3,3,4,4,5,9,7,6,4,9,10,Teaching / Professor
3350,3,2,6,7,2,1,4,5,2,5,9,4,4,10,5,4,7,5,6,4,4,8,3,5,1,2,3,7,7,3,8,9,Dentist
3351,2,3,4,8,3,4,6,2,6,8,6,6,4,7,7,9,7,9,8,5,3,7,4,7,4,4,8,7,5,1,6,9,Psychology
3352,1,6,2,3,5,1,8,5,8,8,6,5,6,8,8,9,6,10,6,7,6,4,4,10,9,7,9,8,8,8,10,8,Civil Services
3353,5,5,7,8,4,2,4,5,5,7,7,4,7,7,6,6,9,10,6,4,8,10,3,2,3,1,5,6,7,4,7,8,Dentist
3354,4,2,3,5,5,3,6,4,5,5,6,1,5,5,10,8,9,6,5,5,6,1,1,9,5,6,4,6,5,5,5,7,Journalism / Media
3355,8,6,5,5,8,3,4,4,7,5,7,7,5,7,8,6,10,5,7,6,5,4,4,7,6,3,7,7,6,7,7,8,Engineering
3356,6,4,3,2,9,3,6,9,4,4,4,5,3,10,10,9,6,7,3,6,6,2,7,3,3,7,5,6,4,9,8,10,Business / Management
3357,6,8,5,4,6,5,8,10,3,6,8,8,5,9,7,8,9,8,6,7,8,6,9,6,3,5,6,7,9,9,9,9,Business / Management
3358,5,3,1,2,8,3,4,6,9,6,8,7,3,5,9,6,10,7,4,9,6,2,3,7,5,6,7,4,7,7,9,10,Journalism / Media
3359,5,8,5,1,5,1,4,3,3,8,7,7,5,6,9,4,10,9,7,7,5,1,3,8,2,4,7,10,7,2,7,8,Teaching / Professor
3360,6,7,6,5,6,2,3,6,5,5,9,7,6,8,8,7,7,7,8,6,5,1,3,6,2,6,6,8,6,4,8,6,Teaching / Professor
3361,6,8,7,5,4,4,5,4,6,7,10,8,6,8,10,8,10,8,7,9,5,4,3,8,7,4,8,8,7,6,6,9,Teaching / Professor
3362,7,4,3,1,7,9,6,6,1,2,10,7,4,7,8,6,3,5,4,5,7,1,10,4,4,5,3,9,7,3,5,4,CA / Accounting
3363,3,3,3,4,4,2,5,7,8,4,7,5,5,10,6,8,6,4,7,10,3,4,3,7,8,7,5,8,9,3,8,9,Civil Services
3364,5,5,6,6,5,4,4,6,1,4,9,3,8,6,6,4,6,7,6,6,4,8,3,5,4,3,5,8,8,2,7,5,Dentist
3365,4,4,3,3,4,1,9,7,9,2,9,5,5,9,7,9,9,7,8,6,6,1,4,6,10,7,6,10,7,6,10,7,Civil Services
3366,7,7,6,7,8,4,4,4,4,3,8,9,6,8,7,5,9,5,6,2,8,4,6,5,5,2,5,9,6,8,8,6,Engineering
3367,6,1,2,2,3,8,9,8,2,5,9,10,5,9,7,5,7,3,7,6,7,1,9,3,2,3,5,7,7,4,7,9,Finance / Banking
3368,6,6,8,9,3,3,1,2,1,2,7,3,7,7,3,2,5,6,9,5,3,8,5,4,1,3,3,7,7,4,6,3,Pharmacy
3369,4,3,1,5,5,4,5,5,4,8,6,4,4,8,7,7,8,8,4,9,3,6,1,7,3,5,4,6,6,1,8,8,Psychology
3370,7,4,4,2,6,9,7,7,1,1,8,6,1,6,7,5,2,1,3,3,3,1,6,2,6,2,3,8,9,6,7,4,CA / Accounting
3371,8,4,3,6,4,4,6,4,5,8,6,4,8,8,9,5,8,9,5,10,4,3,3,3,3,4,9,8,8,4,9,8,Teaching / Professor
3372,4,3,5,1,6,3,7,8,2,7,3,6,5,10,5,8,9,7,6,10,6,3,6,2,4,2,4,4,8,7,6,9,Business / Management
3373,7,8,7,5,10,2,5,1,3,6,9,7,9,8,5,5,5,6,7,6,8,3,1,5,4,2,5,6,9,5,7,4,Engineering
3374,6,3,3,3,1,8,7,9,4,5,10,8,5,8,4,3,3,4,3,3,8,1,10,4,5,4,4,8,7,5,8,9,CA / Accounting
3375,7,3,1,1,3,8,10,7,1,2,6,5,1,7,5,5,5,2,4,2,6,1,9,3,4,3,5,7,7,5,5,6,CA / Accounting
3376,5,2,2,6,4,5,7,8,5,6,5,6,3,10,8,7,8,4,4,6,5,1,10,5,3,4,5,5,6,8,8,7,Business / Management
3377,6,4,7,2,5,4,6,6,9,9,10,2,6,8,10,10,5,7,5,9,3,3,3,10,10,9,6,7,8,6,8,7,Civil Services
3378,7,3,2,2,7,7,8,9,1,4,7,8,4,6,5,7,4,3,6,5,7,2,9,3,4,2,3,7,10,6,5,5,Finance / Banking
3379,5,1,1,1,6,7,10,5,1,2,7,10,2,4,7,4,2,3,5,4,2,3,7,4,4,5,3,9,6,5,4,7,CA / Accounting
3380,4,3,3,1,5,10,6,5,3,3,6,8,1,6,6,3,3,4,3,5,5,1,10,3,3,3,3,8,5,5,9,5,CA / Accounting
3381,5,6,8,9,3,3,4,6,6,6,10,4,10,9,8,6,9,7,4,3,8,10,5,4,5,3,6,9,10,4,9,10,Dentist
3382,9,8,6,5,8,5,5,6,3,5,7,9,10,9,6,5,7,3,5,6,10,8,3,7,5,4,6,7,7,6,5,4,Engineering
3383,5,2,2,4,5,6,5,7,7,3,7,8,4,9,8,8,7,2,4,7,7,6,7,5,5,5,4,5,7,8,8,9,Business / Management
3384,5,4,3,1,4,1,9,3,8,6,10,6,5,6,10,10,7,9,4,10,3,3,6,10,10,10,7,9,9,8,6,9,Civil Services
3385,4,3,9,8,3,4,2,6,4,4,4,3,9,6,4,5,5,4,7,3,6,8,3,5,1,5,2,5,6,2,9,4,Pharmacy
3386,5,1,6,4,4,2,7,5,10,4,9,5,1,8,5,8,7,6,5,7,3,5,4,5,10,6,6,8,8,4,9,6,Civil Services
3387,4,7,6,10,6,3,4,4,2,8,4,5,8,7,6,7,6,8,6,7,5,9,2,8,3,4,4,7,7,4,7,8,MBBS / Doctor
3388,5,4,5,6,7,5,2,4,5,5,6,7,7,7,8,4,7,7,6,6,8,2,4,6,6,2,10,10,5,4,6,7,Teaching / Professor
3389,6,1,3,2,7,10,7,7,1,1,9,8,4,9,3,6,3,3,2,5,6,1,8,5,3,4,3,7,8,4,5,4,CA / Accounting
3390,4,8,7,8,8,2,5,3,9,5,5,5,6,6,9,8,6,10,8,10,6,6,2,7,4,6,10,10,8,5,8,8,Teaching / Professor
3391,6,6,2,3,2,1,7,6,8,6,8,1,1,7,8,8,10,8,8,7,5,1,4,6,3,8,4,6,8,7,6,7,Journalism / Media
3392,9,5,6,9,6,3,5,2,3,5,6,5,7,9,8,5,4,7,6,5,7,10,1,6,6,5,7,9,6,4,6,10,MBBS / Doctor
3393,2,5,3,3,5,5,5,7,8,5,7,3,1,10,10,7,7,6,7,10,5,1,4,7,1,10,1,10,5,5,9,7,Law
3394,5,3,3,3,6,2,7,5,9,6,9,6,4,8,8,6,7,5,7,7,3,3,6,10,7,10,6,9,7,3,8,5,Civil Services
3395,5,1,3,3,5,4,4,4,10,7,8,2,2,6,7,6,5,6,4,7,3,4,5,8,6,9,5,9,8,5,5,9,Law
3396,5,3,1,2,5,4,6,4,9,9,9,5,2,9,6,7,5,5,7,5,2,1,1,8,5,10,5,7,6,7,8,10,Law
3397,2,5,3,6,5,1,5,4,10,5,9,5,3,3,8,7,8,10,7,9,5,2,5,6,8,7,4,9,9,3,7,9,Civil Services
3398,3,6,5,6,5,3,3,4,7,6,6,8,8,6,8,7,8,9,7,7,6,3,4,7,7,7,10,8,5,5,8,7,Teaching / Professor
3399,9,6,4,7,8,4,6,6,2,5,6,10,5,7,5,4,10,9,6,3,6,4,4,4,5,5,6,7,6,8,8,8,Engineering
3400,8,2,3,4,8,10,6,9,4,5,10,8,4,9,6,7,4,7,7,4,9,3,8,6,6,3,1,7,7,8,7,6,Finance / Banking
3401,8,4,3,2,4,9,5,8,2,3,7,7,2,7,4,4,3,3,1,2,2,1,8,4,4,4,3,10,6,2,8,4,CA / Accounting
3402,3,1,2,3,4,4,4,6,4,5,7,2,4,8,9,6,8,6,7,8,5,3,5,8,4,7,4,9,7,3,6,7,Law
3403,6,4,6,10,3,5,4,3,4,8,4,6,10,8,7,7,7,7,6,5,6,10,1,5,3,3,5,7,10,5,8,7,MBBS / Doctor
3404,4,5,4,2,7,4,8,10,5,7,9,8,5,10,9,7,7,6,5,8,6,6,7,5,3,4,5,6,8,10,9,9,Business / Management
3405,7,1,1,2,5,9,6,7,3,6,8,8,4,6,5,4,4,6,4,1,5,2,10,3,5,6,4,9,7,4,6,7,CA / Accounting
3406,10,7,5,6,10,3,5,5,4,5,10,8,8,6,6,8,8,1,8,8,6,6,1,6,4,1,6,9,8,8,7,4,Engineering
3407,7,6,4,4,8,5,5,4,6,6,8,6,6,7,6,5,10,3,5,5,9,1,1,4,6,7,4,7,6,7,9,8,Engineering
3408,5,6,2,5,5,6,9,10,3,5,9,8,5,5,10,10,9,7,6,10,8,3,8,6,5,3,6,8,10,10,9,9,Business / Management
3409,1,2,2,2,6,2,4,3,7,5,7,1,2,4,7,5,9,7,6,7,5,1,3,6,5,10,6,5,5,4,9,7,Journalism / Media
3410,4,1,1,5,5,2,5,4,6,10,6,5,5,7,10,5,5,8,5,3,6,6,2,8,5,3,6,6,4,1,10,7,Psychology
3411,2,2,2,5,4,4,3,1,4,10,8,6,6,7,6,7,8,8,5,8,5,6,3,7,4,1,8,7,6,2,7,9,Psychology
3412,4,1,4,6,4,3,3,3,7,9,9,5,7,5,8,7,9,9,6,8,3,4,3,8,6,6,7,6,6,4,8,8,Psychology
3413,5,4,3,2,7,3,7,4,10,6,10,4,5,7,6,7,5,9,5,7,6,5,5,10,8,8,2,10,8,6,10,7,Civil Services
3414,4,4,1,3,5,5,10,9,2,4,7,6,7,9,9,8,9,5,6,6,5,4,9,4,6,2,3,6,7,7,9,8,Business / Management
3415,5,4,5,6,5,3,5,6,5,5,7,7,3,7,10,7,8,8,8,9,4,2,4,6,7,3,10,7,7,4,7,8,Teaching / Professor
3416,5,7,6,5,10,3,4,2,5,3,9,10,5,9,8,8,4,4,5,6,9,1,4,6,4,4,5,6,7,7,8,7,Engineering
3417,7,2,1,5,5,9,8,8,4,8,6,10,4,5,6,4,4,5,4,1,7,1,8,5,2,5,3,5,6,3,4,6,CA / Accounting
3418,4,3,2,5,6,5,4,5,8,6,10,5,3,9,6,4,5,6,7,10,7,4,3,8,8,8,5,8,9,2,8,7,Law
3419,9,3,1,1,5,7,9,6,3,3,8,10,6,9,6,5,5,3,6,5,8,1,10,4,3,5,4,7,8,5,8,7,Finance / Banking
3420,5,3,8,5,5,3,3,4,1,1,6,4,9,7,5,3,8,7,6,5,5,6,5,3,2,2,4,7,8,6,6,3,Pharmacy
3421,3,4,2,4,4,4,6,5,10,7,5,1,1,8,9,6,6,6,8,9,4,1,2,5,7,9,6,9,7,4,6,8,Law
3422,8,5,5,4,8,10,8,8,5,5,9,8,6,7,8,6,4,2,5,3,6,3,7,6,8,4,6,5,8,7,10,6,Finance / Banking
3423,5,4,9,7,4,4,1,4,3,3,6,6,7,8,6,1,3,6,9,3,5,7,4,2,3,1,2,6,5,2,9,5,Pharmacy
3424,5,4,2,5,7,1,4,8,8,9,8,4,4,9,9,9,10,10,5,10,7,2,6,8,5,8,5,7,6,7,8,5,Journalism / Media
3425,5,3,6,8,4,2,4,7,2,4,7,6,6,10,7,5,8,4,7,8,8,10,5,4,3,1,4,7,9,4,7,8,Dentist
3426,7,3,2,2,5,8,6,6,6,4,9,8,4,7,2,6,3,4,6,7,5,1,9,4,4,5,3,6,7,5,6,6,Finance / Banking
3427,1,2,2,4,7,3,4,3,4,5,4,6,3,6,9,7,10,6,7,7,3,2,4,7,5,5,6,4,9,7,7,8,Journalism / Media
3428,4,4,8,9,5,1,2,6,2,6,6,7,9,7,7,4,7,5,9,2,6,8,3,4,1,2,6,8,6,6,6,7,Pharmacy
3429,4,1,5,5,4,1,3,1,3,9,7,4,5,6,9,6,10,9,7,8,3,4,1,8,5,4,6,7,7,1,8,8,Psychology
3430,3,4,9,9,3,1,2,4,2,5,5,4,6,8,7,8,5,6,8,5,5,8,2,3,3,2,6,10,8,4,5,6,MBBS / Doctor
3431,4,5,9,7,3,4,3,1,6,5,8,4,7,7,8,3,5,5,7,6,6,9,4,3,6,2,6,10,6,2,7,6,Pharmacy
3432,5,4,5,1,6,2,5,4,8,5,9,6,5,9,7,8,8,7,9,6,8,3,3,8,8,7,6,10,9,7,6,9,Civil Services
3433,5,7,5,6,7,5,3,6,7,6,6,6,7,7,10,6,8,8,9,6,2,2,3,9,5,7,10,6,7,3,6,8,Teaching / Professor
3434,6,6,8,1,8,1,4,3,2,4,4,7,6,6,7,4,6,3,6,6,10,4,5,6,4,6,5,6,7,3,7,3,Engineering
3435,4,3,2,5,4,6,4,6,8,6,9,6,3,7,8,8,5,5,9,5,6,4,6,7,7,10,6,6,7,6,10,6,Law
3436,2,4,2,4,5,5,6,4,7,5,10,2,3,9,7,9,5,5,7,8,5,4,4,4,8,10,2,7,7,5,7,8,Law
3437,3,4,1,4,2,2,3,6,4,10,6,5,6,6,7,7,4,9,5,7,1,3,2,7,4,3,4,3,5,6,5,10,Psychology
3438,6,2,1,1,4,8,5,7,4,5,7,6,2,5,6,7,3,4,1,3,8,2,8,2,4,5,3,8,4,5,5,7,CA / Accounting
3439,2,4,7,7,6,2,1,5,3,4,8,2,7,8,7,7,10,10,4,3,4,9,1,4,1,1,5,8,5,4,10,10,Dentist
3440,8,7,6,6,6,4,5,4,6,5,9,6,7,7,10,6,7,9,7,9,5,4,4,8,6,6,10,10,9,5,7,9,Teaching / Professor
3441,1,4,3,6,2,2,3,3,2,10,8,5,6,8,10,3,10,10,9,5,2,6,2,7,4,4,7,9,7,4,10,9,Psychology
3442,8,4,3,3,9,9,9,7,4,6,9,8,1,7,8,5,7,5,7,5,4,2,8,3,5,3,2,6,9,6,6,6,Finance / Banking
3443,5,5,3,5,8,8,8,9,3,6,5,5,8,7,5,10,7,7,3,7,9,1,7,6,3,6,5,7,10,10,9,9,Business / Management
3444,7,4,3,6,6,5,6,2,4,2,7,4,9,6,8,5,7,9,4,9,2,3,1,4,2,5,8,9,7,3,8,8,Teaching / Professor
3445,7,1,1,1,7,7,6,8,3,5,7,5,5,7,8,5,5,2,3,6,8,3,9,4,5,5,4,6,8,5,6,4,Finance / Banking
3446,2,4,6,7,3,2,4,6,3,4,5,5,10,5,8,5,4,5,5,4,3,8,2,4,2,3,4,7,7,1,6,4,Pharmacy
3447,8,6,6,7,6,5,6,5,7,7,8,4,8,9,9,8,7,7,7,8,6,2,1,4,4,7,7,10,5,3,8,8,Teaching / Professor
3448,6,4,9,7,7,3,1,5,1,2,9,7,8,8,6,4,4,4,9,3,3,8,3,7,2,3,5,8,6,4,6,7,Pharmacy
3449,8,6,7,10,4,6,1,4,2,5,8,6,8,10,10,7,3,10,6,7,7,9,5,5,6,5,8,10,7,3,8,10,MBBS / Doctor
3450,3,4,2,3,4,3,8,9,9,4,9,7,4,6,8,5,6,6,5,9,6,1,6,9,7,10,6,9,5,7,9,9,Law
3451,4,5,9,9,6,4,1,4,3,8,8,6,9,8,9,6,7,6,8,5,6,7,3,5,4,1,7,9,5,3,8,9,MBBS / Doctor
3452,2,4,2,3,8,6,7,8,5,4,7,5,3,9,4,8,9,7,5,6,7,3,9,6,5,5,3,4,7,9,7,9,Business / Management
3453,6,1,4,3,3,6,7,5,4,4,8,10,2,7,6,7,6,3,7,3,8,3,10,4,4,5,5,8,8,7,9,6,Finance / Banking
3454,9,3,5,2,7,9,8,6,4,4,8,6,4,8,6,8,4,5,5,3,6,1,6,3,2,3,3,10,6,5,4,6,CA / Accounting
3455,5,2,3,5,4,3,4,3,8,4,7,4,2,7,10,5,10,10,6,9,7,2,4,9,5,8,5,9,7,7,7,8,Journalism / Media
3456,9,4,1,3,7,7,10,4,1,5,6,8,1,8,6,5,3,4,5,3,6,1,9,4,5,3,5,4,7,6,10,5,Finance / Banking
3457,10,1,2,3,4,8,10,5,4,4,9,10,3,9,7,6,5,5,5,5,7,1,10,6,6,5,3,5,9,5,6,10,Finance / Banking
3458,6,4,5,4,4,5,7,4,9,6,7,4,7,6,7,9,7,8,7,8,6,7,4,8,9,7,4,10,9,3,10,6,Civil Services
3459,5,4,6,9,4,5,5,3,2,6,7,5,10,6,8,7,6,6,7,6,7,10,5,2,5,8,8,7,9,3,8,10,MBBS / Doctor
3460,4,6,5,9,7,5,4,5,7,3,9,6,5,7,8,7,7,10,10,9,7,6,3,6,6,5,10,8,5,2,10,9,Teaching / Professor
3461,9,7,7,3,10,2,4,3,3,4,5,8,7,10,7,5,7,5,9,4,8,2,2,5,4,6,7,10,7,6,5,7,Engineering
3462,5,4,5,6,6,2,7,9,5,5,9,6,5,7,6,9,9,5,5,7,6,2,8,5,3,4,5,8,8,8,9,10,Business / Management
3463,6,3,4,3,7,8,7,5,4,2,10,6,3,6,6,4,4,4,5,6,6,1,9,2,6,3,6,7,5,1,7,7,CA / Accounting
3464,7,4,4,7,7,2,5,4,5,6,7,5,7,5,8,6,5,8,6,7,6,1,4,8,5,6,10,9,7,5,7,7,Teaching / Professor
3465,6,5,5,4,7,5,10,8,4,6,10,8,4,10,10,10,10,7,6,6,10,3,6,5,4,5,7,8,5,8,9,9,Business / Management
3466,3,5,7,9,5,1,2,3,1,2,7,1,6,9,10,8,9,5,5,5,2,6,6,1,2,6,4,10,7,2,7,6,Dentist
3467,6,6,6,1,4,10,9,7,2,7,8,9,4,6,5,5,2,3,5,3,6,1,10,6,6,6,6,8,7,5,6,8,CA / Accounting
3468,4,4,9,10,7,2,3,1,2,5,8,9,8,6,6,4,4,6,6,4,5,9,4,6,3,3,5,7,8,2,7,5,Pharmacy
3469,1,4,3,4,4,4,7,7,9,8,10,4,4,10,9,8,5,6,6,7,6,1,6,8,8,10,5,8,7,6,4,8,Law
3470,2,4,3,5,4,5,4,5,6,8,8,5,6,7,6,2,5,10,6,5,4,5,4,9,6,5,6,8,6,4,7,9,Psychology
3471,4,3,1,5,4,3,5,3,6,10,7,3,5,8,9,5,6,7,7,6,4,5,4,9,4,2,4,5,7,1,7,6,Psychology
3472,5,2,7,10,6,2,6,4,3,5,8,2,8,6,5,4,9,5,6,9,4,10,5,4,1,4,4,9,7,4,4,6,Dentist
3473,5,3,2,8,5,2,4,1,3,4,7,3,10,7,8,5,7,9,5,5,7,9,1,4,3,3,5,9,5,2,6,7,MBBS / Doctor
3474,3,6,8,8,4,1,3,3,3,5,10,6,9,7,4,5,4,6,7,1,5,8,4,5,4,2,6,7,7,6,7,9,Pharmacy
3475,4,3,4,3,3,4,5,6,10,7,7,3,4,8,8,8,6,7,6,6,2,3,5,8,10,10,6,9,7,5,8,6,Civil Services
3476,5,4,8,10,4,2,3,6,2,3,6,5,10,8,6,4,4,5,4,5,5,10,3,3,2,1,5,9,6,4,6,7,Dentist
3477,6,6,9,8,6,4,2,4,6,6,5,6,8,9,7,7,8,8,4,6,6,10,4,5,4,2,7,10,8,6,7,8,MBBS / Doctor
3478,8,4,3,4,6,1,4,4,9,5,4,5,1,7,10,5,10,8,5,9,7,4,4,9,5,6,6,7,7,4,8,10,Journalism / Media
3479,5,4,7,6,5,1,4,2,6,6,7,5,7,10,8,6,4,7,6,4,5,8,2,4,5,3,7,9,7,5,4,7,MBBS / Doctor
3480,4,4,1,8,5,4,4,2,5,7,5,6,6,9,8,5,7,10,9,8,1,9,3,5,3,7,7,7,3,5,7,9,Psychology
3481,4,2,3,3,4,3,6,8,4,4,7,7,4,7,7,7,6,5,4,5,6,2,9,5,4,6,3,7,7,7,6,7,Business / Management
3482,8,2,2,1,4,7,6,3,3,6,8,9,2,10,7,4,7,6,3,5,5,1,8,5,5,9,4,5,6,3,6,5,CA / Accounting
3483,7,4,2,3,6,10,8,6,3,5,7,8,3,5,6,5,5,3,4,4,5,1,9,1,3,6,2,7,7,6,5,5,CA / Accounting
3484,4,2,5,4,5,1,1,4,4,8,5,4,8,4,7,6,6,10,8,5,2,8,4,8,4,6,6,8,8,4,8,8,Psychology
3485,6,1,1,6,2,2,4,4,6,10,7,2,8,10,8,6,8,8,9,6,2,6,2,7,3,3,10,6,5,2,7,7,Psychology
3486,4,2,5,6,5,5,7,5,8,6,10,6,1,10,10,3,8,7,8,10,6,3,6,6,4,10,6,9,7,5,7,7,Law
3487,4,4,2,4,3,7,6,10,4,6,5,5,3,8,10,9,6,6,4,6,7,4,6,4,5,5,6,8,5,8,7,6,Business / Management
3488,6,2,1,1,7,7,5,6,4,1,7,10,2,5,7,5,4,2,5,3,5,1,10,5,2,6,2,6,6,4,7,5,CA / Accounting
3489,1,4,1,1,6,3,6,5,8,5,4,5,2,9,10,5,9,6,3,7,6,3,2,8,5,7,3,5,8,6,6,8,Journalism / Media
3490,4,7,7,7,3,2,4,2,2,6,5,5,8,6,9,6,3,7,3,5,6,10,2,3,4,5,7,9,8,5,5,5,MBBS / Doctor
3491,4,4,10,9,7,1,1,2,5,5,5,5,8,9,6,5,8,6,5,6,1,10,5,6,3,2,6,9,10,6,7,7,MBBS / Doctor
3492,6,5,7,7,6,4,5,3,7,5,8,7,4,7,10,9,8,7,7,7,5,5,2,4,6,5,8,9,6,4,8,9,Teaching / Professor
3493,6,10,8,1,8,4,6,7,6,5,10,9,7,8,8,5,6,5,7,5,7,5,3,7,4,6,6,9,8,7,9,9,Engineering
3494,5,5,6,7,7,5,5,1,3,7,5,4,6,7,6,3,7,8,4,6,5,10,3,3,5,4,8,10,10,5,6,8,MBBS / Doctor
3495,4,7,8,9,2,3,1,4,5,6,8,6,8,8,5,6,4,6,5,2,7,9,4,6,5,4,6,10,7,4,7,10,MBBS / Doctor
3496,5,4,8,9,5,5,4,1,1,7,7,5,10,4,4,5,4,7,10,5,2,10,3,2,1,2,2,6,4,3,6,4,Pharmacy
3497,6,8,6,3,8,3,4,4,4,4,6,6,6,6,3,6,7,2,5,4,8,1,1,4,1,3,3,6,6,8,4,6,Engineering
3498,8,1,2,1,4,7,7,6,5,3,10,4,3,5,4,4,5,3,2,5,4,4,6,3,6,3,4,5,6,4,7,8,Finance / Banking
3499,5,3,10,10,5,1,3,4,2,3,6,4,6,5,6,5,6,7,5,2,3,10,3,1,3,1,6,7,6,1,6,5,Pharmacy
3500,5,7,3,2,4,2,5,4,4,6,6,7,5,7,9,8,7,6,10,8,7,4,3,6,2,3,9,10,5,4,9,9,Teaching / Professor
3501,5,1,2,5,5,2,2,2,8,6,6,2,3,6,8,8,7,9,10,10,7,2,4,6,3,6,4,5,5,7,7,8,Journalism / Media
3502,4,5,9,6,2,1,3,3,3,4,4,5,10,7,5,6,6,7,9,2,4,8,2,3,4,3,4,6,7,2,6,4,Pharmacy
3503,9,5,5,6,8,5,6,3,4,4,7,7,10,7,8,6,7,6,6,6,6,4,1,4,5,5,3,5,6,7,4,6,Engineering
3504,6,5,7,10,6,4,3,6,1,3,7,5,9,4,6,2,6,3,10,5,6,9,5,6,1,1,6,7,7,5,9,7,Pharmacy
3505,8,4,5,2,8,6,9,6,4,5,8,8,3,8,8,9,5,3,6,2,10,3,8,2,3,5,3,8,9,6,9,9,Finance / Banking
3506,5,5,6,8,8,3,3,6,1,7,5,6,7,5,5,5,5,8,5,3,3,8,6,6,2,3,4,10,8,2,7,6,Pharmacy
3507,5,3,4,5,5,3,4,6,10,7,6,6,3,9,7,7,4,6,5,6,7,2,7,8,7,10,4,9,10,6,7,9,Law
3508,3,3,7,10,4,4,1,3,1,6,7,4,6,8,7,5,7,9,6,4,5,9,4,4,2,2,5,6,7,2,5,8,Dentist
3509,4,7,5,7,3,1,1,4,4,4,6,4,10,8,7,2,4,5,8,3,6,5,4,2,1,2,5,5,8,2,10,4,Pharmacy
3510,4,6,8,7,4,3,6,5,5,5,9,6,10,9,10,6,6,7,3,5,2,10,5,2,2,1,2,9,5,5,4,10,Dentist
3511,9,1,4,4,8,8,10,5,5,8,8,8,2,8,7,2,6,6,4,4,8,1,10,4,7,4,3,7,7,9,9,5,Finance / Banking
3512,4,3,5,5,5,6,8,9,10,5,8,5,5,10,8,8,8,7,5,8,5,3,6,9,8,8,6,10,9,6,9,10,Civil Services
3513,6,6,9,10,4,4,2,4,4,4,7,3,8,9,3,5,8,9,7,4,5,8,2,5,2,1,8,6,8,7,9,9,Dentist
3514,4,3,6,5,4,1,7,3,5,4,9,5,3,8,8,9,6,7,5,8,1,4,3,9,9,4,3,9,7,3,8,8,Civil Services
3515,7,6,5,4,3,4,6,4,8,7,7,4,5,4,9,7,8,7,7,8,5,5,5,5,7,7,9,9,6,3,6,7,Teaching / Professor
3516,4,4,5,8,1,4,1,5,3,3,7,5,7,6,5,3,6,6,5,5,4,8,3,2,2,3,4,7,9,2,6,8,Dentist
3517,7,3,1,3,7,5,9,7,4,3,7,10,3,8,5,10,6,5,7,5,7,2,7,4,4,5,4,8,7,6,9,6,Finance / Banking
3518,6,6,2,2,5,10,6,6,2,2,7,9,3,9,4,6,2,3,2,4,8,3,8,5,2,5,7,8,6,3,6,5,CA / Accounting
3519,4,3,1,3,5,3,2,7,6,6,5,4,4,5,10,7,9,7,6,7,6,3,5,9,4,5,5,5,7,5,8,10,Journalism / Media
3520,8,2,2,4,7,7,8,9,5,3,9,9,3,9,6,6,7,9,3,4,9,1,10,7,4,4,3,8,5,6,6,7,Finance / Banking
3521,6,5,7,5,7,6,8,9,5,9,7,4,6,10,9,6,10,7,4,9,4,4,7,8,5,4,7,3,9,7,8,9,Business / Management
3522,5,3,4,3,2,2,6,4,8,7,6,5,3,10,7,9,8,7,7,8,6,1,4,6,10,5,6,8,7,2,8,6,Civil Services
3523,7,5,2,4,4,6,8,10,5,7,6,8,6,7,9,10,8,5,5,8,6,2,8,7,7,6,4,9,9,5,7,8,Business / Management
3524,6,3,3,2,2,1,7,7,9,4,8,2,2,5,7,6,5,4,6,9,6,1,5,8,6,10,5,7,8,8,5,8,Law
3525,9,6,10,10,7,1,5,2,7,6,8,6,7,4,6,4,5,5,9,5,6,8,5,3,6,3,4,9,6,3,8,5,Pharmacy
3526,5,3,5,5,4,5,7,8,10,5,8,5,6,10,5,8,8,8,5,8,5,4,5,9,10,9,7,7,9,6,5,6,Civil Services
3527,3,2,7,5,7,2,4,3,8,8,7,3,8,8,7,6,7,10,6,2,5,8,3,8,2,4,7,8,5,5,8,10,Psychology
3528,3,6,6,9,3,1,3,1,2,7,7,5,6,8,7,5,5,5,3,5,5,9,3,5,6,4,6,8,8,2,9,8,MBBS / Doctor
3529,2,3,2,4,7,1,8,8,7,2,8,5,2,7,9,7,6,7,6,10,8,3,4,8,5,10,4,8,6,5,6,7,Law
3530,8,7,8,2,7,1,5,2,3,1,8,7,5,10,4,7,6,7,7,3,7,4,3,4,5,2,5,8,8,6,6,3,Engineering
3531,3,3,7,5,3,3,2,2,6,8,7,6,10,8,6,6,3,8,6,5,5,8,2,3,3,1,5,5,7,5,8,9,MBBS / Doctor
3532,7,5,4,10,3,6,5,5,4,6,10,5,7,9,7,7,9,10,6,4,5,9,2,4,4,5,4,10,8,6,5,9,Dentist
3533,3,5,5,9,5,5,5,4,5,10,9,6,6,10,9,7,8,10,10,7,4,6,6,7,3,6,8,9,7,2,6,7,Psychology
3534,7,6,6,10,4,6,1,5,3,5,3,4,5,10,8,6,9,7,4,5,5,10,1,3,1,4,6,8,7,2,7,9,Dentist
3535,5,4,3,6,5,4,5,8,4,5,7,5,7,8,9,10,10,8,4,6,8,5,8,5,5,2,5,7,8,10,10,8,Business / Management
3536,1,4,8,8,4,1,1,5,3,3,5,4,6,7,5,3,5,5,8,5,4,10,3,5,4,1,5,8,8,4,7,4,Pharmacy
3537,6,4,4,6,5,3,7,9,5,4,5,3,2,7,7,10,5,6,3,7,6,4,8,4,6,6,7,5,8,6,7,10,Business / Management
3538,7,2,1,1,6,9,6,4,3,3,7,9,1,8,5,7,3,5,1,1,3,1,10,1,5,4,2,10,4,5,7,2,CA / Accounting
3539,5,4,4,2,5,2,5,5,9,7,6,5,3,8,10,7,6,7,6,6,7,3,6,7,4,9,5,9,7,7,5,8,Law
3540,4,1,1,1,4,7,7,6,3,4,9,7,1,8,7,5,4,3,3,2,5,2,10,2,4,3,3,8,8,3,6,3,CA / Accounting
3541,1,1,5,3,5,2,3,6,9,3,9,4,3,8,8,10,7,6,7,8,6,3,4,7,6,9,7,8,4,8,8,10,Law
3542,5,5,8,8,4,4,1,7,7,7,7,4,7,7,7,5,5,6,6,7,3,9,2,2,2,2,7,6,7,2,8,9,Dentist
3543,6,6,5,3,5,5,6,6,3,8,10,7,5,6,8,10,10,7,7,10,7,7,5,4,5,6,5,6,10,8,7,10,Business / Management
3544,4,1,1,2,7,6,10,7,3,5,6,5,4,8,4,7,5,5,5,8,6,3,4,3,4,2,6,6,6,5,7,7,Business / Management
3545,4,7,3,2,4,3,5,4,6,7,7,4,6,9,9,5,10,8,7,10,5,4,1,5,3,5,10,9,8,4,6,10,Teaching / Professor
3546,3,6,8,7,7,2,2,4,2,4,6,2,9,10,2,6,4,4,8,4,5,6,2,3,3,4,2,7,6,3,7,4,Pharmacy
3547,7,6,4,3,8,4,9,9,3,5,7,9,2,9,7,7,5,6,6,6,7,3,10,7,1,5,2,6,7,8,7,6,Finance / Banking
3548,5,5,4,6,5,2,5,5,9,4,5,4,5,7,8,5,9,5,10,9,8,2,3,6,4,5,10,7,9,2,8,8,Teaching / Professor
3549,4,1,4,6,3,3,5,3,5,8,9,3,5,6,8,5,5,7,6,7,3,5,1,7,5,7,7,7,3,1,7,6,Psychology
3550,4,6,7,6,4,2,3,5,3,3,8,5,9,6,9,7,6,8,6,5,7,10,4,3,3,4,5,8,7,5,10,9,Dentist
3551,3,5,4,5,8,6,4,3,10,5,6,3,6,6,10,8,9,7,5,10,3,2,3,9,5,7,5,5,8,7,8,9,Journalism / Media
3552,6,6,5,6,3,4,5,6,8,4,8,4,5,6,7,6,6,7,8,9,6,3,3,7,5,5,10,7,7,3,4,5,Teaching / Professor
3553,4,7,7,9,5,4,3,6,5,5,8,6,7,9,9,9,8,10,7,7,5,10,2,8,8,3,9,10,8,5,9,9,MBBS / Doctor
3554,4,4,3,3,6,4,7,7,3,4,6,7,3,8,8,7,9,6,4,6,6,1,5,5,1,3,4,9,8,9,7,8,Business / Management
3555,5,7,6,9,6,4,1,3,3,5,7,2,8,8,6,6,6,8,4,7,7,8,5,6,5,5,5,9,9,3,8,9,MBBS / Doctor
3556,5,6,7,8,7,2,1,4,5,6,8,5,10,7,8,6,7,7,7,6,6,8,3,5,5,6,7,8,10,6,9,8,MBBS / Doctor
3557,4,1,4,5,6,1,6,5,4,10,9,5,6,7,6,5,8,8,4,9,5,10,3,9,4,5,8,8,7,4,7,9,Psychology
3558,1,5,8,8,5,3,2,2,2,5,7,4,8,9,6,8,8,8,7,6,7,7,2,4,2,3,6,9,5,3,8,7,Dentist
3559,7,6,6,3,7,2,5,5,4,5,8,6,6,8,9,4,7,5,6,7,8,3,5,7,6,4,5,7,7,5,9,6,Engineering
3560,3,3,5,1,3,6,9,6,5,7,9,4,8,6,9,7,8,9,6,4,4,4,3,6,9,7,4,7,8,5,6,9,Civil Services
3561,3,2,3,3,4,5,7,3,8,5,4,5,2,8,9,8,7,3,6,6,3,5,5,5,6,10,4,5,7,9,6,10,Law
3562,6,5,4,6,6,3,6,4,7,7,5,8,6,10,6,9,7,8,5,9,4,3,5,8,10,6,6,8,9,7,10,9,Civil Services
3563,4,1,5,5,6,4,4,5,3,9,7,4,5,8,10,6,8,9,8,5,3,4,3,9,4,3,7,8,6,2,5,9,Psychology
3564,7,5,6,6,3,4,2,4,2,5,6,6,8,7,8,7,6,8,5,7,5,10,3,4,7,3,6,8,10,6,8,6,MBBS / Doctor
3565,4,1,2,6,6,3,2,5,4,8,4,6,3,6,7,5,8,8,8,6,3,7,2,7,5,2,7,10,5,4,5,8,Psychology
3566,1,4,3,7,7,2,3,2,7,5,7,5,5,5,6,5,8,9,6,8,5,5,1,9,4,4,8,5,6,3,6,7,Psychology
3567,7,3,7,5,5,1,2,2,4,6,6,5,6,2,8,9,8,8,7,10,6,3,3,7,6,3,9,9,5,3,9,8,Teaching / Professor
3568,7,6,8,7,3,4,1,3,4,5,7,5,7,9,8,6,4,8,9,4,7,6,1,4,6,3,8,8,8,4,10,6,MBBS / Doctor
3569,6,5,7,7,4,1,3,4,2,3,8,2,8,8,4,4,5,5,7,1,4,7,5,2,1,4,5,7,6,1,8,5,Pharmacy
3570,2,2,2,5,5,3,6,3,6,10,10,8,6,6,7,7,6,9,5,6,3,6,4,8,5,5,5,9,5,2,6,10,Psychology
3571,4,1,2,5,5,3,4,6,9,5,8,3,5,10,8,9,9,6,7,8,6,2,6,9,7,10,4,9,7,6,8,8,Law
3572,3,3,3,2,6,2,6,4,8,5,8,6,4,5,9,6,10,4,6,7,4,2,4,7,2,9,5,6,7,5,9,9,Journalism / Media
3573,5,3,1,8,3,2,4,3,5,9,9,2,4,8,9,6,5,9,5,9,4,5,5,10,6,6,6,9,5,5,8,10,Psychology
3574,2,1,2,1,6,1,5,3,6,6,7,2,3,4,10,6,10,4,4,7,6,1,2,7,5,7,4,6,5,7,7,9,Journalism / Media
3575,7,7,6,2,9,1,4,7,5,4,7,7,7,8,6,6,7,3,6,6,6,3,3,4,3,6,6,5,8,5,6,6,Engineering
3576,3,3,8,9,5,2,7,6,2,4,9,4,10,7,6,4,3,6,6,4,7,8,1,3,1,1,4,7,6,3,6,4,Pharmacy
3577,4,2,1,1,8,5,7,6,10,5,10,5,3,7,8,6,5,6,7,8,4,8,4,10,4,6,8,8,9,7,5,9,Law
3578,5,5,5,5,6,4,2,2,6,10,5,8,4,7,8,5,8,9,8,5,4,6,3,8,3,3,9,7,6,4,7,8,Psychology
3579,6,5,9,8,7,4,6,6,9,5,9,6,8,7,8,6,7,8,7,6,6,3,1,4,5,6,10,8,6,4,6,7,Teaching / Professor
3580,10,9,5,5,10,6,8,7,3,6,7,7,8,10,8,8,9,4,7,4,7,5,4,7,6,4,7,7,5,8,7,6,Engineering
3581,5,2,2,6,3,2,4,6,7,7,9,4,5,8,8,5,8,10,9,6,7,7,3,10,3,3,8,5,6,4,9,9,Psychology
3582,6,4,7,7,8,1,6,4,4,7,6,7,8,10,7,5,9,7,7,1,6,10,3,5,4,5,5,9,10,2,8,7,MBBS / Doctor
3583,4,5,8,10,4,1,6,3,3,6,6,5,10,7,5,8,5,8,7,3,7,8,5,4,7,6,6,9,7,7,8,9,MBBS / Doctor
3584,7,4,9,8,5,1,1,3,3,7,8,5,7,7,10,7,7,10,5,7,4,10,4,2,5,2,6,8,9,3,6,7,MBBS / Doctor
3585,3,4,6,3,4,1,5,2,7,6,7,6,8,7,10,5,5,5,8,7,5,3,3,5,4,3,10,5,4,4,8,8,Teaching / Professor
3586,5,6,10,9,5,2,2,5,2,6,5,8,9,7,3,2,6,7,5,4,5,10,4,4,3,3,4,6,6,2,6,7,Pharmacy
3587,5,6,6,5,4,1,3,3,6,8,6,4,6,6,10,8,8,6,7,10,5,1,5,6,5,6,9,10,6,3,10,6,Teaching / Professor
3588,8,7,10,7,7,3,3,4,4,6,9,3,10,9,8,8,7,8,6,8,4,9,1,6,5,2,6,10,9,2,8,9,MBBS / Doctor
3589,2,2,9,6,4,4,5,4,5,5,5,3,8,7,8,5,6,6,7,1,3,8,3,1,2,1,6,7,7,1,6,4,Pharmacy
3590,4,3,7,5,6,2,7,5,5,8,8,7,8,7,10,9,10,4,8,9,5,4,3,8,7,6,10,9,10,4,10,10,Teaching / Professor
3591,7,5,3,3,7,5,4,6,9,4,10,6,2,10,7,8,6,5,7,8,5,3,6,9,10,10,5,6,8,5,6,6,Law
3592,3,2,4,4,3,2,5,4,8,6,6,6,4,5,9,9,6,4,7,7,5,3,3,8,4,7,6,7,3,6,5,8,Law
3593,10,3,4,6,7,8,7,6,4,4,9,7,3,8,7,6,5,4,6,7,8,2,7,7,4,6,7,8,9,8,7,5,Finance / Banking
3594,4,4,2,4,6,3,7,7,8,4,9,3,5,6,10,6,10,9,7,9,5,2,3,10,7,8,8,6,8,7,8,9,Journalism / Media
3595,7,7,9,9,4,3,2,5,1,2,8,3,8,4,5,2,3,4,6,3,4,5,3,2,2,4,3,8,5,4,4,5,Pharmacy
3596,4,1,1,2,2,1,4,5,9,4,6,4,4,6,6,7,6,6,5,7,6,2,3,8,7,6,7,9,9,3,9,6,Civil Services
3597,2,3,1,4,3,1,2,5,7,7,7,3,2,8,7,8,7,9,7,8,3,3,2,6,5,7,5,5,7,7,6,9,Journalism / Media
3598,2,2,1,3,6,2,4,5,5,6,7,7,4,1,10,8,9,8,7,8,8,3,4,6,4,7,5,5,7,8,9,10,Journalism / Media
3599,4,4,5,3,7,3,9,5,9,5,8,6,8,8,6,9,7,9,5,10,4,3,5,7,6,7,7,8,4,6,8,9,Law
3600,7,2,1,1,4,10,7,9,3,4,8,8,6,8,8,7,7,4,4,2,7,4,10,4,6,4,3,8,7,6,8,6,CA / Accounting
3601,6,8,5,4,7,4,6,3,3,5,7,9,10,9,5,7,7,5,8,6,9,4,7,7,6,5,4,9,8,6,7,5,Engineering
3602,6,5,4,4,6,4,5,4,10,6,10,6,2,9,10,8,8,7,9,9,7,1,5,9,6,10,7,9,7,7,7,8,Law
3603,4,4,2,4,3,3,5,5,7,6,7,1,4,8,6,5,10,8,6,8,7,1,5,10,5,7,6,4,5,5,9,6,Journalism / Media
3604,7,1,1,4,3,7,6,5,1,3,5,9,3,8,6,6,1,2,3,4,5,1,9,1,2,4,4,8,7,4,5,7,CA / Accounting
3605,1,3,3,4,5,1,4,4,5,4,9,4,4,6,7,6,6,8,7,10,6,3,4,10,5,6,5,6,7,6,10,8,Journalism / Media
3606,5,4,7,9,4,2,3,1,6,8,5,7,9,7,7,6,7,7,10,7,4,10,4,5,6,5,6,10,8,6,8,7,MBBS / Doctor
3607,2,5,7,9,7,1,4,3,5,2,4,5,10,6,4,2,5,3,10,3,5,7,1,3,3,4,4,7,6,2,9,4,Pharmacy
3608,5,2,1,2,3,7,9,7,2,3,7,9,1,6,6,5,1,3,4,2,4,2,9,4,7,5,3,10,7,4,5,6,CA / Accounting
3609,4,3,1,6,1,2,3,1,5,7,6,3,7,7,9,5,6,7,6,7,3,8,1,4,5,3,8,6,7,1,7,6,Psychology
3610,5,5,6,10,4,4,1,4,5,6,8,4,9,6,7,5,5,10,9,3,7,10,3,7,4,2,5,10,7,3,7,8,MBBS / Doctor
3611,5,6,10,9,5,3,3,3,2,6,9,6,8,6,7,4,6,6,6,5,5,6,4,4,6,3,2,10,8,3,10,6,Pharmacy
3612,4,2,5,3,5,2,10,10,6,4,6,6,3,6,10,8,6,7,3,4,5,2,7,5,5,4,4,7,8,7,8,7,Business / Management
3613,3,5,7,7,4,5,5,4,3,8,7,5,9,9,10,8,6,8,7,6,6,9,2,4,4,3,10,10,8,4,9,10,MBBS / Doctor
3614,5,1,1,1,5,10,6,7,3,1,8,8,3,5,5,6,3,1,1,4,5,1,9,2,2,4,1,7,4,1,5,6,CA / Accounting
3615,5,5,7,8,4,4,2,3,2,4,6,5,6,10,8,5,10,6,5,6,6,8,3,7,1,5,5,7,10,6,9,9,Dentist
3616,6,2,1,2,6,7,7,7,3,4,5,9,4,8,6,7,5,3,4,3,5,2,8,4,6,5,2,5,7,7,8,5,Finance / Banking
3617,2,3,3,3,3,3,3,2,7,7,6,2,3,8,8,3,5,10,7,8,4,4,5,7,6,4,7,8,8,3,8,8,Psychology
3618,5,5,9,6,5,1,5,4,2,6,8,7,10,8,6,5,3,4,7,3,3,4,3,3,1,1,4,5,10,4,5,8,Pharmacy
3619,2,5,4,2,5,4,4,4,8,7,6,3,3,10,6,8,9,7,7,10,5,4,6,6,8,5,1,3,8,7,10,10,Journalism / Media
3620,2,6,7,9,5,1,3,4,3,9,6,3,8,7,7,7,10,7,7,7,5,7,2,4,4,3,3,10,7,4,8,8,Dentist
3621,6,3,1,6,7,9,8,7,6,3,7,9,4,9,7,5,5,5,6,6,7,1,8,6,4,3,5,9,6,8,7,7,Finance / Banking
3622,4,3,1,10,3,5,4,4,6,10,7,5,5,8,7,7,10,10,8,5,6,5,5,7,6,4,9,8,5,5,8,7,Psychology
3623,7,5,7,7,4,3,2,3,3,1,8,6,9,10,7,9,4,8,6,6,5,9,2,4,1,5,5,8,7,5,7,5,MBBS / Doctor
3624,10,9,5,2,6,3,7,3,3,4,7,8,5,10,6,10,5,7,9,4,8,2,3,4,4,2,8,7,7,6,7,5,Engineering
3625,6,4,2,1,2,7,9,4,1,2,7,6,4,9,6,4,4,2,4,4,7,2,7,3,2,4,4,8,6,4,4,6,Finance / Banking
3626,1,3,2,1,1,2,4,7,8,5,6,3,3,7,8,5,7,8,3,8,7,1,3,9,6,9,3,8,8,6,6,7,Law
3627,5,5,7,3,6,2,4,6,6,6,7,4,8,8,7,6,7,9,6,7,6,3,2,6,2,6,8,10,9,5,6,6,Teaching / Professor
3628,2,5,1,1,4,3,7,2,8,5,7,2,2,7,10,7,4,8,7,7,4,1,4,8,6,8,5,8,7,6,5,8,Law
3629,5,4,4,10,3,5,2,5,4,8,7,2,6,9,7,7,7,7,6,5,3,9,3,2,1,1,4,9,6,2,7,7,Dentist
3630,5,2,3,1,3,10,8,4,1,1,7,6,2,6,4,5,3,2,6,2,5,1,10,1,3,2,1,6,5,4,4,2,CA / Accounting
3631,4,3,6,7,5,3,5,5,3,5,10,4,8,9,8,6,5,5,3,3,4,8,4,1,1,5,3,9,9,6,8,8,Dentist
3632,5,2,7,10,3,2,4,8,4,4,8,7,8,8,7,6,5,7,1,6,6,10,7,3,4,3,4,7,8,6,6,8,Dentist
3633,3,1,10,10,7,1,3,1,3,9,6,8,6,7,6,6,4,3,10,2,3,7,1,2,3,4,4,6,4,5,5,6,Pharmacy
3634,6,7,6,9,5,4,6,3,4,7,7,3,6,7,8,6,4,7,9,4,5,8,5,3,3,3,6,10,9,3,8,7,MBBS / Doctor
3635,3,4,7,10,2,2,5,5,3,7,8,4,10,9,6,6,9,7,2,5,7,9,4,3,3,1,7,9,7,4,8,9,Dentist
3636,4,4,5,5,7,3,6,10,6,6,7,6,5,7,9,7,7,7,6,8,6,1,8,3,6,4,9,5,9,7,9,9,Business / Management
3637,5,3,8,8,4,1,3,7,3,5,6,4,7,7,6,4,6,5,6,3,4,7,2,6,4,1,4,9,7,3,4,4,Pharmacy
3638,6,5,4,2,7,8,7,4,3,3,7,8,5,9,5,4,3,6,6,2,4,1,10,4,3,3,1,6,8,5,6,6,Finance / Banking
3639,7,5,6,7,6,4,4,2,7,3,8,5,9,7,7,7,6,6,9,7,6,9,5,4,3,5,7,8,10,5,7,9,MBBS / Doctor
3640,10,1,6,5,3,6,7,5,4,5,8,9,3,8,9,2,5,5,5,5,9,1,10,2,5,4,4,7,6,8,10,6,Finance / Banking
3641,5,7,4,6,8,2,5,1,2,4,9,5,7,10,4,6,7,7,6,5,10,1,4,4,4,5,6,6,7,9,6,6,Engineering
3642,3,4,2,4,4,2,3,1,6,5,5,5,7,6,9,5,9,7,6,8,7,1,3,9,4,6,5,6,6,6,8,8,Journalism / Media
3643,6,5,3,7,6,5,6,5,9,7,5,4,5,5,7,8,8,9,6,7,5,5,3,7,7,4,7,10,7,2,6,9,Teaching / Professor
3644,2,2,7,9,4,2,6,2,4,3,8,4,8,6,4,3,5,5,6,4,2,8,2,4,5,2,4,8,7,5,5,6,Pharmacy
3645,4,3,8,10,4,1,2,4,2,8,6,6,7,9,9,4,5,8,6,7,5,10,3,5,6,1,6,8,8,4,8,8,MBBS / Doctor
3646,4,4,3,2,6,1,2,1,7,4,6,3,2,6,8,7,7,7,4,6,4,1,4,8,5,5,6,8,7,4,7,9,Civil Services
3647,9,7,8,5,7,3,8,6,6,3,8,7,8,9,6,6,7,5,9,3,10,6,4,4,6,3,5,6,5,7,6,6,Engineering
3648,4,5,9,10,4,4,6,8,4,4,9,3,6,7,5,6,7,7,6,2,5,9,5,5,4,2,1,6,9,8,5,4,Pharmacy
3649,5,3,5,7,4,4,4,2,7,4,3,2,6,5,7,5,8,8,8,8,4,1,1,6,3,5,8,9,8,6,7,8,Teaching / Professor
3650,4,3,4,4,7,3,6,10,4,5,8,5,7,7,8,8,9,6,5,9,6,2,7,8,4,7,5,8,9,9,7,7,Business / Management
3651,8,5,2,4,9,4,7,7,3,5,6,6,8,8,10,10,7,5,6,7,9,6,6,5,4,5,5,6,8,9,10,9,Business / Management
3652,4,5,6,6,6,4,4,7,6,8,9,3,5,8,10,8,9,8,10,10,1,3,3,5,5,8,10,8,7,5,9,7,Teaching / Professor
3653,4,4,1,2,5,3,8,6,10,7,10,4,1,10,8,7,5,7,2,6,2,1,4,8,6,10,8,8,9,7,8,6,Law
3654,3,2,4,2,5,1,5,6,7,6,4,4,4,5,9,8,6,6,8,10,8,5,3,9,6,7,5,6,8,6,7,9,Journalism / Media
3655,8,2,3,1,6,10,6,7,3,4,9,8,4,5,4,5,3,4,3,3,5,2,9,4,3,2,5,7,7,4,9,1,CA / Accounting
3656,4,5,2,4,4,2,7,4,7,4,6,5,3,8,6,6,7,5,7,8,5,5,5,9,4,10,7,8,7,5,5,7,Law
3657,5,1,9,8,3,2,3,5,2,6,8,5,10,5,4,6,7,4,8,5,4,6,3,2,1,3,4,6,7,3,8,6,Pharmacy
3658,6,10,7,3,7,4,4,5,5,4,6,8,6,9,4,6,8,6,5,3,9,4,4,4,4,6,5,5,7,9,5,6,Engineering
3659,5,3,4,1,5,2,3,6,10,2,10,7,6,5,10,7,6,9,6,8,2,1,5,10,8,10,3,9,9,6,5,10,Law
3660,1,3,1,1,4,3,3,3,8,7,6,4,5,7,9,6,10,5,5,9,7,3,2,7,4,7,5,5,6,4,8,6,Journalism / Media
3661,9,6,7,8,5,4,4,4,6,7,10,8,6,7,10,7,9,4,8,10,4,2,1,6,4,6,10,8,8,4,5,7,Teaching / Professor
3662,7,1,2,4,4,10,6,6,4,3,5,8,3,7,6,6,3,5,4,6,8,1,10,4,4,3,3,6,5,3,6,5,Finance / Banking
3663,7,4,2,1,6,5,6,9,3,7,8,3,2,10,9,6,5,6,2,6,6,2,8,7,3,3,5,8,6,9,7,8,Business / Management
3664,4,6,7,9,5,1,6,5,3,7,7,7,10,10,6,5,3,10,8,8,4,10,1,6,5,3,6,10,7,7,8,9,MBBS / Doctor
3665,3,2,2,5,4,3,2,1,5,8,7,5,7,2,10,4,5,8,4,7,5,5,3,8,4,1,7,9,5,5,8,10,Psychology
3666,2,5,1,3,1,6,4,6,7,4,9,3,4,10,9,5,6,3,2,6,4,3,4,8,6,10,5,6,8,3,5,10,Law
3667,7,7,3,9,6,4,2,5,2,6,7,8,8,8,3,7,7,5,4,5,8,10,5,3,7,2,5,6,7,5,8,9,Dentist
3668,6,6,8,8,4,3,3,5,2,5,5,5,7,9,8,6,7,9,3,7,6,8,5,6,2,6,5,7,7,2,6,6,Dentist
3669,5,3,8,9,4,2,4,2,3,7,8,4,8,5,5,3,4,6,6,5,7,5,3,3,3,2,4,9,8,2,6,6,Pharmacy
3670,8,7,2,3,9,4,6,4,2,2,8,8,8,9,5,3,6,4,5,3,8,2,2,4,3,4,5,5,5,8,5,2,Engineering
3671,4,3,5,5,3,1,4,8,10,4,9,5,5,10,8,6,5,8,6,8,5,1,4,8,9,6,3,10,9,4,6,9,Civil Services
3672,3,5,3,3,6,5,3,10,6,6,7,6,2,6,10,10,9,7,6,8,6,4,7,5,6,8,2,6,7,10,7,5,Business / Management
3673,3,1,1,2,5,2,5,2,9,5,9,3,3,8,7,7,8,6,7,9,2,4,4,8,6,8,1,10,6,5,5,6,Law
3674,8,5,3,2,4,8,9,6,1,8,8,8,2,8,4,5,5,2,2,3,5,1,9,4,3,5,3,8,6,1,7,7,CA / Accounting
3675,2,2,4,3,4,5,5,8,8,8,5,5,2,8,8,8,9,7,6,9,3,5,3,8,8,10,4,6,8,6,6,7,Law
3676,7,5,6,3,8,3,4,5,8,5,4,6,4,6,10,5,5,9,9,10,3,3,4,5,7,4,9,8,8,4,7,7,Teaching / Professor
3677,9,5,3,3,6,5,2,5,6,7,6,6,9,6,7,9,7,7,6,10,5,3,2,6,5,7,7,8,9,4,8,7,Teaching / Professor
3678,7,7,4,2,8,2,4,3,5,4,8,9,7,8,7,7,7,5,5,4,10,4,5,5,4,5,6,8,7,9,8,7,Engineering
3679,6,5,4,1,8,10,5,5,2,6,8,9,2,10,5,5,6,4,6,3,6,4,8,5,2,6,3,9,5,6,6,6,CA / Accounting
3680,7,6,3,4,8,9,9,7,6,2,7,10,4,7,10,4,5,5,5,4,7,4,9,5,3,5,6,6,8,6,7,7,Finance / Banking
3681,6,6,2,4,6,5,4,3,6,9,9,6,6,4,7,5,7,10,7,7,5,3,3,6,6,4,10,8,7,2,6,10,Teaching / Professor
3682,4,1,2,5,6,4,2,3,8,4,7,4,3,7,10,3,7,6,6,9,3,2,5,6,7,10,3,6,3,7,6,10,Law
3683,4,4,3,5,6,4,3,6,8,6,8,6,3,5,10,7,8,6,9,7,6,1,4,8,1,7,5,4,6,6,9,9,Journalism / Media
3684,3,3,1,2,5,1,1,2,5,10,6,3,7,5,9,6,6,9,7,5,3,6,3,5,4,3,9,7,6,5,5,9,Psychology
3685,8,9,5,5,8,4,6,4,4,6,9,6,8,7,8,8,8,6,7,6,8,4,6,4,3,3,4,5,8,9,10,4,Engineering
3686,5,5,7,10,6,1,1,1,2,5,7,5,9,9,10,4,6,9,5,7,6,10,1,7,5,5,2,9,6,7,7,10,MBBS / Doctor
3687,5,1,5,1,5,5,7,6,2,5,7,4,5,5,8,7,8,5,6,7,6,3,10,6,3,3,4,7,6,8,10,8,Business / Management
3688,3,4,1,2,4,3,6,8,7,5,9,8,4,8,9,7,8,6,5,9,4,4,6,8,7,10,3,9,5,7,7,7,Law
3689,3,3,1,5,7,3,4,6,9,4,4,3,4,6,6,9,6,8,7,7,5,2,2,8,9,8,7,8,7,3,9,8,Civil Services
3690,2,3,7,10,4,3,5,2,4,5,8,4,7,8,9,7,7,9,6,5,4,7,4,4,2,5,7,10,7,3,9,9,MBBS / Doctor
3691,9,3,1,3,5,6,10,8,3,4,8,6,7,8,9,5,6,3,1,6,7,1,4,3,4,2,4,6,5,6,4,7,Finance / Banking
3692,8,8,7,5,9,3,7,3,2,1,8,7,8,6,5,7,6,6,6,5,10,5,4,4,4,5,4,7,7,7,6,4,Engineering
3693,3,4,4,4,5,4,6,5,10,4,10,3,4,10,10,8,4,5,7,8,4,1,4,8,6,10,5,9,7,6,7,8,Law
3694,4,1,1,3,4,1,4,5,9,7,9,3,4,9,7,6,4,4,6,9,5,4,3,6,6,10,4,5,9,5,8,9,Law
3695,8,3,4,5,6,6,8,7,1,6,7,7,3,7,6,7,7,6,3,4,7,2,10,4,4,5,4,8,8,8,7,8,Finance / Banking
3696,5,5,5,6,6,4,6,7,9,7,10,4,6,8,7,10,5,10,8,6,5,2,5,9,10,10,5,9,6,4,9,7,Civil Services
3697,4,3,1,3,5,3,5,4,7,8,7,3,1,4,10,7,8,7,7,9,4,3,3,10,6,6,6,4,7,7,8,10,Journalism / Media
3698,7,4,2,1,10,6,3,10,6,5,6,6,7,9,10,10,8,4,5,8,8,4,9,6,4,6,9,4,9,10,7,10,Business / Management
3699,6,6,8,7,3,3,7,5,1,4,8,6,8,6,4,3,7,6,9,4,5,8,3,2,2,1,3,8,6,3,8,7,Pharmacy
3700,2,2,3,4,6,2,5,3,8,6,7,2,5,6,8,7,9,8,5,9,7,3,2,10,5,6,5,3,6,7,8,9,Journalism / Media
3701,4,5,1,7,6,4,2,6,4,10,5,4,7,6,8,5,7,8,6,3,3,6,1,8,7,3,4,7,6,2,7,6,Psychology
3702,1,4,2,3,4,2,4,5,7,7,10,4,3,8,7,8,7,3,7,7,5,2,6,7,8,10,5,10,7,5,10,10,Law
3703,6,4,2,2,6,5,5,8,4,5,7,3,3,7,10,10,8,6,1,8,7,3,5,8,6,5,6,6,8,6,5,6,Business / Management
3704,5,3,1,4,4,7,7,7,5,3,8,7,4,9,7,7,5,4,3,3,7,3,10,3,7,5,5,10,7,5,4,5,CA / Accounting
3705,6,1,3,5,3,4,4,3,6,9,4,4,9,8,6,3,6,8,7,8,2,5,4,7,5,3,6,7,6,1,7,9,Psychology
3706,4,2,8,8,5,2,4,3,1,7,6,3,10,4,6,2,2,4,5,6,4,7,3,3,3,3,6,7,7,5,6,5,Pharmacy
3707,4,6,8,6,3,2,4,1,2,3,4,7,8,5,5,3,4,6,10,5,3,7,2,4,4,1,5,8,7,2,8,6,Pharmacy
3708,6,7,1,4,4,4,6,9,3,5,8,7,5,8,8,8,8,4,4,5,7,1,6,4,3,5,1,3,8,8,7,10,Business / Management
3709,4,5,4,3,8,4,6,7,8,5,7,5,7,7,7,9,9,8,4,10,7,2,6,4,3,7,4,6,7,7,10,10,Business / Management
3710,7,3,2,1,5,4,5,4,9,4,9,6,4,6,9,6,6,4,7,9,3,4,2,7,9,8,5,9,9,4,8,6,Civil Services
3711,3,1,4,3,2,4,4,2,6,6,7,1,3,6,4,8,5,8,5,8,7,2,4,9,8,8,7,8,6,5,9,7,Civil Services
3712,6,4,7,9,5,5,1,3,4,7,5,4,8,5,9,4,3,9,6,5,5,10,2,6,3,4,8,10,6,4,10,9,MBBS / Doctor
3713,5,6,3,4,5,6,5,8,8,5,10,5,4,7,10,6,5,8,6,8,3,4,6,9,4,10,6,7,8,4,8,8,Law
3714,3,1,5,4,6,3,6,4,9,4,7,5,3,10,6,8,8,5,6,10,4,3,5,8,7,9,5,7,9,6,8,10,Law
3715,2,3,3,5,3,2,5,4,4,5,5,5,7,8,9,7,8,9,7,8,6,5,2,10,5,6,5,5,4,6,5,10,Journalism / Media
3716,7,3,1,5,2,10,8,8,4,2,10,7,1,6,4,4,3,1,4,3,5,2,9,3,5,4,3,8,9,3,7,4,CA / Accounting
3717,5,3,3,1,7,5,4,10,4,4,5,5,3,7,10,9,10,6,5,6,7,3,8,5,4,5,4,5,6,9,8,9,Business / Management
3718,7,2,6,1,6,8,7,7,4,4,7,8,2,9,7,6,4,4,4,4,4,1,7,3,6,3,4,6,8,6,6,5,Finance / Banking
3719,8,3,3,2,6,7,8,6,2,1,5,8,4,7,4,5,3,2,4,2,4,1,8,6,3,4,5,9,6,6,4,6,CA / Accounting
3720,8,5,4,5,8,3,4,4,5,6,4,7,8,8,7,6,7,4,6,7,8,4,4,7,4,5,7,7,7,6,7,7,Engineering
3721,1,2,3,5,3,2,4,3,7,8,6,4,6,8,8,4,6,9,5,8,6,4,1,7,2,3,8,9,6,2,7,8,Psychology
3722,7,4,7,4,5,5,4,4,4,8,8,7,7,5,6,6,10,8,10,7,7,5,2,4,7,4,10,8,9,4,9,10,Teaching / Professor
3723,2,2,2,1,5,3,8,4,7,6,7,3,5,5,8,6,8,6,7,10,8,1,7,10,2,6,3,4,5,7,9,9,Journalism / Media
3724,8,5,4,6,4,4,3,3,6,5,8,6,7,8,9,7,8,8,10,10,5,5,5,9,6,4,8,7,8,7,8,8,Teaching / Professor
3725,5,2,5,7,4,1,2,3,3,9,7,5,3,4,5,2,9,8,8,4,3,5,1,9,5,1,5,9,6,2,9,8,Psychology
3726,2,1,3,3,2,2,4,5,8,4,10,3,3,4,7,7,4,5,6,6,3,2,5,8,6,8,7,10,9,5,6,8,Law
3727,1,1,2,3,3,5,5,4,3,9,5,4,5,6,10,5,5,8,6,6,4,5,4,6,3,6,5,8,4,5,7,9,Psychology
3728,8,4,1,2,4,10,6,6,1,4,5,10,3,9,6,6,3,5,3,6,5,3,8,5,2,3,6,10,7,4,6,6,CA / Accounting
3729,4,1,3,3,5,4,7,7,5,7,10,5,3,7,10,8,6,7,6,8,5,3,4,8,9,9,6,9,7,5,7,7,Law
3730,3,1,3,3,2,3,3,3,4,10,5,3,7,8,9,6,7,8,5,7,4,6,4,9,4,5,8,8,5,6,6,7,Psychology
3731,4,3,4,6,6,3,5,4,10,8,8,6,5,8,10,7,8,8,7,9,7,3,5,10,10,9,5,10,8,5,10,9,Civil Services
3732,1,2,4,1,6,2,7,2,9,6,8,5,3,7,7,9,6,4,4,9,5,3,2,10,8,7,5,6,8,3,6,10,Civil Services
3733,9,7,6,6,9,1,6,6,4,6,7,6,7,6,6,8,4,3,5,5,8,5,5,5,4,4,4,8,5,8,9,6,Engineering
3734,7,4,5,8,4,5,3,6,6,4,5,4,6,9,9,5,9,7,6,8,6,2,4,6,3,6,10,10,8,3,7,5,Teaching / Professor
3735,6,3,4,4,5,6,9,7,4,1,9,8,3,6,8,4,7,4,4,3,6,1,9,4,3,4,5,8,7,7,5,6,Finance / Banking
3736,7,6,8,10,7,5,6,2,6,7,8,10,8,9,9,8,5,10,6,7,7,10,4,9,7,5,8,10,10,5,10,10,MBBS / Doctor
3737,5,4,6,2,7,4,6,5,8,6,5,5,6,7,8,6,8,8,6,9,6,2,3,7,3,5,8,8,7,6,8,7,Teaching / Professor
3738,5,3,3,7,2,2,4,1,4,8,4,3,8,8,7,6,8,7,7,6,3,6,3,6,4,1,6,4,5,1,7,7,Psychology
3739,6,5,6,6,5,6,5,6,8,6,8,8,6,8,9,9,6,8,8,7,5,4,8,9,10,9,5,9,7,5,7,8,Civil Services
3740,6,4,5,5,7,3,2,9,9,8,5,7,6,10,7,5,6,7,8,8,6,3,5,8,5,9,6,7,7,6,5,10,Law
3741,3,5,8,9,6,5,4,5,3,4,8,5,9,7,5,4,5,5,10,4,1,10,5,4,3,5,7,5,8,6,6,5,Pharmacy
3742,5,4,2,3,4,8,5,7,4,2,9,10,2,9,3,5,1,5,2,1,7,3,8,4,6,2,2,7,7,8,4,3,Finance / Banking
3743,2,4,4,5,5,3,7,4,10,4,7,6,5,6,6,7,4,6,8,8,8,1,2,8,7,8,7,9,7,4,7,10,Civil Services
3744,2,2,4,7,4,3,3,2,5,6,3,4,5,8,9,2,8,10,7,6,2,8,2,6,2,3,9,7,6,1,8,6,Psychology
3745,3,5,3,4,1,2,3,4,6,10,7,5,7,8,9,6,7,9,7,10,3,6,1,10,5,6,10,8,7,5,7,8,Psychology
3746,4,4,6,6,9,6,4,4,5,5,6,3,5,9,9,4,6,9,7,9,2,1,2,6,5,2,9,10,5,4,8,9,Teaching / Professor
3747,4,5,4,9,4,3,2,4,5,6,8,6,8,8,7,6,8,8,7,6,6,9,2,7,3,4,6,6,8,3,6,10,MBBS / Doctor
3748,4,4,4,4,4,3,5,2,6,10,7,5,5,4,10,3,5,8,8,8,5,4,2,6,5,5,5,8,6,1,8,9,Psychology
3749,7,4,7,9,6,3,4,5,2,7,7,5,8,8,7,10,7,9,6,4,5,9,1,6,6,1,5,10,8,3,9,7,MBBS / Doctor
3750,5,4,5,2,5,3,6,8,4,4,9,7,3,8,6,10,10,6,4,6,7,3,9,7,6,5,4,5,8,7,9,10,Business / Management
3751,7,5,5,4,5,4,4,3,6,4,7,5,3,5,7,5,7,6,6,9,6,5,1,4,2,1,7,7,6,4,7,10,Teaching / Professor
3752,4,7,8,10,5,5,3,3,6,6,9,8,8,8,7,5,7,8,7,6,6,8,3,2,6,3,3,9,5,3,7,3,Pharmacy
3753,2,1,3,2,5,3,3,2,6,5,7,3,2,2,9,5,10,5,5,5,7,2,3,9,5,5,4,5,5,7,10,8,Journalism / Media
3754,6,5,2,1,4,7,7,6,3,7,9,9,2,5,6,7,6,3,2,3,6,1,10,3,4,5,4,6,9,3,3,5,CA / Accounting
3755,4,4,4,2,1,1,2,6,5,5,7,4,4,5,5,9,3,6,5,7,3,2,4,6,9,8,4,8,6,5,7,7,Civil Services
3756,4,6,2,4,4,4,8,6,9,4,4,4,5,7,8,10,7,6,6,7,7,1,6,9,8,7,7,7,7,6,6,9,Civil Services
3757,4,5,3,7,6,6,7,5,8,9,5,6,6,9,9,7,5,7,9,8,5,4,5,7,4,8,10,8,6,5,9,10,Teaching / Professor
3758,4,5,2,5,5,4,6,7,1,6,9,6,4,7,9,8,8,3,3,7,7,3,4,2,4,3,5,3,6,7,8,6,Business / Management
3759,9,6,2,3,7,8,6,8,2,5,6,9,3,10,5,5,7,6,6,4,5,1,8,3,3,3,6,5,8,7,7,8,Finance / Banking
3760,4,2,10,7,5,6,2,3,3,6,5,6,9,5,5,6,4,3,7,5,2,8,3,3,1,2,3,10,4,4,5,6,Pharmacy
3761,5,3,7,3,6,3,6,5,10,7,8,8,2,9,6,8,7,7,6,8,4,2,6,10,10,7,5,8,10,4,9,7,Civil Services
3762,5,4,5,10,5,1,5,5,5,7,7,5,6,9,7,5,7,8,7,7,4,9,1,3,3,2,3,7,10,2,7,9,Dentist
3763,2,2,3,2,3,1,3,6,4,10,4,2,3,7,6,1,6,9,7,3,1,4,1,4,2,4,5,7,6,1,5,7,Psychology
3764,8,4,2,6,7,7,6,9,3,6,7,10,6,5,8,10,8,5,6,6,8,2,7,7,5,5,5,6,7,6,10,10,Business / Management
3765,7,7,7,5,7,1,4,6,5,5,10,10,7,10,6,8,8,2,5,3,6,5,7,4,5,6,5,7,7,7,9,7,Engineering
3766,5,1,7,8,4,1,3,5,3,7,6,7,10,8,6,6,7,5,7,4,3,9,3,2,3,3,4,8,8,6,6,5,Pharmacy
3767,4,4,9,4,5,2,4,4,1,5,6,2,8,5,6,6,5,6,6,4,4,5,3,4,5,2,3,8,6,3,7,7,Pharmacy
3768,4,4,5,8,7,2,4,2,2,5,3,3,6,5,8,6,4,9,4,3,7,10,3,5,3,2,7,10,8,6,6,9,MBBS / Doctor
3769,7,3,1,6,4,2,8,2,6,10,9,6,6,6,10,5,8,9,7,9,2,5,4,7,7,1,5,8,8,3,8,10,Psychology
3770,2,7,8,6,3,2,1,5,4,5,5,6,8,9,3,3,4,4,8,5,6,8,4,5,2,3,5,5,10,4,5,5,Pharmacy
3771,7,4,8,10,4,4,5,4,4,7,10,7,10,6,4,5,8,7,10,5,7,9,6,6,5,4,3,9,8,5,10,7,Pharmacy
3772,5,7,5,10,6,2,3,4,2,3,8,3,7,7,8,5,4,9,6,4,6,9,2,5,4,4,4,10,6,2,7,7,MBBS / Doctor
3773,3,2,1,2,5,2,2,3,8,1,7,4,2,8,10,9,8,6,5,10,5,3,5,9,5,7,5,5,7,5,6,8,Journalism / Media
3774,6,3,2,4,6,3,4,4,7,6,10,3,4,9,10,7,9,6,6,7,4,1,4,7,4,10,6,7,8,6,5,9,Law
3775,1,5,1,3,5,2,6,3,7,5,7,2,4,5,10,5,10,5,4,7,5,1,1,8,5,5,4,3,4,7,9,10,Journalism / Media
3776,7,2,5,8,3,6,1,5,4,6,9,4,9,6,9,5,9,10,7,10,6,3,2,5,6,4,10,8,9,3,5,6,Teaching / Professor
3777,5,1,1,3,2,3,6,6,8,4,10,6,5,8,6,5,8,5,4,4,6,4,8,8,6,6,6,7,7,4,7,8,Law
3778,2,5,4,8,5,4,1,2,5,9,6,4,9,7,8,5,8,10,7,5,2,6,2,6,2,5,5,8,9,1,7,7,Psychology
3779,6,1,1,3,4,1,3,4,3,9,7,2,4,5,8,4,10,10,7,6,3,5,2,7,4,2,5,9,8,3,7,8,Psychology
3780,8,7,5,4,8,1,4,5,6,7,6,7,5,10,7,6,7,7,8,6,9,3,5,5,3,3,6,9,6,6,7,6,Engineering
3781,2,2,3,2,5,2,6,6,9,5,9,4,5,7,7,5,9,6,10,9,5,3,3,7,2,6,4,5,7,7,8,10,Journalism / Media
3782,4,7,1,4,6,5,7,9,5,6,9,2,7,10,5,9,10,7,7,7,4,5,8,7,2,3,5,8,10,7,8,10,Business / Management
3783,6,5,3,6,6,2,4,5,7,7,6,9,4,7,5,5,6,10,10,9,5,1,2,4,4,5,10,9,6,3,8,10,Teaching / Professor
3784,6,5,3,5,7,5,6,7,5,5,7,6,6,10,5,7,6,6,7,7,8,2,9,4,8,4,5,7,6,7,6,5,Finance / Banking
3785,3,1,3,5,1,1,1,3,3,8,7,3,5,7,8,5,6,10,8,3,2,6,4,5,2,3,7,7,5,2,5,7,Psychology
3786,7,6,5,7,9,6,9,4,10,6,7,6,4,10,10,9,8,6,9,10,5,4,4,8,10,8,7,10,9,8,10,10,Civil Services
3787,7,4,2,1,7,6,9,8,6,8,10,8,3,8,7,7,7,5,7,3,8,1,10,4,2,4,5,5,6,6,9,4,Finance / Banking
3788,7,3,8,9,6,3,4,7,3,7,8,8,8,7,5,3,8,6,7,4,3,8,5,6,1,2,6,9,6,4,7,6,Pharmacy
3789,4,5,5,7,2,2,3,2,4,4,9,4,9,7,8,6,6,10,5,2,5,7,2,1,1,1,5,8,6,1,7,7,Dentist
3790,5,7,5,3,5,6,7,9,4,5,8,6,9,10,7,7,9,6,7,8,5,2,7,6,3,6,4,7,9,10,10,8,Business / Management
3791,6,2,5,6,4,3,6,2,6,5,5,6,5,10,7,8,8,6,6,7,3,2,3,7,10,6,5,10,10,3,6,8,Civil Services
3792,3,3,4,6,4,5,1,4,3,9,8,4,3,9,6,4,9,9,4,6,4,7,4,8,4,3,8,8,8,4,5,10,Psychology
3793,1,3,10,10,4,2,3,6,6,5,7,5,9,8,7,4,7,5,5,5,6,10,2,5,3,5,5,8,6,5,7,5,Pharmacy
3794,6,2,4,2,6,3,6,6,6,4,4,3,4,6,8,8,9,5,5,5,4,1,5,2,4,4,4,6,4,8,6,7,Business / Management
3795,4,3,5,2,5,3,4,1,7,8,8,4,3,9,8,10,6,7,5,6,6,2,5,8,7,7,6,7,8,3,4,8,Civil Services
3796,8,1,5,5,6,8,6,5,2,3,5,9,1,6,4,6,6,2,6,2,4,3,7,3,3,4,3,5,8,4,7,5,CA / Accounting
3797,10,1,2,1,4,10,5,6,2,4,7,10,3,6,3,4,4,4,5,5,7,3,9,3,3,4,6,8,6,3,9,6,CA / Accounting
3798,3,3,8,7,3,4,4,3,4,5,6,5,7,7,6,4,8,8,2,3,4,6,1,4,1,1,2,7,8,3,8,8,Dentist
3799,10,6,6,9,3,4,6,5,3,5,8,5,8,7,10,6,7,9,6,6,4,10,2,6,4,3,8,9,6,6,7,9,MBBS / Doctor
3800,4,8,5,8,4,1,1,4,5,5,9,1,6,7,7,5,5,8,8,6,5,9,4,7,5,2,6,9,7,5,8,9,MBBS / Doctor
3801,1,1,2,3,2,3,5,4,10,4,8,7,3,6,8,9,5,8,3,5,5,2,6,9,7,6,7,7,7,3,6,7,Civil Services
3802,3,2,3,4,5,5,6,3,8,5,6,3,1,6,6,8,9,9,6,10,5,2,4,9,5,6,3,5,6,6,7,7,Journalism / Media
3803,3,4,10,7,2,1,2,2,5,4,5,4,10,9,5,5,6,6,8,5,6,7,3,1,3,3,4,8,6,2,8,5,Pharmacy
3804,6,5,5,9,6,1,5,5,4,5,6,5,6,8,7,4,5,5,4,5,3,8,1,3,1,4,5,9,7,6,4,9,Dentist
3805,5,4,5,4,4,2,7,4,8,6,7,5,4,7,8,8,8,10,5,7,3,1,5,8,10,7,5,9,10,4,10,8,Civil Services
3806,2,2,4,4,7,3,6,7,4,7,6,4,3,6,9,5,8,5,5,8,5,1,2,10,3,7,4,7,8,7,8,9,Journalism / Media
3807,6,4,2,2,8,7,6,8,3,3,6,10,5,6,6,6,2,4,2,4,10,1,10,6,4,4,3,5,7,5,7,6,Finance / Banking
3808,7,4,2,2,5,7,6,8,6,4,7,8,1,9,4,3,4,3,7,4,8,3,8,7,6,5,6,9,7,5,9,7,CA / Accounting
3809,6,4,3,5,6,3,5,8,5,9,7,6,4,9,8,8,6,5,3,7,7,2,9,7,4,3,5,6,7,7,7,8,Business / Management
3810,6,5,6,5,6,5,9,9,3,8,6,4,6,7,9,10,6,6,7,8,7,7,7,6,6,7,7,5,9,8,8,9,Business / Management
3811,7,5,7,5,6,2,4,6,2,4,7,3,8,6,4,5,4,4,8,5,6,7,3,3,3,3,5,9,7,3,7,7,Pharmacy
3812,5,2,1,3,4,3,7,5,10,6,8,7,3,8,8,10,3,6,8,9,6,4,6,8,8,10,6,7,6,5,6,7,Law
3813,4,5,4,9,6,5,5,6,6,8,7,5,6,8,8,6,3,10,7,8,6,10,4,4,4,3,5,10,8,5,6,9,MBBS / Doctor
3814,4,2,4,3,5,2,3,3,5,5,7,2,5,10,8,8,9,8,2,7,5,1,3,9,4,8,4,7,5,9,8,9,Journalism / Media
3815,4,7,4,9,4,3,2,4,5,6,7,6,9,10,7,8,6,6,7,6,5,10,5,4,6,5,7,8,7,6,9,8,MBBS / Doctor
3816,2,6,5,8,4,4,2,3,2,4,7,4,7,6,6,5,7,4,7,3,5,8,1,1,3,1,3,6,3,3,5,4,Pharmacy
3817,5,5,9,7,6,3,3,3,4,6,7,5,8,10,9,7,5,9,7,6,5,10,5,5,4,4,7,8,7,6,10,10,MBBS / Doctor
3818,5,4,1,4,6,4,6,9,6,6,8,4,4,9,6,9,8,6,5,7,6,1,7,7,5,4,4,5,6,8,10,10,Business / Management
3819,8,7,4,6,6,3,4,4,1,6,7,6,9,7,6,7,7,1,7,4,8,3,1,4,2,3,5,8,5,8,8,5,Engineering
3820,10,10,6,5,10,1,6,4,5,4,9,8,3,9,7,7,7,8,7,6,10,4,3,1,4,5,5,8,7,9,7,7,Engineering
3821,10,8,4,3,8,4,4,5,1,3,5,6,9,10,6,5,7,5,4,4,10,2,3,4,4,3,5,8,10,6,7,8,Engineering
3822,7,8,5,10,5,1,4,4,5,6,8,5,7,9,7,7,8,8,8,6,5,7,3,5,3,1,4,10,8,3,7,8,MBBS / Doctor
3823,5,5,5,7,6,6,8,7,2,5,9,9,4,7,10,9,8,9,7,9,5,2,9,6,3,5,7,9,8,8,9,10,Business / Management
3824,8,5,3,3,7,1,3,3,4,4,10,6,7,7,6,4,9,2,8,4,9,5,4,3,4,6,3,9,7,5,5,5,Engineering
3825,4,1,3,7,5,4,3,3,4,10,8,7,7,9,9,7,7,8,9,9,3,6,3,10,5,6,9,8,7,2,10,10,Psychology
3826,4,6,3,2,4,2,5,3,8,2,10,4,7,8,8,5,6,9,6,10,5,5,6,6,7,10,2,6,5,7,8,8,Law
3827,3,3,6,4,5,3,6,6,9,4,8,7,3,9,5,7,4,8,7,8,4,3,5,7,10,7,5,8,9,4,8,10,Civil Services
3828,4,2,2,5,6,2,8,6,3,5,10,7,4,8,9,10,7,5,3,8,8,1,6,3,4,3,3,7,7,8,9,10,Business / Management
3829,4,3,1,2,3,1,7,5,6,6,7,4,1,7,9,8,8,5,5,8,4,2,3,10,6,6,5,8,10,5,8,8,Law
3830,4,1,3,4,3,3,5,5,7,5,8,5,1,6,10,6,10,5,9,7,6,1,3,9,5,8,4,6,4,7,9,10,Journalism / Media
3831,3,1,6,6,2,3,4,3,4,8,7,4,6,9,7,8,7,10,7,7,7,9,4,8,2,3,5,6,6,2,9,9,Psychology
3832,4,5,1,3,4,4,6,4,7,6,6,5,3,8,6,8,6,9,7,10,5,3,3,10,10,8,7,8,7,5,9,9,Civil Services
3833,4,9,10,10,4,1,1,3,2,4,6,6,10,8,10,4,8,7,9,4,5,10,6,4,3,2,5,6,4,3,6,5,Pharmacy
3834,5,8,8,8,6,3,2,4,1,7,9,3,8,6,7,4,9,8,5,3,4,9,4,5,4,4,6,10,6,7,8,8,Dentist
3835,4,1,2,3,3,3,6,3,6,3,8,4,6,9,9,7,6,6,8,8,6,1,4,5,10,7,7,5,7,3,10,7,Civil Services
3836,3,2,1,5,3,3,3,4,6,10,8,3,4,5,8,8,6,10,5,6,1,5,1,9,7,1,6,10,8,4,6,7,Psychology
3837,3,5,7,8,4,2,5,4,2,7,8,5,10,8,8,7,7,8,5,7,7,10,3,2,5,3,8,10,9,1,7,7,MBBS / Doctor
3838,3,7,4,4,6,4,6,10,4,6,7,5,7,9,9,10,5,5,2,7,8,3,9,3,3,6,5,4,9,10,9,6,Business / Management
3839,4,4,7,10,2,3,2,5,1,5,7,7,9,7,7,5,5,6,6,3,4,10,1,6,2,3,5,8,9,3,8,9,Dentist
3840,6,2,1,1,5,9,8,10,1,1,9,8,3,5,4,6,2,5,5,2,7,2,8,3,1,2,5,8,9,4,4,4,CA / Accounting
3841,7,4,4,7,6,10,9,9,6,5,9,9,5,10,9,8,5,4,4,5,9,2,9,6,4,4,6,7,7,7,8,10,Finance / Banking
3842,4,3,9,10,6,3,3,7,2,5,7,8,9,10,7,3,7,8,9,6,9,10,1,3,4,3,4,10,7,7,7,7,Pharmacy
3843,7,5,7,8,4,4,5,5,8,6,9,7,7,8,9,6,9,9,9,10,5,4,1,7,4,6,8,9,7,4,8,8,Teaching / Professor
3844,7,7,5,8,6,3,4,6,1,7,6,6,7,9,7,8,8,7,6,6,6,9,6,2,5,6,2,7,6,4,7,8,Dentist
3845,4,3,7,10,4,2,5,5,5,5,5,7,6,10,7,9,7,6,5,5,5,7,6,5,3,3,6,7,8,6,8,7,Dentist
3846,2,2,1,2,3,4,4,7,8,4,9,6,1,7,8,6,5,4,7,9,3,1,3,9,5,9,6,4,6,2,8,5,Law
3847,4,2,1,2,1,1,7,3,8,5,8,4,4,8,9,9,3,7,5,2,7,1,3,8,7,8,6,10,6,4,6,6,Civil Services
3848,5,4,6,5,6,3,2,1,7,6,7,6,6,7,10,7,7,7,6,10,7,4,3,7,4,6,10,8,9,3,5,9,Teaching / Professor
3849,1,3,5,4,5,3,1,6,6,6,10,6,2,9,10,7,8,7,7,8,8,5,5,8,7,10,6,10,6,7,10,10,Law
3850,7,5,6,10,7,4,3,4,2,6,6,6,8,8,7,6,8,8,6,6,5,8,6,2,3,3,5,10,8,3,5,9,Dentist
3851,5,6,3,3,3,2,2,4,6,5,6,3,3,7,8,3,8,9,5,7,6,3,6,8,2,7,6,6,8,6,9,10,Journalism / Media
3852,4,2,8,8,4,3,3,2,4,4,6,5,10,8,6,6,6,4,7,3,8,8,2,5,2,6,5,5,6,3,6,7,Pharmacy
3853,5,2,4,2,4,6,10,3,4,4,7,8,3,8,7,7,2,2,3,3,6,3,9,4,3,7,3,7,7,6,5,5,CA / Accounting
3854,4,3,3,4,3,2,4,3,10,7,6,4,2,7,8,7,5,5,3,10,5,2,3,8,10,9,5,6,6,1,9,8,Civil Services
3855,9,3,4,5,7,1,3,6,1,6,8,6,6,7,7,7,4,4,5,7,6,5,4,2,3,2,3,7,5,3,6,3,Engineering
3856,10,7,5,7,9,4,5,4,4,7,9,6,7,10,6,4,10,6,7,5,10,3,6,6,5,4,5,9,6,4,8,7,Engineering
3857,6,6,4,4,7,8,5,8,4,7,7,7,5,8,8,10,7,6,3,7,7,5,7,4,4,8,3,5,8,7,9,9,Business / Management
3858,6,3,1,1,4,7,7,5,1,6,9,10,2,6,6,6,3,2,5,1,6,1,10,5,5,3,2,6,6,2,6,4,CA / Accounting
3859,7,2,2,4,6,10,8,6,3,3,10,9,4,9,6,5,3,2,4,6,8,1,6,4,5,5,5,5,8,7,8,5,Finance / Banking
3860,5,2,3,6,4,2,3,3,5,10,5,3,5,6,5,9,9,7,7,5,3,8,3,5,6,3,8,7,8,4,6,9,Psychology
3861,7,3,5,2,1,6,7,9,5,5,6,5,3,7,5,6,7,2,1,6,6,2,3,7,1,3,3,7,8,7,7,8,Business / Management
3862,3,5,6,7,4,2,1,2,4,5,5,6,8,9,6,6,5,8,9,5,7,10,4,5,6,3,6,10,9,5,7,7,MBBS / Doctor
3863,5,4,2,5,4,2,6,8,7,6,10,3,3,6,9,7,9,8,8,8,6,3,4,10,7,8,5,6,5,6,7,8,Journalism / Media
3864,6,7,3,6,5,4,1,2,6,7,5,5,7,7,10,8,6,7,7,10,7,2,5,4,4,4,9,5,7,1,7,10,Teaching / Professor
3865,5,5,6,8,7,3,6,5,7,6,9,6,4,5,10,5,8,10,8,10,6,3,1,4,7,4,7,8,6,3,10,9,Teaching / Professor
3866,8,8,7,3,7,3,6,3,4,4,5,8,7,8,8,4,6,1,6,4,8,5,5,5,3,6,5,6,5,6,8,9,Engineering
3867,9,3,2,2,6,9,8,7,5,4,7,8,7,9,10,4,6,4,5,3,9,1,10,4,3,3,4,6,7,4,4,4,Finance / Banking
3868,4,6,7,7,4,1,3,3,2,5,6,7,8,10,7,3,5,9,7,5,4,8,1,6,3,5,5,8,9,6,9,5,MBBS / Doctor
3869,6,3,5,4,2,2,2,5,4,8,4,3,2,6,5,4,6,8,7,6,4,7,3,7,6,4,5,7,6,2,8,8,Psychology
3870,3,3,2,5,5,2,3,5,6,8,6,4,6,7,10,5,9,8,6,7,6,3,2,8,5,8,6,3,9,4,8,7,Journalism / Media
3871,4,3,2,5,5,2,9,8,8,9,6,3,3,10,7,9,6,7,7,8,6,2,3,7,5,8,8,8,7,6,7,5,Law
3872,6,5,1,7,6,3,7,2,9,5,7,5,3,7,9,8,5,7,7,8,3,1,3,6,9,5,4,9,9,3,9,5,Civil Services
3873,4,5,5,10,1,4,4,3,5,4,9,2,6,7,7,6,8,5,4,4,3,9,1,3,3,3,5,8,8,5,2,7,Dentist
3874,4,3,5,7,9,7,4,6,6,8,8,6,7,9,10,6,9,9,6,9,7,4,10,4,3,5,5,4,9,8,10,6,Business / Management
3875,5,2,2,4,5,6,8,6,4,5,7,6,3,7,4,5,2,4,3,3,6,1,8,2,6,5,5,6,7,6,7,8,Finance / Banking
3876,6,6,3,1,8,6,8,7,3,4,8,7,4,8,9,8,4,4,4,4,8,2,8,5,1,3,6,9,9,5,5,6,Finance / Banking
3877,6,5,4,2,9,6,6,6,4,5,9,8,5,7,10,8,2,4,4,8,6,1,10,1,4,5,4,9,8,5,7,9,Finance / Banking
3878,2,5,1,1,6,1,5,3,6,7,4,3,4,6,8,6,6,9,6,9,5,2,5,6,6,8,8,5,6,8,6,10,Journalism / Media
3879,1,1,1,1,6,2,5,3,7,5,8,2,4,9,7,4,7,6,8,6,7,1,7,6,6,6,4,7,7,5,6,9,Law
3880,7,3,4,6,2,1,1,3,5,7,6,4,10,9,7,6,5,10,6,5,3,8,1,5,3,3,5,7,6,4,8,7,MBBS / Doctor
3881,5,2,1,2,6,7,4,6,1,2,4,7,2,5,5,6,5,5,2,2,3,2,8,5,3,3,3,7,5,3,4,7,CA / Accounting
3882,5,5,2,5,6,3,5,8,8,8,10,4,5,7,10,8,5,7,6,6,7,2,3,9,10,7,7,8,8,4,7,7,Civil Services
3883,1,1,4,5,2,3,2,3,8,10,6,4,6,8,7,5,6,7,5,6,2,5,3,7,3,6,8,7,5,3,6,7,Psychology
3884,6,7,4,4,4,2,4,3,8,2,8,5,9,7,9,8,6,8,9,9,8,3,3,7,4,4,10,10,8,4,9,10,Teaching / Professor
3885,7,2,3,5,5,6,7,9,3,6,10,6,5,9,6,9,8,3,6,6,8,2,10,5,7,5,5,8,6,8,9,9,Business / Management
3886,4,8,9,8,3,1,2,4,7,4,6,4,8,4,4,3,7,3,7,4,5,6,2,1,4,3,3,9,6,4,6,5,Pharmacy
3887,6,3,3,6,7,2,6,5,7,5,7,4,5,8,10,6,8,8,7,7,6,1,5,5,2,9,5,6,7,8,8,9,Journalism / Media
3888,5,1,4,3,4,3,6,6,10,6,6,4,4,7,9,7,6,9,8,6,4,3,4,8,8,7,6,10,10,8,7,10,Civil Services
3889,4,2,2,4,3,1,6,1,10,4,8,5,1,8,7,7,3,8,8,7,2,2,2,6,7,7,5,8,8,3,7,6,Civil Services
3890,4,2,3,1,4,5,6,4,9,5,10,6,4,10,8,10,8,7,3,8,4,1,3,10,7,10,8,9,9,6,6,8,Law
3891,7,6,5,6,10,4,5,2,4,3,10,5,7,7,5,6,8,4,7,4,9,4,4,3,3,5,3,5,7,5,5,7,Engineering
3892,4,5,3,5,3,2,6,6,8,3,9,5,5,8,10,7,7,10,6,8,4,2,3,9,10,8,4,6,8,6,8,9,Civil Services
3893,5,5,9,9,7,3,5,1,2,4,7,3,10,8,9,6,7,5,7,6,7,9,1,7,4,3,10,9,7,4,9,7,MBBS / Doctor
3894,6,1,1,3,5,10,6,8,5,2,9,9,2,4,7,5,4,6,5,4,9,2,8,6,5,4,3,8,9,4,7,5,CA / Accounting
3895,5,3,2,1,5,9,7,7,3,3,9,10,2,7,6,5,5,3,5,4,5,2,10,7,1,5,5,10,6,4,5,8,CA / Accounting
3896,7,4,6,8,5,3,2,5,2,6,7,6,7,9,10,4,4,10,6,5,5,10,1,6,2,1,5,8,7,3,6,6,MBBS / Doctor
3897,2,1,9,8,6,4,3,4,6,6,7,6,10,7,8,6,8,9,9,6,6,10,2,6,4,2,7,10,8,4,4,6,Pharmacy
3898,2,2,2,4,7,1,3,4,7,7,9,2,9,8,7,6,9,4,6,10,6,4,2,10,7,9,2,7,8,9,6,10,Journalism / Media
3899,4,3,4,7,4,3,5,4,5,7,7,5,5,5,10,7,9,7,8,4,6,4,5,2,2,5,9,6,7,3,6,6,Teaching / Professor
3900,6,4,5,4,7,6,7,10,4,5,5,4,1,8,9,10,6,6,4,8,6,2,5,4,4,5,2,5,7,10,7,9,Business / Management
3901,5,4,4,2,2,1,6,5,7,5,9,7,2,7,9,8,6,7,7,7,4,4,6,8,10,10,6,7,7,7,6,9,Law
3902,7,6,6,10,6,4,5,5,6,5,3,6,10,8,5,7,6,3,8,2,6,7,6,1,7,7,4,7,8,6,6,5,Pharmacy
3903,5,7,7,4,6,2,4,6,7,4,9,5,7,8,10,6,8,9,7,7,4,6,1,5,5,4,10,7,7,5,6,7,Teaching / Professor
3904,4,4,3,5,5,4,4,4,7,5,5,6,4,10,5,10,5,7,6,9,5,2,3,8,7,10,3,7,7,4,5,7,Civil Services
3905,3,2,4,3,3,6,4,6,8,9,8,6,4,6,10,7,7,7,9,8,5,4,5,9,7,10,6,8,9,7,7,7,Law
3906,3,6,2,7,1,2,5,5,8,6,7,5,4,10,10,8,9,3,4,8,3,3,6,7,5,10,2,7,6,6,7,8,Law
3907,5,2,4,1,7,3,5,8,4,5,5,6,5,9,8,8,6,3,5,8,5,3,7,6,5,1,6,6,6,7,8,7,Business / Management
3908,5,5,6,10,2,1,3,2,3,4,6,5,7,6,6,8,7,7,7,5,7,9,2,7,3,3,8,9,6,3,5,10,MBBS / Doctor
3909,9,3,3,5,4,6,9,5,4,3,8,10,2,5,4,7,6,3,7,5,7,4,7,5,2,2,2,8,8,8,7,6,Finance / Banking
3910,1,4,2,2,3,4,3,6,8,7,4,6,1,6,9,6,8,8,8,10,5,3,4,8,3,6,6,6,7,6,6,8,Journalism / Media
3911,9,2,2,1,7,7,10,6,3,1,10,10,7,10,6,6,5,5,3,3,5,1,9,3,4,2,3,5,8,7,8,5,Finance / Banking
3912,5,6,3,9,6,1,5,4,3,4,8,5,9,6,9,4,9,9,4,5,5,5,4,3,3,4,5,8,10,5,8,8,Dentist
3913,5,4,4,5,7,5,7,10,4,2,5,4,3,6,8,9,8,5,6,7,9,4,6,7,4,6,6,6,7,7,7,5,Business / Management
3914,7,7,10,7,4,2,4,2,4,5,6,8,10,3,7,5,5,8,8,4,4,9,3,5,4,6,4,7,8,3,6,5,Pharmacy
3915,3,1,1,5,4,1,1,1,5,9,5,1,7,5,5,1,5,7,5,6,3,6,1,8,3,3,4,7,6,3,5,9,Psychology
3916,3,3,4,1,5,1,1,3,9,6,6,4,5,7,9,5,9,7,5,8,5,4,4,6,4,6,5,6,5,4,9,9,Journalism / Media
3917,5,5,8,9,3,2,4,3,4,7,7,7,10,5,6,3,5,8,7,7,6,9,3,5,3,5,8,10,7,3,7,9,MBBS / Doctor
3918,5,2,5,2,6,4,7,4,9,5,7,5,5,10,6,6,9,6,7,9,5,3,4,6,10,9,6,10,8,5,7,8,Civil Services
3919,4,4,7,10,4,4,4,5,3,7,8,7,9,9,7,8,4,7,7,4,4,8,3,5,6,6,7,8,8,3,8,10,MBBS / Doctor
3920,4,5,8,9,4,1,1,3,4,6,8,6,10,6,3,5,3,6,8,7,7,9,3,2,6,3,5,7,9,3,6,6,Pharmacy
3921,8,4,1,3,4,4,8,6,2,5,8,10,4,8,5,3,8,5,7,3,8,2,10,5,4,4,4,8,6,6,7,7,Finance / Banking
3922,5,5,4,5,2,3,6,4,7,6,5,5,4,7,6,8,6,6,6,6,6,5,4,9,10,8,7,6,4,5,9,7,Civil Services
3923,8,6,4,4,2,2,3,4,6,4,8,4,7,6,10,5,6,9,6,10,5,2,3,7,3,5,10,7,8,5,8,8,Teaching / Professor
3924,2,4,2,6,1,1,2,2,4,10,3,4,4,6,10,5,6,7,7,4,1,4,1,9,4,2,7,5,3,5,9,7,Psychology
3925,3,2,4,4,3,6,6,3,9,6,8,7,2,8,7,5,3,8,7,9,4,1,3,7,8,5,7,7,7,3,8,5,Civil Services
3926,4,3,6,8,4,3,2,3,1,5,5,4,7,3,8,6,7,5,4,5,4,10,2,5,1,4,5,6,7,4,5,5,Dentist
3927,1,1,3,2,3,1,7,6,8,5,7,4,5,7,8,8,9,5,6,8,9,2,3,7,3,7,5,6,6,5,6,8,Journalism / Media
3928,7,1,2,3,4,10,9,7,3,3,7,10,2,6,7,5,6,2,4,5,4,3,10,3,6,5,4,9,9,1,3,4,CA / Accounting
3929,4,6,4,5,6,3,3,5,6,4,8,6,6,7,6,5,7,6,9,6,5,6,2,6,3,3,10,9,7,4,6,6,Teaching / Professor
3930,3,2,5,2,6,3,5,5,8,6,8,6,4,6,7,4,7,6,8,8,4,3,3,8,10,5,6,8,9,3,10,8,Civil Services
3931,4,3,6,4,5,3,5,4,8,7,8,4,2,6,7,10,8,6,7,9,2,2,6,10,10,8,8,10,8,7,9,6,Civil Services
3932,5,3,7,10,5,1,4,2,6,5,6,4,8,8,4,8,8,6,2,7,5,9,2,2,4,3,4,9,7,2,5,7,Dentist
3933,3,4,8,8,4,2,5,6,3,4,7,6,6,9,7,4,4,4,8,6,1,8,1,3,2,4,5,9,6,4,7,8,Pharmacy
3934,7,7,5,5,8,3,1,4,2,2,6,7,8,6,5,5,6,6,7,6,8,2,3,4,4,2,4,7,10,9,5,5,Engineering
3935,5,2,3,1,5,10,8,7,3,4,6,10,1,9,3,5,5,2,2,2,5,2,9,4,4,5,3,8,5,2,5,10,CA / Accounting
3936,3,2,3,3,6,8,5,5,7,3,7,5,3,10,9,9,6,4,7,10,3,1,2,9,6,9,6,7,5,5,10,10,Law
3937,7,1,2,3,3,8,6,6,3,1,7,9,4,5,4,4,2,1,5,4,6,2,9,3,6,6,4,7,7,5,5,6,CA / Accounting
3938,8,5,7,6,7,3,5,6,6,4,7,7,6,7,8,6,6,7,5,5,5,5,1,9,6,5,10,8,6,1,8,9,Teaching / Professor
3939,5,2,5,4,5,7,8,9,6,7,8,6,8,7,9,9,9,8,4,8,8,2,9,6,4,7,4,6,7,9,8,10,Business / Management
3940,6,5,3,3,10,7,8,7,1,5,5,10,3,7,7,4,5,3,3,4,9,3,8,4,4,3,3,7,6,7,6,8,Finance / Banking
3941,5,2,5,7,5,2,3,5,1,4,8,4,9,6,5,4,3,8,9,5,5,6,2,4,4,2,3,9,6,3,7,6,Pharmacy
3942,4,4,2,2,6,2,3,5,4,5,6,3,1,6,9,6,9,7,5,7,4,3,5,5,7,9,2,7,7,7,9,7,Journalism / Media
3943,4,4,6,7,6,4,4,4,5,6,5,6,7,6,10,5,6,8,6,4,3,8,4,5,7,1,5,7,8,2,8,8,Dentist
3944,3,4,5,4,4,4,6,5,7,8,8,4,2,10,10,8,8,6,8,8,5,2,2,6,6,8,9,9,8,6,7,10,Law
3945,6,1,5,1,6,3,8,6,9,5,5,6,3,8,6,6,5,6,5,7,5,4,6,6,9,8,3,8,5,2,9,6,Civil Services
3946,6,5,8,10,5,1,2,2,1,4,5,5,8,10,6,2,6,6,5,3,5,8,1,5,4,4,4,7,8,4,8,6,Pharmacy
3947,7,1,5,3,5,10,7,8,5,6,8,9,4,10,5,8,3,2,5,3,3,1,10,1,5,4,3,7,7,4,7,9,CA / Accounting
3948,2,4,9,9,2,4,6,4,8,4,7,5,5,8,8,5,10,8,3,6,6,9,3,6,1,4,6,10,8,6,7,10,Dentist
3949,5,4,10,7,3,3,4,3,4,4,6,5,10,8,7,5,4,5,7,2,3,4,2,2,3,2,6,8,2,2,6,5,Pharmacy
3950,2,1,2,1,5,3,4,1,8,4,6,3,2,5,7,3,7,6,7,8,7,2,3,8,4,7,4,5,6,4,6,10,Journalism / Media
3951,6,7,3,4,6,4,7,5,6,9,7,4,8,8,10,6,8,8,9,8,7,6,4,7,8,6,10,10,7,4,8,10,Teaching / Professor
3952,2,3,1,4,5,4,8,6,2,2,8,7,4,6,9,10,7,4,6,5,6,1,6,3,5,3,6,5,7,8,8,7,Business / Management
3953,6,2,3,1,3,7,7,4,1,4,5,7,1,6,9,5,4,2,3,4,5,4,7,1,4,5,4,6,6,4,6,6,CA / Accounting
3954,3,3,7,7,4,4,4,5,3,4,7,6,9,7,7,5,5,7,10,3,5,9,4,3,7,4,4,6,7,4,6,6,Pharmacy
3955,4,5,6,8,4,3,3,4,4,6,8,6,9,8,6,5,4,5,9,4,6,8,3,2,3,2,5,5,8,3,4,4,Pharmacy
3956,8,4,3,1,6,7,9,8,7,5,7,8,4,9,5,6,5,2,6,5,7,3,10,7,5,3,8,5,8,6,7,7,Finance / Banking
3957,5,6,7,10,6,3,5,5,3,4,6,3,7,8,7,7,6,9,5,4,3,10,5,5,5,3,6,10,8,5,10,10,MBBS / Doctor
3958,2,7,3,8,3,2,4,2,6,9,10,4,5,8,7,6,8,10,7,6,4,4,5,6,3,4,9,8,7,2,6,8,Psychology
3959,8,2,4,1,5,9,8,7,2,5,7,6,4,7,6,7,5,2,5,5,7,2,10,6,2,2,6,8,9,6,7,4,Finance / Banking
3960,3,5,8,5,2,3,6,4,5,4,5,6,4,7,7,7,6,7,8,9,6,3,3,4,4,7,9,7,7,3,4,6,Teaching / Professor
3961,5,3,8,6,2,2,3,2,2,4,5,3,5,7,4,3,4,5,5,2,5,7,4,4,3,1,6,7,7,5,6,2,Pharmacy
3962,6,7,5,5,8,5,5,10,8,3,8,5,5,9,10,10,10,8,5,9,7,3,6,8,4,2,7,6,8,8,9,10,Business / Management
3963,2,4,5,2,4,3,7,8,8,6,8,3,1,9,10,10,6,5,5,10,3,3,6,8,8,7,4,7,7,7,4,8,Law
3964,6,4,5,4,6,7,9,7,4,4,9,9,6,7,6,6,5,6,4,7,7,4,10,6,5,6,4,7,6,6,8,7,Finance / Banking
3965,2,6,5,3,6,5,7,5,9,5,7,5,4,10,8,10,5,10,8,5,4,2,3,9,9,8,2,7,8,9,8,8,Civil Services
3966,4,3,4,6,3,3,1,3,7,8,7,3,7,9,7,4,6,9,5,4,1,5,4,9,4,4,7,6,5,1,6,10,Psychology
3967,6,4,3,3,6,2,4,7,10,6,7,8,4,9,6,7,7,7,5,9,5,3,6,9,8,10,6,8,10,3,8,8,Civil Services
3968,3,3,3,1,7,10,7,7,3,3,7,10,1,7,7,5,5,3,2,4,7,1,9,3,3,6,3,6,6,3,4,4,CA / Accounting
3969,4,1,1,1,6,8,6,6,1,1,4,7,3,5,2,6,5,1,2,4,2,1,10,2,3,2,5,7,8,3,4,5,CA / Accounting
3970,4,2,1,3,4,3,4,6,7,5,8,7,2,10,9,7,7,8,5,5,2,1,5,7,8,10,4,7,6,4,6,5,Law
3971,5,4,4,4,9,5,7,10,3,8,6,8,7,8,8,9,9,5,5,7,6,2,8,5,3,5,4,8,8,10,6,9,Business / Management
3972,4,6,8,9,6,2,2,5,4,8,5,5,10,9,8,7,6,6,6,6,7,10,2,3,6,5,8,8,9,4,8,10,MBBS / Doctor
3973,3,2,9,5,3,1,6,2,3,4,7,4,8,9,5,3,3,5,6,2,4,6,2,1,4,1,3,9,5,2,5,6,Pharmacy
3974,6,5,9,8,5,2,4,4,1,6,6,5,9,5,8,6,8,7,5,3,3,10,3,2,3,2,6,7,7,1,5,8,Dentist
3975,2,4,4,5,5,1,3,3,5,7,8,9,4,8,9,6,7,9,7,9,6,3,6,4,5,6,10,8,7,1,6,9,Teaching / Professor
3976,1,1,3,3,3,2,6,4,7,3,5,3,4,8,10,4,9,5,4,8,4,1,4,6,6,8,6,5,7,5,8,9,Journalism / Media
3977,4,5,8,8,5,5,2,6,1,5,7,7,10,3,8,4,4,4,9,5,5,7,4,1,8,3,7,9,7,3,8,6,Pharmacy
3978,8,5,4,7,7,4,5,5,9,7,7,6,6,7,8,8,7,8,8,9,8,3,4,7,5,3,9,9,9,6,9,10,Teaching / Professor
3979,7,4,4,4,6,10,8,7,3,4,10,9,2,9,5,7,5,5,6,5,5,1,10,4,8,5,5,8,6,2,5,6,CA / Accounting
3980,8,6,3,5,8,6,4,7,3,6,10,6,6,6,4,6,6,4,7,2,10,2,4,5,5,3,1,6,7,4,7,5,Engineering
3981,1,1,5,3,10,2,7,5,7,6,9,5,5,5,7,8,6,7,6,9,7,2,3,9,6,8,5,5,7,7,8,7,Journalism / Media
3982,9,6,3,7,8,4,4,4,5,5,10,10,9,10,10,6,8,8,10,4,10,7,6,6,5,5,7,8,8,8,8,8,Engineering
3983,6,10,4,4,8,3,4,6,4,2,7,7,6,9,6,6,7,4,3,5,9,1,4,5,5,4,5,8,6,6,6,7,Engineering
3984,6,3,10,8,7,3,4,5,5,6,6,5,8,9,9,7,6,7,7,3,4,10,4,5,5,4,7,9,7,5,10,7,MBBS / Doctor
3985,6,5,4,4,6,3,7,6,9,7,9,3,2,7,6,7,9,8,8,9,6,4,5,10,8,9,8,7,8,5,8,9,Civil Services
3986,5,6,5,4,8,3,5,2,5,5,7,3,6,8,8,7,5,10,6,8,4,2,5,8,4,10,10,10,6,5,8,7,Teaching / Professor
3987,5,4,2,4,5,2,6,4,9,6,8,8,4,7,10,7,10,7,7,9,6,5,4,4,7,5,5,3,6,7,8,8,Journalism / Media
3988,2,5,1,6,8,4,7,5,6,7,9,4,4,7,9,7,10,7,7,10,5,4,5,8,5,7,6,7,8,6,8,9,Journalism / Media
3989,5,5,4,4,3,1,3,5,3,5,9,2,6,6,8,6,8,6,7,7,6,3,3,7,4,3,5,10,7,2,7,10,Teaching / Professor
3990,3,4,6,7,4,3,6,3,2,7,7,5,8,10,8,4,8,5,7,5,4,8,1,4,1,1,6,8,9,6,7,8,Dentist
3991,6,5,5,2,7,7,7,6,2,4,7,9,3,6,5,6,4,3,7,2,9,3,10,5,3,3,7,8,8,6,6,5,Finance / Banking
3992,4,7,2,6,3,3,2,5,7,10,8,3,4,8,9,8,8,6,7,8,3,6,1,9,4,5,8,8,5,5,8,9,Psychology
3993,10,8,7,7,8,3,4,5,2,6,9,8,7,10,5,7,9,3,8,3,9,2,6,3,2,5,5,5,8,4,6,6,Engineering
3994,5,6,2,4,3,7,6,9,4,4,6,7,5,7,9,10,8,4,5,8,7,2,8,7,3,5,9,7,6,7,8,9,Business / Management
3995,10,4,2,2,8,2,10,7,1,7,4,5,2,7,8,5,4,4,4,7,8,1,8,1,5,4,4,7,9,6,7,9,Finance / Banking
3996,7,5,2,2,4,5,7,4,10,5,7,5,2,7,6,7,10,8,6,7,3,4,3,8,9,8,4,9,6,5,10,9,Civil Services
3997,1,4,9,8,6,3,2,1,1,5,5,4,7,9,6,5,6,6,7,6,5,7,6,4,1,1,5,9,9,6,6,5,Dentist
3998,7,5,3,4,7,7,3,7,2,5,10,7,5,9,7,7,2,5,5,6,9,1,6,2,6,4,2,5,8,7,10,7,Finance / Banking
3999,10,7,4,6,10,2,5,4,4,5,8,6,7,10,6,6,6,5,9,4,10,4,5,4,4,5,5,8,8,10,8,4,Engineering
4000,6,5,6,8,4,2,4,2,6,6,4,5,7,8,7,7,6,8,9,4,7,10,3,5,5,3,5,8,8,3,7,6,MBBS / Doctor
4001,7,7,9,9,3,2,3,2,3,4,8,7,10,8,7,6,7,10,6,7,5,8,2,7,5,2,8,10,7,3,6,5,MBBS / Doctor
4002,5,5,3,6,5,2,4,3,6,7,8,10,6,9,7,5,6,6,9,10,6,3,3,6,7,6,10,8,6,4,6,9,Teaching / Professor
4003,5,4,2,2,4,3,4,1,7,6,6,4,2,8,5,6,5,6,5,8,3,1,2,10,9,5,6,8,8,5,6,4,Civil Services
4004,6,1,2,1,4,9,6,6,3,2,6,6,1,4,5,4,1,2,1,3,6,2,8,2,1,1,5,7,8,1,5,2,CA / Accounting
4005,3,2,7,8,5,1,5,4,2,4,6,3,7,6,5,5,8,6,6,3,8,10,3,6,4,3,5,9,8,2,5,6,Pharmacy
4006,2,2,1,5,3,2,4,4,6,10,3,5,4,7,7,7,7,10,8,7,1,5,4,9,3,4,5,7,5,4,8,7,Psychology
4007,6,4,7,10,1,1,3,3,4,4,6,5,9,10,6,6,8,7,5,3,6,7,1,1,2,1,5,7,7,5,8,6,Dentist
4008,7,3,6,10,5,4,2,3,3,7,8,7,7,9,7,3,6,10,9,5,7,10,1,4,4,3,7,8,8,3,10,5,MBBS / Doctor
4009,4,4,2,2,5,2,6,5,9,2,8,4,1,8,8,6,9,5,8,8,6,4,2,6,5,10,7,10,6,6,6,10,Law
4010,4,5,6,5,2,1,4,3,3,4,5,1,8,8,9,5,9,5,2,2,7,8,1,4,2,1,5,5,9,4,8,10,Dentist
4011,4,1,1,2,3,9,7,5,4,1,8,8,3,8,6,3,4,4,5,3,4,3,10,2,2,4,3,8,9,2,6,5,CA / Accounting
4012,5,2,6,4,4,5,5,5,4,6,5,7,7,6,8,8,6,5,8,9,4,6,4,8,3,4,8,10,7,3,10,6,Teaching / Professor
4013,5,5,8,8,4,1,2,6,3,6,9,4,10,5,4,5,6,6,10,6,6,8,5,3,4,1,5,10,9,4,8,3,Pharmacy
4014,6,6,3,3,10,2,6,3,5,3,8,8,10,10,5,7,10,3,5,5,8,3,2,7,2,4,7,7,6,5,7,5,Engineering
4015,8,4,2,2,6,3,6,8,4,6,6,2,2,8,7,7,10,7,4,7,6,1,9,6,1,5,5,5,10,10,8,8,Business / Management
4016,5,6,10,5,6,5,4,5,7,7,7,7,10,9,9,9,6,9,8,6,8,9,3,7,4,6,8,10,10,5,9,9,MBBS / Doctor
4017,4,3,2,5,6,1,5,7,8,5,10,5,5,9,10,9,6,7,9,8,6,5,6,10,7,7,4,8,10,5,8,8,Civil Services
4018,6,4,3,2,6,10,8,7,2,4,8,10,5,10,7,8,4,5,4,4,7,1,7,6,2,7,3,8,8,5,8,7,Finance / Banking
4019,7,5,2,3,5,7,7,4,2,4,9,9,4,7,4,4,6,3,5,4,5,2,10,4,3,2,3,7,7,6,8,6,Finance / Banking
4020,7,2,2,2,3,10,5,5,3,5,6,9,3,6,5,5,4,5,4,3,5,1,8,1,5,4,3,10,6,4,6,6,CA / Accounting
4021,4,4,5,3,4,4,8,4,6,8,9,3,4,10,10,10,5,7,3,8,5,4,5,9,9,7,5,8,9,3,9,10,Civil Services
4022,8,8,4,5,7,3,5,8,7,5,9,7,9,8,6,8,7,5,4,6,10,5,6,3,5,3,5,8,7,5,6,4,Engineering
4023,5,3,7,8,3,2,5,6,4,4,8,5,10,7,8,7,6,5,5,4,7,9,4,5,1,1,2,10,9,3,7,6,Dentist
4024,6,5,4,2,9,6,5,9,4,5,5,6,3,7,8,8,7,7,3,6,5,2,7,6,3,6,5,4,7,9,5,10,Business / Management
4025,5,7,9,10,5,1,8,5,5,8,6,5,7,9,6,8,8,10,8,6,5,10,3,3,4,5,5,8,8,2,9,9,MBBS / Doctor
4026,1,3,1,4,6,2,2,8,8,6,6,6,1,5,9,5,7,6,7,9,2,5,4,8,8,9,8,4,9,4,5,10,Law
4027,9,6,3,1,7,7,6,7,4,6,7,8,3,10,8,7,6,4,6,3,8,1,7,1,7,4,2,10,6,7,6,8,Finance / Banking
4028,7,1,2,2,5,10,5,6,3,6,5,9,2,8,5,5,3,3,5,4,5,3,10,2,5,5,6,7,9,4,6,6,CA / Accounting
4029,6,4,3,1,7,2,8,6,9,5,8,2,5,9,10,7,10,5,7,10,6,2,3,8,6,10,6,8,9,7,5,10,Law
4030,2,2,2,4,5,2,4,2,5,7,3,4,4,5,9,4,9,6,6,8,7,1,4,6,2,6,4,6,4,7,8,5,Journalism / Media
4031,7,10,7,5,8,4,6,6,6,4,7,9,5,9,6,7,10,3,10,5,10,2,6,5,5,2,6,9,7,9,10,6,Engineering
4032,5,2,8,7,2,1,1,2,1,7,5,6,9,5,6,2,7,4,6,4,4,9,1,6,1,2,3,7,8,2,8,6,Pharmacy
4033,5,3,8,9,6,3,1,4,3,3,8,4,4,6,7,7,8,6,3,2,6,5,3,5,1,1,4,8,7,2,7,7,Dentist
4034,3,1,3,1,7,5,6,4,8,6,2,2,5,5,8,5,10,9,4,8,6,1,4,9,5,5,3,6,6,5,6,9,Journalism / Media
4035,5,4,10,6,4,1,6,8,5,5,5,6,8,7,6,7,6,6,10,4,5,7,4,5,4,4,8,8,7,6,7,6,Pharmacy
4036,8,4,3,1,4,10,8,9,4,5,7,8,5,6,4,4,5,3,2,7,3,1,10,4,8,6,3,9,7,4,5,5,CA / Accounting
4037,8,5,6,7,5,3,5,8,3,6,8,5,6,9,7,5,5,10,9,4,3,10,6,9,3,6,7,7,7,4,9,6,MBBS / Doctor
4038,1,2,1,2,5,6,3,5,8,8,7,7,1,6,9,4,6,4,4,10,6,2,6,8,7,9,4,6,6,3,7,10,Law
4039,4,2,2,5,3,5,4,4,2,9,4,3,5,8,10,3,6,10,6,4,1,6,2,7,1,1,9,8,5,2,8,10,Psychology
4040,2,2,10,9,5,2,5,4,1,4,7,6,5,6,8,3,3,5,9,1,5,7,1,3,2,2,3,7,5,5,4,5,Pharmacy
4041,4,5,7,9,4,3,1,4,4,5,6,2,10,6,7,4,4,6,6,2,7,10,2,3,1,2,4,10,7,4,7,5,Pharmacy
4042,5,2,1,4,5,8,10,9,5,3,9,10,2,7,5,6,7,3,3,3,7,1,9,3,3,2,5,7,8,2,3,4,CA / Accounting
4043,4,2,5,10,4,3,3,3,4,5,5,6,9,6,7,7,7,10,4,4,8,7,3,4,3,1,7,8,7,5,5,8,Dentist
4044,7,2,5,1,4,2,8,5,9,4,7,5,2,8,7,10,8,9,3,9,4,4,3,6,7,5,5,7,7,4,9,6,Civil Services
4045,3,3,2,7,7,3,1,5,5,7,5,6,5,7,8,7,7,8,7,5,7,8,5,8,5,6,9,6,8,3,10,8,Psychology
4046,4,3,1,4,4,1,6,4,6,7,8,7,6,8,8,5,7,10,6,8,3,6,3,6,2,5,8,7,6,1,5,7,Psychology
4047,5,5,5,9,5,3,5,5,4,6,6,5,10,10,8,7,7,6,7,5,5,9,4,4,3,5,6,9,6,5,7,7,Dentist
4048,7,4,1,1,3,9,10,6,3,5,6,10,1,7,4,5,4,4,4,7,7,1,8,6,5,7,6,8,8,4,8,6,CA / Accounting
4049,2,5,5,4,1,4,2,2,4,10,6,1,4,7,7,5,8,6,5,9,2,6,2,6,2,5,8,6,5,2,3,8,Psychology
4050,6,3,8,9,4,2,2,4,4,4,8,8,6,8,10,5,6,9,7,8,3,10,2,5,5,3,5,8,10,3,10,7,MBBS / Doctor
4051,4,2,3,3,5,3,2,4,10,7,5,5,4,8,8,9,3,7,6,8,4,2,3,6,8,7,5,6,5,5,7,8,Civil Services
4052,3,2,1,1,3,1,2,6,6,3,5,4,3,5,4,9,2,5,6,4,3,1,2,6,9,3,5,10,7,3,8,6,Civil Services
4053,6,3,4,2,4,10,7,7,3,4,9,10,4,9,5,4,4,8,4,1,9,2,8,2,4,6,5,9,5,2,6,7,CA / Accounting
4054,3,4,4,5,6,4,3,6,5,10,3,3,4,7,6,4,7,6,7,4,3,6,4,7,2,1,9,7,9,3,6,10,Psychology
4055,2,4,4,5,5,2,5,6,10,5,4,6,3,7,10,8,7,10,7,9,7,4,6,7,8,8,4,10,9,2,7,8,Civil Services
4056,8,5,9,10,7,2,2,5,4,7,6,6,6,8,7,7,5,6,6,6,6,8,4,7,6,1,7,9,5,3,9,8,MBBS / Doctor
4057,7,9,1,5,10,1,5,5,4,7,9,9,9,9,10,7,8,3,6,7,7,1,5,7,5,4,3,8,8,4,9,8,Engineering
4058,7,5,3,2,5,8,7,9,1,4,7,5,5,8,9,6,6,6,4,7,7,2,7,6,4,6,2,5,9,7,7,8,Business / Management
4059,3,6,7,8,4,3,4,4,1,7,10,6,8,9,6,5,10,5,5,4,5,8,2,1,3,2,5,9,6,3,6,8,Dentist
4060,1,4,2,3,4,3,4,5,6,5,7,5,1,7,9,5,10,8,7,7,8,3,2,7,7,9,7,5,7,5,8,7,Journalism / Media
4061,8,4,4,5,7,2,3,3,7,4,9,7,7,8,9,6,7,7,6,10,4,3,3,7,4,4,10,10,10,4,5,6,Teaching / Professor
4062,6,5,6,5,4,4,4,4,6,7,7,7,2,7,10,8,5,6,10,10,6,8,2,7,3,5,7,9,5,2,9,8,Teaching / Professor
4063,1,3,6,1,5,2,6,4,9,5,6,4,2,4,6,9,6,7,5,9,5,4,5,7,6,9,6,8,5,7,5,8,Law
4064,6,4,6,8,5,6,1,5,4,4,5,3,7,8,6,6,8,6,4,7,5,8,4,6,3,3,4,7,8,4,6,9,Dentist
4065,3,4,9,6,5,1,2,1,1,5,5,3,7,8,6,4,2,2,6,2,8,6,2,3,1,5,3,4,7,4,7,4,Pharmacy
4066,6,7,7,5,7,4,4,2,8,6,7,6,9,4,10,6,7,6,5,9,5,3,2,3,4,5,10,9,7,2,9,8,Teaching / Professor
4067,7,2,1,5,7,7,8,9,3,5,8,8,1,7,6,7,5,5,6,1,7,1,7,4,4,5,5,5,7,9,9,6,Finance / Banking
4068,4,6,5,5,5,2,5,4,5,7,10,4,6,6,9,8,5,8,5,7,5,4,1,4,3,5,7,10,5,2,5,8,Teaching / Professor
4069,4,4,2,5,7,10,6,8,7,3,7,9,4,9,7,7,4,7,7,5,8,2,8,6,3,8,3,10,10,3,5,7,CA / Accounting
4070,6,8,8,7,5,3,2,5,2,3,5,7,9,4,7,5,7,6,8,3,5,7,2,4,2,3,7,9,7,4,6,5,Pharmacy
4071,6,4,6,7,5,5,6,5,8,5,9,7,4,8,8,8,5,8,5,8,5,4,2,8,6,7,7,9,7,5,8,10,Civil Services
4072,10,8,4,2,6,5,7,6,5,6,10,10,4,7,6,5,9,1,8,4,7,1,10,6,3,6,6,6,5,7,9,6,Finance / Banking
4073,2,2,1,6,4,1,2,6,8,4,5,3,3,4,10,7,7,9,6,8,6,2,5,10,3,7,3,4,5,6,8,8,Journalism / Media
4074,2,2,3,3,6,3,5,2,10,7,8,6,6,9,10,6,9,7,8,10,7,4,4,9,6,8,5,6,6,8,10,10,Journalism / Media
4075,1,1,5,4,4,1,4,3,7,7,6,5,7,7,9,7,9,6,7,8,5,1,4,6,4,5,5,6,3,8,9,8,Journalism / Media
4076,3,6,3,7,6,3,6,1,6,6,6,5,6,5,9,6,7,8,9,10,3,5,4,6,6,7,8,10,5,3,8,7,Teaching / Professor
4077,6,7,5,5,8,1,6,3,6,3,7,8,8,9,3,7,6,5,4,5,7,1,5,5,3,6,4,7,7,5,8,5,Engineering
4078,2,3,2,4,6,1,2,5,9,6,9,3,1,9,6,8,4,6,5,9,2,4,5,9,5,10,4,10,5,3,7,8,Law
4079,4,4,3,6,6,1,3,4,7,3,10,4,4,8,10,7,7,4,4,7,3,2,6,7,8,6,3,7,7,4,8,9,Civil Services
4080,8,6,6,5,5,1,5,4,4,3,9,9,7,10,6,5,8,3,8,5,8,2,6,4,3,3,6,7,7,7,10,5,Engineering
4081,7,2,2,2,5,3,5,3,8,4,7,6,2,7,9,7,7,8,7,6,6,2,2,6,6,10,4,8,6,8,6,10,Law
4082,4,5,4,4,6,5,7,5,9,4,9,3,5,7,8,8,5,7,5,9,5,4,2,6,8,9,5,8,6,5,9,10,Civil Services
4083,6,4,5,3,4,7,7,8,2,4,8,7,4,7,8,5,3,4,5,5,7,3,7,5,5,3,6,7,9,5,6,7,Finance / Banking
4084,5,4,5,10,7,2,4,4,4,6,6,4,9,9,9,6,3,9,5,4,4,6,2,6,4,5,8,10,5,6,7,10,MBBS / Doctor
4085,5,4,5,9,3,4,4,3,1,6,6,4,8,7,5,8,8,6,2,1,4,9,4,4,3,1,4,6,7,4,9,7,Dentist
4086,2,1,2,2,3,3,6,8,9,7,7,5,3,6,10,7,9,10,3,9,7,4,5,9,6,6,5,5,6,8,10,10,Journalism / Media
4087,5,4,8,7,5,4,2,3,6,6,7,6,9,9,5,4,5,7,10,2,6,7,5,3,6,4,7,8,6,5,7,6,Pharmacy
4088,7,3,1,3,5,8,10,6,4,5,6,8,1,9,7,8,3,7,6,6,6,1,8,6,4,5,6,10,7,5,7,6,CA / Accounting
4089,6,1,10,9,4,5,1,5,4,5,8,8,9,7,6,3,6,4,8,5,6,6,3,5,2,4,4,10,7,5,8,9,Pharmacy
4090,6,9,5,4,7,5,4,7,3,4,10,8,10,8,6,9,5,3,5,6,6,4,5,7,6,5,7,8,6,5,6,6,Engineering
4091,4,5,5,4,4,4,5,5,10,5,5,7,6,8,9,7,6,6,5,8,7,3,2,7,10,10,2,8,7,3,8,6,Civil Services
4092,6,6,6,5,6,3,5,2,9,6,8,4,4,8,10,8,8,10,8,7,9,3,5,7,7,5,10,8,8,2,10,10,Teaching / Professor
4093,6,5,5,4,5,4,6,4,2,3,9,5,8,8,5,3,7,6,4,5,8,2,5,1,4,6,7,7,6,5,6,6,Engineering
4094,2,1,2,1,3,3,4,4,7,6,7,6,4,9,8,9,6,6,3,8,5,3,5,7,5,10,3,8,6,6,6,8,Law
4095,5,5,5,4,5,4,6,4,10,5,7,7,4,6,8,9,8,7,6,10,4,2,3,7,10,8,6,10,8,4,10,7,Civil Services
4096,5,3,4,3,1,2,5,1,7,4,9,6,2,4,7,8,4,7,4,9,2,1,2,7,6,7,4,9,7,4,5,9,Civil Services
4097,8,5,5,2,5,9,7,6,6,2,9,7,5,10,6,3,6,4,5,6,8,3,9,5,4,4,4,8,7,7,7,6,Finance / Banking
4098,4,2,1,7,3,1,2,3,6,7,3,4,2,10,10,7,7,6,5,7,6,2,3,8,6,6,6,5,4,8,10,8,Journalism / Media
4099,9,2,1,2,7,8,7,8,1,5,7,9,4,7,6,5,7,4,4,6,5,1,9,6,3,4,1,7,5,5,6,5,Finance / Banking
4100,8,4,1,1,4,8,7,7,2,3,6,7,3,7,5,4,6,6,5,4,4,3,10,2,5,3,5,9,7,2,7,6,CA / Accounting
4101,5,4,10,9,5,3,1,5,5,6,7,6,10,6,7,5,3,6,8,2,3,9,3,2,1,2,4,5,7,4,5,4,Pharmacy
4102,4,5,8,9,4,1,5,4,4,5,5,3,9,7,6,8,5,8,6,3,4,10,3,5,2,1,5,9,8,4,8,8,Dentist
4103,4,4,2,8,3,2,3,3,4,7,7,7,7,7,10,5,6,10,9,9,1,7,5,9,4,4,8,8,10,5,8,9,Psychology
4104,4,2,6,5,5,1,4,4,6,3,6,4,3,6,8,7,10,5,9,7,9,4,3,6,6,9,7,9,8,6,10,10,Journalism / Media
4105,4,4,6,3,6,8,7,5,3,3,8,5,6,8,8,7,8,7,2,6,7,3,9,6,4,6,6,6,6,9,7,8,Business / Management
4106,4,5,7,8,4,1,2,4,2,4,4,5,7,6,8,6,4,8,5,2,6,7,6,4,1,5,6,9,8,2,4,10,MBBS / Doctor
4107,6,6,5,9,5,1,3,4,2,6,7,7,7,8,8,2,5,8,3,6,5,9,3,4,4,4,6,6,8,4,9,7,MBBS / Doctor
4108,4,3,5,10,4,2,1,1,3,2,6,3,8,7,8,5,8,7,6,6,4,6,3,3,2,1,5,6,9,5,8,7,Dentist
4109,5,3,7,9,6,1,5,3,6,6,9,3,9,7,7,10,5,8,5,6,6,9,5,7,4,5,6,8,8,3,10,7,MBBS / Doctor
4110,8,3,10,8,1,5,3,6,5,6,6,5,10,8,9,5,6,7,10,1,5,9,6,5,3,4,9,8,7,5,7,6,Pharmacy
4111,4,6,5,4,6,4,6,5,9,7,8,5,5,7,10,9,6,8,7,9,3,5,6,10,9,7,9,6,8,7,9,9,Civil Services
4112,4,5,6,10,5,2,1,2,2,5,5,4,7,7,7,5,5,6,5,5,1,10,3,5,3,3,4,9,5,2,6,10,MBBS / Doctor
4113,9,3,4,3,5,10,9,6,5,5,7,8,3,4,4,7,4,5,7,1,9,2,9,7,5,4,3,6,6,8,8,7,Finance / Banking
4114,6,6,3,2,6,4,6,3,8,5,8,4,5,8,6,9,7,5,6,5,5,3,5,6,10,8,6,10,9,4,7,8,Civil Services
4115,8,4,2,4,4,5,5,8,4,7,8,7,4,9,7,8,9,6,4,7,9,5,6,2,3,4,6,7,6,7,6,9,Business / Management
4116,8,5,5,4,9,8,6,6,5,4,8,7,6,10,6,6,7,6,3,6,8,2,8,3,1,3,1,6,8,5,9,9,Finance / Banking
4117,6,1,1,3,4,1,7,4,8,5,9,2,3,4,7,5,6,8,4,8,3,4,4,6,6,7,5,7,7,2,5,7,Law
4118,1,3,4,2,8,3,5,6,6,4,4,6,2,6,10,6,10,8,6,8,8,1,6,8,4,6,7,4,7,6,8,10,Journalism / Media
4119,2,5,7,8,6,2,4,4,1,4,5,4,8,6,9,6,8,4,7,6,3,10,3,4,1,3,3,8,6,5,8,9,Dentist
4120,8,6,6,9,4,3,3,2,5,6,4,7,8,9,10,6,9,8,6,5,5,8,2,5,5,2,6,8,9,6,9,9,Dentist
4121,5,5,6,2,5,5,9,7,5,5,8,7,5,9,7,10,10,6,4,7,8,3,5,6,3,6,2,6,7,5,9,7,Business / Management
4122,5,2,2,4,4,3,8,5,10,5,6,5,5,9,8,9,3,8,8,10,4,1,4,5,10,10,6,7,7,6,8,10,Civil Services
4123,4,2,2,2,8,8,7,5,4,4,9,9,3,4,7,8,3,2,3,5,4,2,7,4,4,5,3,7,6,3,5,4,CA / Accounting
4124,7,4,2,1,7,7,7,8,5,3,10,7,4,9,1,4,4,5,5,1,6,1,8,3,4,3,4,6,7,4,7,5,Finance / Banking
4125,4,2,4,3,7,5,6,9,3,6,7,8,3,6,8,10,4,7,4,6,7,2,6,2,5,4,5,7,8,6,10,10,Business / Management
4126,8,4,3,3,6,8,7,8,7,3,8,8,4,8,7,5,4,4,3,6,8,4,9,5,3,3,7,6,9,7,5,6,Finance / Banking
4127,10,8,8,3,8,2,5,1,5,5,8,7,5,9,4,6,10,7,4,4,9,3,2,5,4,6,4,8,5,5,8,7,Engineering
4128,4,3,2,4,2,1,6,5,8,5,7,2,4,8,7,5,4,7,6,8,5,3,5,9,8,5,4,8,8,4,9,8,Civil Services
4129,8,8,3,4,7,1,3,2,5,6,6,6,8,9,3,5,6,3,6,3,7,2,1,1,4,2,7,9,5,9,7,4,Engineering
4130,4,4,1,3,8,6,8,9,7,6,6,7,6,9,7,9,10,6,2,6,6,2,4,8,3,4,2,7,7,7,8,9,Business / Management
4131,8,2,2,2,9,8,9,6,1,3,6,9,4,8,6,5,4,5,8,5,7,5,9,3,4,6,5,7,4,4,7,6,Finance / Banking
4132,3,1,2,3,2,1,3,2,7,4,6,4,1,7,9,8,6,6,4,6,3,1,2,6,3,8,7,7,4,4,9,10,Journalism / Media
4133,7,5,3,1,7,9,8,5,5,3,8,8,2,8,7,6,5,4,7,5,6,3,10,5,4,3,2,6,5,7,5,6,Finance / Banking
4134,3,3,4,4,5,3,7,6,8,6,7,5,1,7,7,8,7,10,6,10,2,3,4,6,7,10,6,6,4,6,6,6,Law
4135,4,4,10,10,4,2,3,5,6,6,7,6,10,5,6,8,4,2,10,3,6,9,5,6,4,3,6,6,9,1,7,6,Pharmacy
4136,1,1,3,5,5,4,2,1,5,9,6,3,6,8,8,5,7,7,5,8,4,6,2,9,7,3,8,6,7,4,6,9,Psychology
4137,9,3,2,1,4,8,9,7,4,3,8,7,3,7,4,9,4,5,3,1,9,2,6,2,7,4,1,5,6,7,7,4,Finance / Banking
4138,7,4,4,3,9,9,7,7,5,2,8,7,4,6,8,6,6,3,5,3,9,1,9,5,3,3,5,4,9,7,5,6,Finance / Banking
4139,2,4,4,6,2,2,6,4,8,10,5,3,4,9,8,7,9,8,5,9,3,6,3,9,2,5,9,7,5,1,8,8,Psychology
4140,4,1,3,3,7,3,2,5,7,5,7,5,2,10,8,10,4,5,7,6,6,3,5,9,5,8,4,7,5,6,6,8,Law
4141,9,4,3,2,8,6,10,8,3,2,8,9,5,7,8,3,6,4,6,7,9,3,10,7,7,4,6,8,8,9,8,5,Finance / Banking
4142,1,5,6,10,4,3,3,1,4,4,5,3,7,8,7,7,3,8,6,6,6,9,1,5,4,5,7,9,6,4,8,8,MBBS / Doctor
4143,9,8,7,1,10,1,3,3,6,5,8,7,5,10,7,8,8,1,5,6,8,3,2,6,5,5,4,7,5,6,3,4,Engineering
4144,2,4,6,6,2,4,2,2,4,2,5,3,7,6,6,1,8,7,1,1,3,6,1,3,1,1,4,6,6,4,3,7,Dentist
4145,5,1,3,2,3,9,6,6,1,1,7,7,3,6,5,5,3,4,5,1,3,1,10,3,2,3,4,6,6,2,5,5,CA / Accounting
4146,6,4,3,4,6,4,5,6,6,5,9,6,5,8,8,9,8,5,6,10,10,3,6,5,4,5,4,4,8,3,9,7,Business / Management
4147,6,4,2,6,6,8,7,9,4,6,10,6,7,9,10,6,10,7,5,9,8,2,4,8,4,5,5,9,7,9,8,7,Business / Management
4148,7,2,3,6,5,3,6,5,8,10,9,4,6,8,9,4,5,10,10,8,5,7,3,8,5,4,6,10,7,2,7,8,Psychology
4149,4,5,7,1,3,1,2,2,6,7,6,7,8,8,7,4,7,8,8,10,8,4,2,5,3,6,8,7,5,3,6,10,Teaching / Professor
4150,5,2,9,6,4,1,2,2,5,5,5,6,8,9,5,4,3,8,6,3,4,7,4,7,4,1,6,8,5,4,6,8,Pharmacy
4151,3,2,1,3,5,1,3,6,5,5,6,4,2,5,10,6,8,7,5,7,7,4,2,9,5,7,6,5,6,7,8,9,Journalism / Media
4152,6,5,2,1,6,6,3,8,7,8,8,7,4,10,8,5,8,8,6,9,4,1,5,9,6,10,4,9,6,6,7,10,Law
4153,4,3,8,7,5,2,4,3,2,7,6,5,10,7,7,6,6,8,8,4,7,10,3,4,4,3,9,9,10,5,8,7,MBBS / Doctor
4154,1,1,4,2,1,1,6,5,5,4,7,1,5,6,8,7,9,6,6,10,4,1,4,10,4,9,4,3,8,5,6,10,Journalism / Media
4155,4,3,2,4,6,5,7,8,2,7,8,8,5,7,4,6,8,5,3,3,6,1,5,6,2,3,5,7,6,9,6,6,Business / Management
4156,5,3,5,8,4,1,1,1,2,5,6,6,6,8,6,9,5,6,6,5,4,9,4,5,3,5,6,7,7,3,6,8,MBBS / Doctor
4157,4,1,6,2,6,5,6,5,7,6,6,4,5,8,9,7,9,8,7,9,7,3,3,10,5,9,5,3,6,5,8,10,Journalism / Media
4158,3,2,2,5,3,1,5,4,8,9,6,3,2,6,5,7,7,8,6,6,4,5,2,6,5,3,4,8,4,2,9,8,Psychology
4159,7,4,3,2,6,7,6,9,5,5,6,8,3,8,5,8,6,5,5,4,6,1,10,4,6,5,4,7,6,5,5,5,Finance / Banking
4160,3,1,2,6,7,1,3,6,7,8,7,1,2,5,10,9,10,6,9,8,7,6,3,7,7,6,3,8,7,7,10,10,Journalism / Media
4161,5,4,2,2,5,1,2,4,7,7,6,3,5,7,9,4,9,7,6,8,4,1,7,9,5,8,5,6,8,9,7,10,Journalism / Media
4162,3,3,4,5,8,5,7,10,2,8,6,6,4,6,9,9,8,6,7,10,9,3,5,6,5,6,3,7,10,7,9,7,Business / Management
4163,3,2,1,3,10,1,2,5,9,4,6,1,1,6,6,5,7,5,1,9,9,1,1,9,4,5,5,4,6,7,8,7,Journalism / Media
4164,5,6,6,1,8,4,4,3,7,5,7,5,6,7,6,7,6,8,7,8,5,3,3,8,5,7,10,8,9,3,6,9,Teaching / Professor
4165,3,2,1,5,1,3,5,4,5,8,8,8,6,9,8,6,7,10,5,3,4,8,4,9,7,7,7,7,4,4,10,10,Psychology
4166,4,4,2,3,7,3,3,4,7,4,10,6,5,10,9,5,9,8,6,10,5,2,4,9,7,8,8,7,9,8,9,10,Journalism / Media
4167,10,10,9,3,9,3,5,4,2,5,8,8,6,7,7,7,8,9,7,6,8,2,7,4,3,4,5,6,7,9,6,4,Engineering
4168,3,5,6,6,3,1,7,3,9,4,6,5,2,7,10,8,6,10,6,7,3,5,3,8,10,6,6,8,5,3,10,8,Civil Services
4169,8,3,5,5,8,7,8,5,7,3,7,9,4,9,7,6,5,4,8,5,9,2,7,7,6,5,2,7,10,9,7,9,Finance / Banking
4170,5,5,5,8,3,3,2,5,2,5,8,3,10,6,4,6,10,4,4,3,2,9,7,4,1,3,4,6,8,7,8,7,Dentist
4171,5,3,8,8,4,2,3,4,3,5,8,7,10,8,5,3,5,6,7,1,7,8,5,3,5,3,6,9,6,4,9,5,Pharmacy
4172,5,4,4,4,7,3,5,5,9,7,9,3,2,7,9,10,5,7,4,7,6,1,4,7,9,6,6,9,7,5,6,6,Civil Services
4173,3,5,5,7,5,5,6,3,7,4,4,4,7,7,8,7,5,6,7,8,5,1,1,5,2,3,9,5,4,2,9,9,Teaching / Professor
4174,8,2,3,2,6,6,7,4,1,1,5,8,2,6,8,5,6,2,5,6,7,1,8,4,4,5,2,7,7,6,6,8,Finance / Banking
4175,3,4,8,8,3,1,4,3,6,7,5,4,5,10,5,4,5,6,5,4,7,9,3,2,5,3,3,8,8,2,8,6,Pharmacy
4176,7,5,9,9,4,4,8,7,6,5,6,5,10,7,8,4,6,7,7,2,4,10,5,3,2,1,7,7,5,4,6,8,Pharmacy
4177,5,3,2,2,5,7,7,4,3,2,7,8,2,3,5,6,6,7,7,2,6,3,10,3,4,5,3,8,5,7,5,6,CA / Accounting
4178,6,2,3,2,5,8,8,6,2,2,9,6,3,7,5,4,4,3,3,5,5,1,8,5,6,5,6,7,8,3,5,7,CA / Accounting
4179,2,3,5,7,3,1,4,4,4,4,5,4,7,6,4,6,8,5,3,5,4,8,1,2,2,1,3,7,5,4,8,6,Dentist
4180,4,3,3,6,1,1,3,6,6,9,7,3,6,8,8,5,6,8,7,7,5,3,2,6,3,4,5,8,7,4,6,10,Psychology
4181,9,5,3,5,6,7,7,10,5,6,9,4,5,7,6,8,7,6,5,8,7,6,7,3,4,5,1,8,8,7,8,10,Business / Management
4182,5,5,9,10,4,2,1,4,3,3,5,4,6,9,6,7,6,7,5,2,7,9,4,2,4,1,4,8,5,3,6,5,Pharmacy
4183,4,5,7,8,5,1,1,5,6,7,6,5,6,8,6,7,5,9,3,6,4,9,3,4,1,1,5,6,5,4,6,9,Dentist
4184,4,3,3,6,4,3,2,5,6,8,8,6,6,8,8,7,7,8,5,4,8,5,3,7,5,7,7,7,6,4,8,8,Psychology
4185,6,2,1,4,4,5,3,4,10,4,7,4,1,8,6,8,4,7,6,8,5,4,5,7,5,10,7,8,5,5,6,6,Law
4186,8,4,2,1,6,8,10,6,2,2,8,9,5,9,7,4,5,1,4,4,7,2,8,3,4,4,5,6,7,5,5,3,Finance / Banking
4187,9,2,1,4,9,10,6,8,2,5,8,6,5,8,8,5,9,5,6,7,8,1,10,4,6,4,8,7,7,8,7,6,Finance / Banking
4188,6,4,8,8,5,3,4,5,3,5,8,3,8,5,4,4,5,5,7,2,4,5,2,3,3,4,6,7,6,6,6,5,Pharmacy
4189,6,5,9,9,7,3,4,4,4,6,4,6,10,10,7,5,7,6,5,3,3,8,6,3,4,1,5,5,5,5,6,5,Pharmacy
4190,5,6,6,9,4,2,2,5,3,5,4,5,8,7,7,4,8,7,4,3,4,10,3,3,1,1,4,8,7,2,7,5,Dentist
4191,4,1,3,5,4,3,3,5,6,5,8,2,1,8,7,6,8,4,4,8,7,3,4,8,5,10,3,7,9,5,8,6,Law
4192,9,2,3,5,5,7,8,6,2,4,8,10,2,8,8,8,5,5,4,5,9,4,9,5,3,3,4,7,8,6,8,3,Finance / Banking
4193,6,3,5,5,3,1,6,7,9,7,7,7,1,7,9,9,7,7,6,7,3,1,5,9,9,7,4,10,9,2,10,6,Civil Services
4194,8,9,7,7,10,4,5,4,4,4,5,7,10,10,6,7,5,6,9,5,7,3,6,5,3,8,4,7,6,6,7,8,Engineering
4195,6,6,7,10,4,2,2,6,3,6,7,4,5,8,7,8,9,9,6,3,5,9,4,3,3,1,4,9,7,6,5,8,Dentist
4196,10,5,4,4,5,9,9,7,6,2,8,10,5,7,6,6,6,4,5,5,7,2,8,5,5,3,5,9,8,8,9,7,Finance / Banking
4197,4,2,3,2,7,5,6,3,8,5,6,4,3,7,10,7,9,8,8,7,6,3,4,10,4,7,7,5,7,5,7,9,Journalism / Media
4198,3,2,4,2,7,3,7,7,10,7,10,4,2,7,8,7,7,6,7,6,4,2,5,7,8,10,7,7,8,5,6,10,Law
4199,2,2,4,3,7,3,5,5,8,4,8,3,3,8,7,6,5,4,5,10,5,2,3,7,7,10,6,9,7,4,6,9,Law
4200,6,3,3,4,7,6,8,8,4,4,8,5,5,9,8,9,7,7,4,7,9,4,7,5,7,5,5,7,8,8,8,9,Business / Management
4201,3,4,10,8,4,1,2,2,2,6,8,7,7,6,2,5,7,3,10,3,5,6,3,5,1,2,4,7,8,3,7,6,Pharmacy
4202,7,7,5,2,8,2,3,2,3,5,7,10,8,10,7,8,6,1,6,5,9,4,6,5,5,2,3,9,7,5,6,5,Engineering
4203,6,2,5,1,3,2,7,1,6,7,6,3,3,5,5,10,8,8,7,6,7,1,2,10,9,9,8,8,5,5,8,8,Civil Services
4204,6,5,6,10,5,4,6,3,6,7,8,3,8,7,10,6,7,8,6,4,3,9,2,4,5,7,9,9,8,6,9,9,MBBS / Doctor
4205,3,3,1,4,4,2,7,4,9,5,10,6,5,5,7,7,7,8,4,9,4,2,3,10,7,9,4,9,7,6,8,8,Law
4206,5,3,4,2,4,4,5,2,9,8,7,5,6,7,5,8,6,7,4,7,3,2,4,6,10,7,4,9,7,6,6,9,Civil Services
4207,3,3,1,5,7,2,4,4,8,4,8,2,1,5,8,8,10,5,4,10,7,3,4,9,3,5,4,3,5,7,8,10,Journalism / Media
4208,3,1,4,2,6,4,7,4,6,6,8,3,4,10,10,7,4,5,4,7,4,1,2,6,8,10,3,8,7,5,6,10,Law
4209,5,5,4,4,5,4,8,8,5,7,10,6,8,9,9,10,10,5,7,7,8,4,9,6,2,9,7,6,6,10,8,10,Business / Management
4210,9,4,2,2,5,9,10,6,5,6,7,6,4,8,7,8,5,8,3,4,6,2,10,3,3,3,4,7,7,5,7,9,Finance / Banking
4211,7,4,7,7,5,1,5,3,2,8,5,5,6,8,9,5,4,6,6,8,7,10,1,6,6,4,5,10,7,5,7,6,MBBS / Doctor
4212,7,2,2,4,3,2,5,8,5,4,10,4,1,8,8,6,5,5,3,7,6,3,4,5,5,6,5,8,8,7,8,8,Law
4213,3,5,10,6,5,3,6,5,3,6,6,7,6,6,6,7,3,7,8,2,5,9,2,4,3,3,6,5,4,2,6,5,Pharmacy
4214,7,8,6,4,8,3,5,3,5,4,7,8,7,10,4,7,7,4,5,3,6,4,6,2,2,5,4,8,6,5,6,2,Engineering
4215,5,5,6,8,5,5,3,3,3,2,7,3,9,8,6,4,6,5,4,2,8,8,3,2,1,1,4,7,7,4,6,6,Dentist
4216,5,7,2,6,6,4,7,8,4,6,4,4,5,9,8,9,8,7,2,6,6,3,4,3,3,6,4,5,8,7,9,8,Business / Management
4217,5,1,2,3,6,2,7,5,8,7,10,6,2,7,10,5,9,8,7,9,3,2,7,6,8,10,4,9,10,9,4,10,Law
4218,6,5,8,10,3,3,1,4,4,6,7,5,10,8,8,8,8,8,6,5,6,9,1,7,6,5,8,9,8,6,6,7,MBBS / Doctor
4219,5,4,4,5,5,2,5,5,10,5,9,7,3,10,7,5,7,10,4,8,4,1,8,6,10,8,5,7,9,5,9,8,Civil Services
4220,4,3,9,7,5,4,3,2,2,3,6,4,7,10,7,4,7,6,7,6,5,10,2,4,1,1,10,9,9,7,7,7,MBBS / Doctor
4221,5,3,2,4,6,9,8,4,4,4,7,9,3,8,6,5,7,5,6,4,9,2,8,6,3,4,2,6,8,6,7,6,Finance / Banking
4222,6,1,4,2,4,6,8,5,5,6,5,4,2,7,7,9,8,4,4,6,5,1,8,5,4,3,5,4,6,8,8,6,Business / Management
4223,5,2,2,5,8,1,8,4,7,6,6,2,5,4,8,5,9,8,8,7,8,1,3,10,6,8,6,9,9,7,8,8,Journalism / Media
4224,5,2,3,1,4,2,4,6,8,6,6,7,3,10,9,8,9,5,7,5,5,3,4,8,4,8,5,6,10,6,7,9,Law
4225,4,3,10,8,4,4,4,7,1,5,7,6,9,8,7,4,7,5,8,1,3,7,1,4,5,3,5,10,7,4,5,6,Pharmacy
4226,2,4,2,5,5,3,4,3,5,10,6,3,4,7,5,3,8,10,6,6,5,3,1,5,2,2,10,4,3,4,9,8,Psychology
4227,2,2,7,9,2,5,4,7,4,5,7,4,8,7,7,7,8,7,6,3,6,10,1,5,1,4,6,9,7,4,8,9,Dentist
4228,5,3,1,1,6,5,7,10,4,5,6,6,4,9,8,9,7,7,6,5,7,3,7,5,1,6,6,7,6,8,7,5,Business / Management
4229,9,8,5,3,9,3,3,4,4,3,10,8,9,9,6,4,7,5,4,4,8,4,4,3,4,3,1,6,8,4,7,8,Engineering
4230,7,3,2,2,9,4,7,5,3,2,8,7,5,5,4,4,5,5,4,5,3,1,9,4,4,4,4,9,8,4,8,6,Finance / Banking
4231,4,3,10,7,3,4,1,4,3,5,5,6,5,6,5,7,5,8,8,7,4,8,5,5,4,3,4,5,4,4,5,6,Pharmacy
4232,5,1,2,5,3,4,7,6,3,2,6,4,4,8,9,10,7,5,3,5,7,1,7,3,2,5,4,2,6,6,9,9,Business / Management
4233,10,5,1,5,7,10,6,5,6,3,7,7,1,7,7,6,4,6,7,2,6,2,9,5,7,2,5,9,7,5,6,5,CA / Accounting
4234,4,3,6,10,3,3,4,2,4,4,6,5,8,10,5,4,7,8,4,1,5,8,2,4,3,3,4,7,6,4,8,9,Dentist
4235,4,3,6,4,10,6,8,8,5,6,7,6,6,9,7,10,9,6,4,8,4,3,10,2,6,6,3,7,9,7,8,9,Business / Management
4236,7,3,2,2,4,9,5,7,3,1,8,10,3,7,5,9,7,6,7,2,4,6,9,2,5,3,5,7,8,3,4,4,CA / Accounting
4237,6,2,8,8,4,4,2,5,3,4,5,6,10,8,7,4,5,4,7,5,4,8,2,4,2,1,5,8,8,6,8,7,Pharmacy
4238,3,4,1,1,6,4,7,4,5,4,8,3,3,6,5,6,9,8,6,9,6,4,4,9,4,8,6,5,5,8,8,10,Journalism / Media
4239,7,3,7,8,5,1,4,5,10,5,6,6,6,7,6,5,8,10,6,10,2,4,3,7,3,6,9,8,6,5,8,9,Teaching / Professor
4240,6,6,4,9,3,1,7,3,4,4,4,4,9,6,7,6,7,10,4,6,4,7,3,4,4,2,3,7,8,3,4,9,Dentist
4241,4,3,7,8,4,1,6,5,2,9,6,4,6,7,7,7,6,10,5,4,1,6,5,9,4,6,6,7,4,4,6,8,Psychology
4242,3,2,3,4,3,2,6,6,4,5,5,5,3,6,8,6,10,4,7,7,6,1,2,9,8,7,4,6,7,6,7,8,Journalism / Media
4243,5,3,3,7,6,3,5,4,5,5,5,3,6,8,9,5,7,8,6,5,5,8,3,2,3,2,4,8,8,6,9,6,Dentist
4244,2,4,4,5,4,1,2,5,7,5,7,3,1,4,8,6,10,9,5,8,7,2,3,8,7,8,4,7,6,8,8,7,Journalism / Media
4245,7,4,7,9,4,6,3,3,4,4,7,4,9,6,6,5,4,5,3,5,3,10,2,6,5,2,6,10,9,5,7,9,MBBS / Doctor
4246,5,1,2,3,4,1,5,5,9,6,6,6,5,6,10,9,9,7,6,8,7,1,5,8,7,7,3,4,4,7,8,10,Journalism / Media
4247,4,5,1,3,4,2,4,4,7,6,6,4,3,7,8,7,9,8,5,9,5,3,4,10,5,8,4,5,6,8,10,10,Journalism / Media
4248,5,3,5,6,3,1,4,4,5,10,8,2,8,7,8,7,7,7,7,6,4,7,2,10,5,6,7,10,8,2,7,10,Psychology
4249,1,2,2,1,4,1,4,6,7,7,6,2,2,5,7,4,6,4,7,9,5,1,2,6,6,8,3,7,8,7,8,4,Law
4250,2,2,5,7,5,1,3,3,3,5,10,3,8,7,8,5,7,7,7,5,7,10,4,1,1,2,6,7,5,4,8,6,Dentist
4251,3,5,7,9,4,1,1,5,4,3,7,5,9,9,6,9,8,7,7,2,6,8,2,2,2,1,5,6,10,4,4,5,Dentist
4252,8,4,4,1,7,4,5,8,6,6,5,5,6,7,8,10,3,7,3,6,9,5,7,6,5,7,7,6,6,7,8,8,Business / Management
4253,9,2,1,3,3,7,10,6,6,1,9,6,3,8,6,5,3,6,3,3,7,1,10,3,4,4,5,6,4,5,8,7,Finance / Banking
4254,8,10,3,4,10,3,8,6,6,6,8,7,7,7,6,6,10,6,10,2,7,3,6,4,2,4,3,5,10,6,7,6,Engineering
4255,1,1,4,2,8,2,6,4,7,4,5,4,3,7,7,4,8,8,6,8,8,3,3,9,6,4,5,7,8,6,7,8,Journalism / Media
4256,5,3,6,7,5,5,5,5,5,9,7,6,4,7,7,7,6,8,7,7,5,6,3,10,4,6,10,9,8,6,10,10,Psychology
4257,7,7,6,7,3,3,4,4,2,4,9,4,7,7,9,6,8,8,5,3,5,10,5,8,4,1,7,9,4,2,6,10,Dentist
4258,2,1,4,4,7,4,3,6,9,9,9,2,4,8,9,8,10,5,7,7,6,5,6,9,5,9,8,6,6,7,7,10,Journalism / Media
4259,3,5,7,7,9,4,5,4,2,3,6,2,5,6,5,4,6,4,8,3,4,6,6,6,2,4,5,9,5,5,4,2,Pharmacy
4260,2,3,7,6,3,2,3,5,2,4,9,3,8,8,7,5,7,6,4,5,6,7,3,1,1,1,6,8,6,4,3,7,Dentist
4261,5,5,6,7,6,1,5,5,9,6,7,6,7,6,10,7,10,8,9,8,6,5,6,6,4,5,7,10,7,4,7,8,Teaching / Professor
4262,5,6,6,8,5,1,4,4,2,6,7,7,10,10,9,6,6,8,5,6,6,9,3,5,6,3,5,10,9,5,6,8,MBBS / Doctor
4263,9,7,4,5,7,5,7,4,1,7,8,7,8,9,8,5,7,3,7,5,9,3,3,3,5,6,4,7,7,6,5,4,Engineering
4264,3,4,5,5,6,2,4,2,3,4,7,6,7,9,6,4,6,7,7,9,5,4,1,6,4,5,9,10,6,1,5,7,Teaching / Professor
4265,1,4,10,9,7,1,2,5,3,7,5,7,9,7,6,5,2,6,8,5,5,9,4,4,3,3,6,6,6,3,6,4,Pharmacy
4266,5,4,6,10,2,5,5,3,1,5,4,5,7,8,7,4,6,4,5,1,3,8,2,6,1,1,3,7,8,4,9,8,Dentist
4267,5,1,1,3,5,5,5,5,9,4,6,4,5,9,9,9,6,5,5,9,4,2,2,6,8,8,5,5,8,5,9,8,Civil Services
4268,5,3,1,2,3,1,6,4,7,5,6,4,5,7,7,7,7,2,5,8,5,3,3,7,4,10,1,5,9,5,6,9,Law
4269,3,4,6,8,2,1,4,3,3,5,5,3,7,5,6,4,7,5,6,5,6,8,2,2,1,1,5,6,6,1,2,8,Dentist
4270,4,1,2,1,4,6,4,7,3,3,6,9,1,5,7,4,6,2,5,3,6,1,10,5,2,6,3,5,8,5,6,5,CA / Accounting
4271,2,2,4,5,3,1,3,4,4,10,8,4,5,9,8,5,6,10,9,7,4,6,1,8,2,7,9,10,5,4,9,7,Psychology
4272,5,3,3,3,3,1,6,5,9,7,10,4,3,6,7,6,7,5,6,7,3,3,5,6,6,8,6,9,6,5,7,7,Law
4273,6,9,6,6,8,2,7,2,6,7,10,7,6,8,4,5,8,6,5,6,10,6,5,6,5,6,3,7,7,6,8,7,Engineering
4274,6,7,5,8,6,2,5,3,7,6,9,1,9,8,4,6,4,7,7,5,6,9,6,5,5,4,6,7,9,6,10,9,MBBS / Doctor
4275,2,2,1,2,5,3,4,3,7,8,5,5,1,3,9,4,9,6,6,9,6,1,4,4,3,7,5,3,6,4,8,8,Journalism / Media
4276,2,4,6,10,4,3,5,4,3,7,6,2,6,7,7,6,8,4,4,4,3,8,2,4,2,3,7,7,8,3,5,7,Dentist
4277,7,4,3,4,8,6,6,10,6,7,7,7,7,10,10,10,9,6,4,8,6,4,9,8,3,6,6,7,9,9,10,10,Business / Management
4278,4,3,8,7,4,3,1,3,3,4,5,5,8,6,4,5,3,6,8,1,5,6,5,2,5,2,5,8,4,3,6,3,Pharmacy
4279,2,4,2,2,9,5,9,10,6,5,9,7,4,8,8,9,8,6,7,5,9,2,9,4,5,5,2,8,6,8,7,6,Business / Management
4280,2,3,2,6,4,1,5,4,9,7,7,5,3,6,7,9,6,6,6,8,4,3,5,10,8,9,6,6,6,6,9,9,Law
4281,7,5,3,4,6,5,8,7,2,3,4,9,3,6,4,5,5,4,4,2,6,1,8,4,3,6,3,3,6,5,10,5,Finance / Banking
4282,3,2,4,7,5,1,6,4,4,8,5,5,6,6,9,4,7,10,5,6,4,5,3,4,4,5,6,8,5,3,5,7,Psychology
4283,1,3,1,3,2,2,1,4,7,7,10,6,3,8,7,6,5,7,5,9,2,4,3,6,6,7,5,6,8,4,9,8,Law
4284,7,1,3,2,7,10,8,6,3,3,9,10,4,6,5,6,6,4,5,2,5,3,6,5,5,5,1,10,10,4,6,5,CA / Accounting
4285,6,2,1,2,5,9,8,2,1,3,7,6,2,7,4,4,1,3,3,1,4,1,10,2,2,6,4,5,7,2,7,4,CA / Accounting
4286,6,3,9,9,6,2,3,2,6,8,10,2,9,9,6,7,3,10,4,6,6,8,4,2,4,1,5,8,7,6,6,6,MBBS / Doctor
4287,6,6,4,8,7,3,4,4,5,4,6,4,6,5,10,7,6,6,8,9,3,1,2,4,2,5,9,8,7,3,6,7,Teaching / Professor
4288,10,1,4,6,9,9,8,8,6,4,9,8,4,8,8,8,9,5,6,7,8,3,10,4,5,4,4,10,8,8,4,8,Finance / Banking
4289,6,5,7,9,4,1,5,4,4,5,6,5,7,8,6,4,4,4,9,1,6,5,2,4,4,2,5,6,5,4,6,4,Pharmacy
4290,1,4,3,1,4,4,7,3,10,5,10,7,1,8,7,8,7,6,7,6,2,3,5,9,7,8,5,9,7,2,9,6,Law
4291,5,1,5,3,6,6,6,9,6,7,7,8,4,8,8,10,8,8,6,8,8,5,8,3,6,6,7,6,5,5,8,10,Business / Management
4292,5,5,5,4,8,6,7,10,6,5,8,6,2,9,6,9,6,5,4,9,6,2,8,5,5,4,6,10,7,8,6,7,Business / Management
4293,7,4,6,3,6,5,3,3,5,7,9,9,5,8,10,8,6,8,10,9,7,6,2,6,4,6,10,10,6,6,10,10,Teaching / Professor
4294,7,2,1,1,6,6,9,7,1,5,8,7,4,7,5,5,4,2,1,6,8,4,10,3,3,3,4,7,6,7,8,6,Finance / Banking
4295,1,4,3,4,7,3,6,5,9,8,7,5,4,7,9,6,10,6,7,9,5,4,6,7,4,6,7,9,6,6,8,10,Journalism / Media
4296,4,1,4,4,1,4,8,2,7,6,10,5,4,5,9,8,7,9,8,9,4,1,2,7,10,6,4,8,7,3,9,9,Civil Services
4297,8,4,1,2,7,8,10,6,2,5,8,7,3,9,5,5,4,4,6,4,10,1,10,4,4,1,3,6,4,2,5,7,Finance / Banking
4298,6,6,10,9,8,6,2,5,4,3,10,4,10,6,6,5,7,7,10,5,5,8,5,3,4,2,5,9,7,2,8,6,Pharmacy
4299,9,5,2,4,8,3,4,3,4,4,10,7,7,10,5,7,8,6,7,5,9,2,4,7,6,4,6,6,6,8,9,5,Engineering
4300,9,1,3,4,6,10,9,7,2,2,9,10,4,8,6,5,6,3,4,4,8,1,10,3,5,2,3,10,9,4,9,6,CA / Accounting
4301,6,4,5,3,4,10,8,9,2,3,9,5,5,9,5,7,4,3,3,5,7,2,7,4,6,7,4,7,6,4,7,9,CA / Accounting
4302,3,4,6,4,4,4,2,5,7,7,7,6,9,7,8,9,6,7,10,9,3,3,4,6,4,3,10,10,7,5,6,6,Teaching / Professor
4303,6,6,6,5,6,4,8,7,8,6,8,8,9,10,8,9,7,10,10,10,5,3,3,8,4,3,10,7,8,5,7,8,Teaching / Professor
4304,7,5,3,1,7,9,7,8,3,3,8,9,1,7,6,6,5,3,8,1,8,3,9,4,5,3,3,6,7,7,5,6,Finance / Banking
4305,9,7,6,5,8,4,5,4,5,5,9,8,8,8,5,4,5,8,3,7,8,5,1,4,6,5,5,4,5,9,7,6,Engineering
4306,9,1,1,1,7,7,10,7,1,3,7,10,4,5,7,5,2,3,4,1,7,1,8,3,3,2,2,5,7,4,6,6,Finance / Banking
4307,5,2,10,8,4,3,3,2,2,5,9,4,9,5,6,5,4,6,5,3,4,10,2,5,4,5,1,8,8,4,6,6,Pharmacy
4308,7,3,1,1,5,10,5,5,3,3,6,10,1,7,7,5,5,4,4,3,8,3,10,4,3,2,5,7,7,8,8,6,CA / Accounting
4309,7,8,7,3,7,1,5,3,3,3,8,5,5,10,4,4,10,9,5,4,9,6,2,4,5,4,4,7,5,6,7,6,Engineering
4310,5,4,3,6,3,1,3,5,7,5,10,4,5,8,10,8,7,6,5,6,6,6,4,8,5,9,5,7,6,7,9,10,Law
4311,5,2,6,8,1,5,5,6,2,7,6,7,8,7,6,8,9,5,5,3,6,8,3,3,5,1,5,9,9,3,8,10,Dentist
4312,8,4,3,2,5,9,6,7,4,7,10,10,3,6,7,6,5,5,6,2,8,4,9,6,4,5,5,8,6,9,8,7,CA / Accounting
4313,9,3,4,3,5,9,8,7,4,2,8,10,4,5,7,7,5,5,5,6,6,3,9,6,4,3,5,8,8,8,6,6,Finance / Banking
4314,8,2,2,1,5,8,10,10,3,5,8,8,4,8,9,6,4,5,4,4,9,2,10,4,5,3,5,5,6,7,8,7,Finance / Banking
4315,4,1,5,3,5,5,4,9,5,5,7,5,5,6,7,8,7,7,7,6,7,1,8,4,8,2,8,7,5,10,7,7,Business / Management
4316,3,2,3,6,3,3,2,3,4,9,7,4,4,5,10,6,6,10,7,8,2,4,1,7,1,3,5,7,6,3,4,10,Psychology
4317,3,2,2,4,6,7,4,6,5,4,6,7,4,7,8,9,9,4,4,9,10,1,8,5,4,4,6,7,10,6,6,10,Business / Management
4318,7,5,1,3,7,7,6,8,4,4,8,10,2,8,6,3,3,5,5,5,6,2,10,7,3,5,5,6,5,8,7,5,Finance / Banking
4319,2,3,1,3,1,2,4,4,8,4,8,6,1,9,10,7,4,6,5,10,3,2,4,7,5,9,6,7,8,7,6,5,Law
4320,4,3,4,5,2,1,5,5,3,10,6,3,3,8,7,5,4,9,4,5,2,4,3,6,4,3,6,10,6,4,6,8,Psychology
4321,5,2,3,3,3,5,5,6,8,1,8,5,1,6,8,6,8,8,5,7,4,4,4,9,7,10,5,6,7,5,9,10,Law
4322,5,5,6,10,5,4,4,4,3,4,8,6,8,10,10,4,7,5,2,7,6,10,2,5,2,2,6,9,9,5,5,6,Dentist
4323,7,6,5,6,7,3,4,6,5,5,10,5,9,6,8,6,6,10,10,7,9,3,8,7,5,7,9,7,7,5,5,8,Teaching / Professor
4324,8,6,5,3,5,7,10,8,7,3,8,7,5,9,7,10,9,8,8,8,7,2,10,8,6,6,7,9,7,9,8,9,Business / Management
4325,5,4,4,2,7,4,6,6,8,7,6,2,4,6,9,4,8,8,6,10,7,2,5,7,3,7,5,5,9,8,9,9,Journalism / Media
4326,7,5,7,8,6,1,3,3,4,3,7,4,7,5,10,6,5,6,4,6,3,10,5,3,3,1,3,9,9,3,7,5,MBBS / Doctor
4327,5,5,3,1,5,8,5,6,3,4,6,7,4,8,4,3,2,5,1,3,7,2,9,5,4,4,5,10,4,3,6,5,CA / Accounting
4328,5,4,3,6,7,4,5,9,4,5,9,6,2,9,6,10,7,6,5,7,7,3,10,6,5,4,6,5,9,6,7,6,Business / Management
4329,6,4,3,4,4,2,4,5,5,10,7,3,7,7,9,6,6,10,5,8,6,8,5,8,7,5,6,8,6,5,8,9,Psychology
4330,3,5,7,9,6,2,3,5,4,4,7,5,9,8,6,5,6,8,7,1,5,8,3,6,4,1,4,9,8,5,7,9,Dentist
4331,4,5,5,5,8,4,7,6,10,6,9,7,3,9,10,9,10,9,7,9,7,4,5,9,9,8,6,9,10,4,8,7,Civil Services
4332,6,4,2,2,5,10,9,7,1,3,8,10,1,8,7,7,6,6,4,5,3,1,10,3,3,4,5,8,7,5,7,8,CA / Accounting
4333,6,3,2,1,7,4,7,2,8,6,7,4,4,6,8,7,9,6,7,7,4,1,5,6,6,9,4,10,7,3,6,8,Civil Services
4334,7,8,2,2,7,9,10,5,6,4,5,9,2,10,7,8,7,4,6,7,8,1,10,5,3,7,2,6,7,8,7,6,Finance / Banking
4335,9,6,6,9,4,5,1,4,4,5,7,3,10,8,9,6,8,8,8,6,6,10,9,3,4,2,7,9,10,4,9,5,MBBS / Doctor
4336,4,3,6,5,9,4,9,10,7,6,9,6,5,8,8,10,8,6,4,10,7,5,6,8,5,5,5,8,4,8,9,9,Business / Management
4337,10,6,5,5,10,4,7,5,4,5,8,10,6,10,7,7,6,4,9,6,10,3,5,3,5,5,6,7,7,8,8,6,Engineering
4338,5,3,3,3,6,3,4,2,6,6,8,5,2,7,8,10,4,7,4,5,5,3,1,9,8,8,7,8,8,6,4,5,Civil Services
4339,1,3,4,2,6,3,5,3,9,5,7,4,1,9,7,5,5,4,8,8,3,1,6,7,3,4,5,9,5,6,9,6,Law
4340,6,6,6,5,8,2,3,6,6,6,8,7,3,7,8,7,8,10,8,7,6,5,4,8,4,4,10,10,9,5,8,7,Teaching / Professor
4341,10,7,7,5,8,4,6,6,4,5,9,9,6,10,7,4,9,9,8,7,9,1,2,5,4,3,5,8,5,6,10,5,Engineering
4342,3,4,9,6,4,5,1,4,2,4,7,5,9,5,4,5,3,6,8,4,4,7,3,2,1,1,6,5,6,4,9,8,Pharmacy
4343,5,6,7,10,6,4,4,1,3,6,8,6,9,7,9,5,7,10,6,5,4,8,1,5,4,1,6,9,7,3,5,10,MBBS / Doctor
4344,5,6,2,4,6,6,4,5,8,7,7,8,4,4,7,4,6,8,7,5,5,4,4,8,6,1,8,8,5,6,7,7,Teaching / Professor
4345,3,1,1,3,6,5,3,6,7,5,7,2,3,7,9,7,9,8,9,7,6,3,5,7,6,9,7,6,7,6,6,9,Law
4346,2,2,4,1,6,3,6,4,6,7,8,5,2,9,8,9,7,9,8,7,4,4,4,5,8,7,8,10,6,5,8,7,Civil Services
4347,5,2,10,7,2,4,1,3,4,3,8,5,8,8,4,6,5,6,5,2,3,10,2,2,2,1,7,8,5,3,7,6,Pharmacy
4348,5,5,8,10,7,3,1,5,3,7,7,9,10,8,6,5,6,8,5,5,7,10,2,5,5,4,7,7,9,4,7,8,MBBS / Doctor
4349,6,5,7,7,3,2,5,6,2,7,8,4,8,10,5,6,6,8,3,4,4,9,3,5,1,4,6,9,5,4,9,9,Dentist
4350,4,3,10,7,6,4,3,5,3,5,4,4,9,5,4,2,6,4,6,3,6,4,2,5,2,3,5,5,6,3,7,6,Pharmacy
4351,3,2,1,6,3,1,3,5,6,2,8,1,1,6,10,5,8,5,5,7,2,1,4,7,4,9,1,7,6,4,7,7,Law
4352,8,5,3,2,8,8,10,10,3,4,8,8,3,10,7,10,5,7,8,5,8,4,9,7,3,4,4,7,8,6,7,5,Finance / Banking
4353,8,7,3,4,7,4,6,5,5,7,8,9,8,5,5,4,7,4,7,6,10,6,1,2,8,5,5,7,7,3,6,6,Engineering
4354,4,4,5,9,6,1,1,4,1,3,8,5,9,10,5,4,10,8,7,5,3,9,3,2,2,3,5,10,6,6,7,10,Dentist
4355,3,6,4,2,3,3,10,7,10,6,8,4,3,9,8,7,6,7,6,9,7,2,5,10,10,8,7,10,10,1,6,8,Civil Services
4356,6,7,7,4,6,4,7,4,7,5,8,4,5,9,10,8,10,9,8,7,5,3,3,7,3,4,10,6,9,5,8,6,Teaching / Professor
4357,4,3,5,3,4,2,3,4,8,4,7,6,1,8,8,5,7,10,7,9,2,3,4,6,10,6,3,8,6,6,4,7,Civil Services
4358,5,2,2,4,6,3,3,3,8,10,8,9,6,9,10,6,8,10,6,7,6,6,4,9,5,3,6,10,8,5,9,8,Psychology
4359,5,4,9,7,4,3,4,4,2,4,7,5,10,8,7,5,5,3,7,4,4,7,3,1,5,1,2,8,9,4,8,6,Pharmacy
4360,4,1,5,2,3,1,6,7,8,5,8,5,5,7,10,10,7,8,8,9,4,3,6,9,10,9,5,8,10,5,9,10,Civil Services
4361,5,7,4,4,7,2,4,4,3,3,8,9,7,8,6,3,7,4,5,4,8,5,6,3,3,3,6,7,7,7,6,8,Engineering
4362,7,4,2,1,6,9,4,8,3,3,7,10,4,6,7,8,6,2,6,2,7,1,9,3,2,4,4,7,6,4,8,8,Finance / Banking
4363,2,3,3,5,5,3,4,5,7,10,7,5,6,8,4,5,9,10,9,6,4,5,3,9,2,2,8,9,5,2,6,9,Psychology
4364,4,3,6,7,2,1,4,2,3,2,4,3,6,10,5,6,8,6,6,4,5,7,1,6,4,3,6,9,5,3,10,9,Dentist
4365,4,2,2,3,4,1,4,6,8,5,9,4,4,8,6,6,5,6,4,10,5,2,4,8,3,9,3,8,5,5,9,9,Law
4366,2,1,1,4,5,1,4,5,8,4,5,4,4,4,6,6,5,4,5,8,4,3,5,5,6,10,4,9,6,7,7,7,Law
4367,6,1,1,1,3,7,7,7,4,5,8,8,3,5,6,4,2,1,1,3,5,1,6,2,1,3,4,5,8,4,3,8,Finance / Banking
4368,4,4,7,7,3,2,2,1,5,3,5,4,7,6,4,5,4,7,9,1,5,6,4,2,2,2,5,5,6,5,6,5,Pharmacy
4369,2,5,5,8,6,2,3,6,1,4,5,5,8,8,3,5,7,5,8,2,8,5,3,3,1,1,3,7,7,1,8,5,Pharmacy
4370,5,5,6,8,4,1,2,4,4,3,7,4,10,10,9,5,8,7,5,4,7,7,2,3,3,5,6,9,7,7,6,7,Dentist
4371,3,3,1,5,5,2,4,6,4,8,7,7,4,8,9,6,6,9,7,10,5,1,4,6,4,9,4,8,6,3,8,9,Law
4372,6,5,8,10,5,3,3,1,4,4,4,5,9,7,5,4,4,5,6,2,4,9,2,3,1,3,5,8,5,4,5,6,Pharmacy
4373,3,4,3,6,8,3,4,6,6,10,4,7,7,8,10,7,7,10,6,3,3,4,3,7,5,4,8,7,5,1,8,10,Psychology
4374,6,1,4,5,2,4,3,3,6,8,10,5,5,7,10,4,5,10,8,6,2,10,1,7,5,4,8,9,6,1,7,10,Psychology
4375,5,3,3,1,6,2,6,8,4,4,7,7,5,10,7,9,9,8,3,8,6,2,7,6,2,4,4,6,6,8,8,9,Business / Management
4376,6,5,10,9,3,1,3,5,6,6,5,6,10,9,6,3,7,4,9,3,2,8,3,3,5,1,6,9,7,4,5,6,Pharmacy
4377,6,5,4,7,6,2,3,5,6,5,8,7,10,8,8,8,6,8,4,4,5,8,3,6,4,1,6,10,8,4,6,9,MBBS / Doctor
4378,3,6,7,10,4,2,5,5,3,3,8,8,9,8,6,4,9,8,5,5,7,9,4,6,8,1,7,7,6,5,7,9,Dentist
4379,3,4,8,7,2,2,6,6,4,7,8,4,6,5,5,2,8,5,5,5,5,10,3,5,5,1,3,5,10,5,8,8,Dentist
4380,4,4,8,10,5,2,3,4,4,3,5,2,7,8,6,6,1,6,7,4,5,8,3,5,5,1,5,6,7,4,8,4,Pharmacy
4381,3,5,2,1,6,5,7,8,5,4,7,5,4,7,7,8,7,6,3,9,5,4,8,4,3,3,4,6,7,9,7,7,Business / Management
4382,8,5,1,2,7,6,9,9,2,7,7,6,2,7,6,5,3,2,7,5,8,1,8,2,3,5,3,6,6,7,6,8,Finance / Banking
4383,7,1,2,2,7,9,6,7,4,4,8,9,3,6,5,6,5,4,2,5,4,1,8,3,4,6,6,6,5,6,6,4,CA / Accounting
4384,4,2,1,1,6,3,3,5,7,3,7,4,6,2,8,5,8,6,5,7,6,2,4,8,4,7,6,5,7,7,7,9,Journalism / Media
4385,6,1,6,3,7,3,4,6,4,6,7,5,6,8,8,10,8,5,5,8,7,3,9,6,3,4,5,5,8,8,10,10,Business / Management
4386,3,7,6,4,7,4,6,4,7,5,7,7,7,10,5,7,8,8,8,5,10,5,4,3,5,5,3,8,7,5,7,8,Engineering
4387,7,5,6,5,10,4,4,3,2,6,7,10,8,9,5,7,7,4,7,5,7,4,4,5,3,2,7,9,8,6,7,8,Engineering
4388,4,7,6,10,3,3,5,5,5,7,9,4,8,8,10,7,7,8,8,3,5,9,2,5,5,4,8,6,10,4,10,8,MBBS / Doctor
4389,7,6,3,3,6,6,7,8,4,5,8,10,2,6,7,6,6,6,7,7,10,2,10,8,2,3,5,7,5,5,8,6,Finance / Banking
4390,7,5,7,8,6,3,7,7,7,7,9,5,7,7,10,7,7,9,10,10,7,6,3,7,5,6,9,9,7,3,5,9,Teaching / Professor
4391,5,4,4,5,8,4,4,6,9,8,10,5,3,10,9,8,6,6,8,8,7,5,5,5,9,6,7,10,6,6,8,9,Civil Services
4392,7,4,6,5,5,6,7,9,5,7,4,6,6,9,7,6,10,6,7,9,6,1,7,5,5,4,6,7,9,8,10,9,Business / Management
4393,5,4,3,3,4,3,7,7,5,5,8,6,5,7,8,9,5,8,7,8,8,3,6,4,5,3,3,5,8,6,8,8,Business / Management
4394,5,4,2,5,1,1,3,2,5,7,7,2,5,8,7,2,7,10,7,4,5,6,3,8,4,4,5,7,5,2,7,8,Psychology
4395,6,8,8,8,1,3,4,4,3,6,5,3,9,8,5,5,4,7,8,4,4,6,4,7,3,1,7,9,8,3,6,5,Pharmacy
4396,7,5,1,1,4,8,5,5,5,7,9,9,7,7,6,6,8,6,6,5,7,2,8,4,5,4,6,7,8,6,6,5,Finance / Banking
4397,6,9,6,4,7,3,6,3,4,6,5,8,6,8,5,6,10,4,7,8,8,6,4,7,5,4,5,6,7,8,7,5,Engineering
4398,6,4,5,6,5,4,1,5,8,10,6,6,4,8,9,9,9,10,8,4,4,5,6,7,3,4,9,8,6,3,8,7,Psychology
4399,4,4,6,8,2,2,3,5,1,6,7,4,5,8,4,4,7,9,5,2,5,9,2,5,2,1,2,6,7,4,5,7,Dentist
4400,4,4,7,9,3,4,4,3,5,5,5,5,7,6,5,5,5,7,9,4,6,8,2,3,3,4,3,7,6,4,6,4,Pharmacy
4401,6,5,5,5,7,6,8,10,2,4,5,8,3,7,8,7,9,3,3,7,5,5,7,7,5,5,4,7,8,10,10,8,Business / Management
4402,3,4,6,10,7,3,3,4,4,3,8,6,10,7,8,9,9,9,8,4,4,10,1,5,7,5,8,9,7,8,10,9,MBBS / Doctor
4403,2,5,7,10,4,1,4,4,2,4,9,6,7,10,8,5,8,8,4,5,3,10,2,4,3,5,5,8,9,7,8,9,Dentist
4404,3,1,1,5,4,4,4,6,4,7,7,6,5,5,7,6,7,8,6,4,3,6,3,6,4,2,5,6,6,5,5,9,Psychology
4405,4,3,1,7,4,1,1,4,4,8,8,1,7,6,8,5,6,10,7,6,3,7,4,7,6,2,6,7,6,2,5,7,Psychology
4406,6,6,2,2,7,8,7,9,4,5,7,8,1,10,5,3,6,2,5,4,7,1,9,2,4,6,1,7,6,4,4,6,CA / Accounting
4407,6,5,1,1,6,8,5,6,5,5,7,7,4,9,7,8,4,2,4,4,6,1,10,3,2,5,5,5,8,5,6,5,Finance / Banking
4408,6,2,1,1,3,8,6,4,1,3,7,8,4,7,2,4,4,2,2,4,5,1,7,6,2,4,3,9,6,2,7,9,CA / Accounting
4409,7,10,4,6,5,3,6,3,7,5,7,7,6,7,10,10,9,8,7,7,4,3,3,6,4,6,10,9,8,8,9,10,Teaching / Professor
4410,3,3,1,5,4,3,6,4,6,7,7,4,3,4,9,6,7,10,7,8,8,1,5,8,4,7,4,7,8,4,9,9,Journalism / Media
4411,3,4,9,7,5,4,4,6,2,5,9,7,5,6,6,1,6,3,7,3,4,8,1,4,3,3,6,9,7,4,8,4,Pharmacy
4412,8,7,3,4,6,5,4,2,6,6,10,4,5,6,7,7,7,9,10,8,4,3,2,7,5,6,9,8,8,5,10,10,Teaching / Professor
4413,2,1,2,3,4,2,4,3,9,6,6,7,3,8,8,5,3,7,4,7,3,3,1,7,8,6,4,9,8,6,6,6,Civil Services
4414,7,2,3,4,4,3,5,7,7,5,7,6,4,7,7,8,6,7,7,10,5,2,1,7,8,7,5,9,10,8,8,9,Civil Services
4415,2,1,5,7,2,4,6,4,5,8,10,3,5,4,10,5,4,8,8,7,4,7,3,9,6,3,9,7,7,3,10,7,Psychology
4416,8,6,4,4,6,7,9,10,3,7,10,6,3,10,7,5,5,5,7,5,7,1,8,4,5,5,7,6,8,7,6,9,Finance / Banking
4417,7,5,2,1,5,10,7,9,2,2,9,7,3,7,6,8,5,4,4,5,7,1,10,3,4,2,5,5,7,8,7,8,Finance / Banking
4418,8,7,8,5,9,4,1,4,3,3,10,7,10,7,5,7,7,6,6,5,8,4,5,7,4,4,4,9,8,4,4,5,Engineering
4419,6,7,3,9,6,1,2,4,3,5,7,3,7,9,9,7,7,8,9,5,6,9,1,4,3,2,9,10,7,4,5,6,MBBS / Doctor
4420,2,2,2,3,4,2,4,8,8,7,10,5,5,9,9,8,9,7,7,10,9,3,6,10,4,8,7,7,8,8,7,9,Journalism / Media
4421,5,4,3,3,6,6,7,6,4,1,4,9,1,4,4,5,5,3,3,3,6,2,10,6,4,5,1,8,5,3,5,5,CA / Accounting
4422,8,4,2,2,6,7,10,7,5,2,9,8,4,4,8,6,7,6,2,6,7,3,9,3,3,5,2,6,9,4,6,8,Finance / Banking
4423,5,5,2,3,2,7,5,4,6,7,6,6,4,9,7,10,6,8,5,7,4,4,3,6,10,7,5,6,9,6,5,8,Civil Services
4424,7,1,1,5,5,8,4,7,2,5,5,10,2,5,6,8,5,4,3,5,6,1,10,4,4,6,3,7,7,4,5,4,CA / Accounting
4425,4,1,1,2,7,5,10,7,3,4,5,7,1,7,4,5,3,5,3,2,7,1,10,3,3,4,4,7,7,5,4,5,Finance / Banking
4426,4,2,3,4,4,3,6,3,6,3,10,7,5,6,10,4,8,9,6,10,5,3,4,7,5,9,8,7,7,8,8,8,Journalism / Media
4427,8,3,5,3,5,7,8,6,3,3,9,8,4,9,6,5,7,4,8,6,8,3,10,5,1,4,5,5,10,7,8,8,Finance / Banking
4428,4,4,8,9,4,4,2,5,2,1,10,4,6,8,5,4,6,7,3,6,4,9,4,5,3,3,3,10,8,3,10,9,Dentist
4429,4,3,8,8,7,2,4,4,3,6,7,3,8,8,6,5,7,7,5,5,3,7,3,3,3,4,4,10,9,5,7,6,Dentist
4430,6,5,3,2,6,8,7,7,4,4,7,7,3,3,8,8,7,5,5,6,8,4,7,4,4,5,2,9,8,7,5,8,Business / Management
4431,4,4,5,7,8,3,6,5,8,9,9,7,6,8,9,6,6,5,6,8,6,4,3,7,5,7,10,8,9,3,8,8,Teaching / Professor
4432,5,3,7,7,4,1,3,4,3,5,9,6,8,6,5,7,8,6,8,2,5,8,5,2,1,1,5,9,7,3,7,9,Dentist
4433,8,4,4,3,5,9,6,6,2,2,6,7,3,7,6,6,1,4,3,2,7,2,9,5,3,2,3,5,10,6,6,5,Finance / Banking
4434,3,3,4,2,6,2,5,7,7,6,5,4,3,4,10,6,9,7,3,8,7,2,4,7,5,10,3,7,7,6,10,7,Journalism / Media
4435,5,6,9,9,2,3,5,5,3,7,9,8,8,9,9,6,10,7,5,4,4,9,3,6,2,4,4,9,6,3,8,9,Dentist
4436,9,7,3,5,8,4,3,7,5,4,7,9,5,10,5,8,7,7,5,5,10,4,5,4,4,6,4,8,7,7,7,5,Engineering
4437,8,2,3,3,4,6,7,8,1,1,7,6,1,7,4,6,2,8,6,3,5,1,9,3,2,1,3,5,7,3,7,5,Finance / Banking
4438,4,2,1,4,5,2,5,3,6,7,7,3,4,7,8,5,10,9,5,9,5,3,5,10,6,5,5,5,5,6,8,9,Journalism / Media
4439,4,4,6,10,3,4,1,4,5,7,7,4,7,6,6,5,4,10,4,7,3,7,1,3,6,4,6,10,8,4,7,7,MBBS / Doctor
4440,6,4,4,7,5,5,5,5,7,10,8,5,9,7,10,7,9,10,7,8,7,8,4,9,4,4,8,10,10,3,5,9,Psychology
4441,4,1,3,6,5,2,2,2,6,10,5,3,5,8,7,8,10,10,6,7,4,3,7,9,6,6,7,8,5,2,9,8,Psychology
4442,6,4,7,6,6,2,6,6,1,6,6,6,9,7,7,3,7,4,8,4,8,7,4,5,5,3,6,10,6,4,7,5,Pharmacy
4443,7,6,3,1,5,9,8,6,3,6,10,9,5,8,7,5,7,4,4,4,8,1,10,5,6,4,3,7,6,7,9,6,Finance / Banking
4444,7,5,4,7,6,6,6,7,7,5,8,6,7,7,10,10,6,6,6,10,8,3,6,6,4,5,5,8,10,10,9,7,Business / Management
4445,3,7,7,10,7,1,2,3,5,4,7,5,7,6,8,9,5,8,5,6,4,9,6,5,2,4,8,10,8,3,7,8,MBBS / Doctor
4446,7,4,8,4,5,1,5,5,3,1,5,5,8,6,8,3,2,6,8,3,4,8,2,4,3,1,6,9,6,3,8,8,Pharmacy
4447,9,8,7,3,7,3,4,3,7,3,7,7,9,5,8,5,7,4,9,5,8,3,4,5,5,4,3,6,8,5,8,6,Engineering
4448,5,1,1,1,3,8,7,6,3,4,9,6,2,7,5,4,2,2,4,4,4,1,7,1,3,2,2,10,6,3,3,5,CA / Accounting
4449,5,2,5,6,4,4,5,5,4,9,8,7,5,10,9,7,9,10,6,7,4,5,2,10,4,5,9,9,6,3,7,10,Psychology
4450,9,8,9,9,6,2,1,3,4,6,8,8,9,7,8,8,6,7,8,4,5,10,2,5,5,4,5,10,7,7,8,9,MBBS / Doctor
4451,5,4,1,5,6,1,5,4,8,6,6,2,3,5,10,6,9,8,9,9,7,3,4,8,5,8,5,5,7,6,9,7,Journalism / Media
4452,4,5,6,8,3,3,4,5,4,4,8,2,7,8,8,5,7,7,5,4,3,8,4,4,2,2,2,8,8,5,9,10,Dentist
4453,9,5,1,2,3,6,8,9,3,6,6,6,2,6,6,7,2,1,5,3,7,1,8,5,5,6,4,10,8,4,5,6,CA / Accounting
4454,2,6,8,7,2,3,3,5,6,2,8,4,8,8,7,7,4,6,7,3,7,7,1,4,1,1,7,5,10,3,5,8,MBBS / Doctor
4455,4,4,8,10,4,3,2,4,4,4,5,4,10,7,8,5,6,5,9,5,8,7,4,6,2,1,5,7,7,2,7,7,Pharmacy
4456,3,2,1,1,5,6,7,4,7,5,4,4,3,5,5,8,3,9,3,8,1,3,3,7,9,6,6,9,6,2,7,8,Civil Services
4457,5,3,10,5,7,2,4,4,1,5,7,4,10,8,5,5,5,5,8,3,4,6,4,3,4,3,5,9,7,3,7,7,Pharmacy
4458,6,5,5,1,6,8,7,9,4,8,7,5,9,6,8,8,7,5,4,9,5,5,9,6,5,6,7,4,9,7,10,8,Business / Management
4459,4,1,1,1,6,10,8,7,1,4,9,8,4,7,5,4,3,5,3,6,5,3,9,1,3,3,3,6,5,5,10,6,CA / Accounting
4460,7,7,7,3,6,2,5,2,4,5,10,6,8,10,7,5,6,5,7,4,10,3,1,4,5,4,5,9,5,6,9,3,Engineering
4461,5,4,2,2,4,6,6,3,5,7,6,7,4,5,10,8,8,5,4,7,5,5,8,6,4,4,6,7,7,6,6,8,Business / Management
4462,2,4,2,2,6,1,4,4,5,7,7,3,4,4,8,10,10,4,8,9,6,2,2,5,4,9,4,6,8,7,7,7,Journalism / Media
4463,3,5,4,5,6,1,5,4,7,7,7,6,8,5,10,10,8,7,8,10,7,4,2,8,6,6,10,8,7,3,7,9,Teaching / Professor
4464,4,2,5,7,4,4,5,1,9,7,6,3,7,9,10,4,7,8,10,7,5,6,5,10,5,4,6,8,7,5,8,10,Psychology
4465,5,3,1,1,6,10,6,6,1,4,7,10,2,6,6,5,3,3,2,4,6,3,9,2,1,3,4,10,7,3,6,2,CA / Accounting
4466,3,2,1,3,6,2,6,5,10,8,10,5,3,5,5,8,5,8,4,5,3,1,6,6,5,8,4,7,6,2,4,6,Law
4467,6,7,7,5,5,1,5,7,7,7,8,6,5,7,9,10,10,7,10,10,7,3,4,9,4,5,10,9,5,3,6,8,Teaching / Professor
4468,4,3,7,8,4,2,1,6,2,7,5,7,9,5,6,5,7,5,9,3,3,8,2,3,4,4,3,7,6,4,6,5,Pharmacy
4469,2,3,2,5,6,1,7,4,8,7,5,3,3,6,8,5,10,8,6,8,6,2,4,6,5,8,4,2,8,10,9,9,Journalism / Media
4470,8,1,1,1,5,10,8,6,3,5,5,7,3,4,5,6,4,3,6,4,8,1,8,3,5,5,3,6,5,6,6,5,CA / Accounting
4471,4,1,4,4,3,8,3,4,2,3,4,6,5,8,5,5,4,3,4,1,5,1,8,4,3,4,3,8,7,2,4,3,CA / Accounting
4472,5,3,4,2,4,4,8,6,6,5,8,5,1,8,10,6,8,9,5,7,7,3,4,9,5,9,6,6,8,6,9,8,Journalism / Media
4473,3,1,5,7,3,1,1,3,3,6,5,4,8,7,4,2,6,6,2,3,3,7,3,1,1,1,5,8,7,1,5,7,Dentist
4474,3,3,1,7,3,3,4,3,5,9,7,4,7,9,7,6,6,9,7,6,2,5,5,10,5,3,8,10,5,3,7,9,Psychology
4475,4,9,7,7,7,5,5,7,8,8,5,4,7,9,7,9,7,9,8,8,6,5,6,6,4,6,10,8,3,2,7,8,Teaching / Professor
4476,5,5,8,10,4,2,2,7,4,7,7,7,7,7,7,5,7,6,3,6,5,9,7,6,3,5,5,9,6,4,6,9,Dentist
4477,5,7,6,10,5,1,4,8,5,5,7,5,9,9,6,6,10,8,4,5,7,10,5,5,4,3,5,6,8,5,7,10,Dentist
4478,4,4,2,1,3,6,4,5,1,4,7,8,3,6,5,5,5,1,4,1,3,1,5,3,2,4,6,7,7,5,6,5,CA / Accounting
4479,4,2,3,5,3,3,5,5,9,6,7,7,6,7,9,8,6,8,6,5,6,3,1,10,10,8,5,8,7,3,6,6,Civil Services
4480,6,5,7,9,5,2,4,3,2,3,3,3,8,7,7,2,3,5,7,4,3,10,2,5,4,1,3,4,5,3,5,3,Pharmacy
4481,8,2,4,3,7,4,7,9,5,7,4,6,5,9,9,8,6,7,4,8,6,5,8,6,4,5,5,8,6,8,10,10,Business / Management
4482,3,4,9,9,1,3,5,5,4,5,6,6,10,8,8,4,5,6,6,3,5,8,3,6,4,4,4,6,8,1,7,3,Pharmacy
4483,8,5,3,1,3,9,8,10,5,6,7,8,5,7,6,6,4,3,5,4,6,2,7,5,5,5,3,5,9,6,8,5,Finance / Banking
4484,7,1,1,2,5,10,5,6,1,4,7,9,1,4,7,7,5,5,4,4,4,1,10,6,4,1,4,10,6,2,7,5,CA / Accounting
4485,8,3,2,4,6,7,10,9,3,5,9,10,4,8,8,8,6,5,5,4,7,3,10,3,6,4,4,8,9,7,10,4,Finance / Banking
4486,3,4,6,4,6,2,6,3,10,5,8,6,4,8,9,8,8,9,4,8,6,2,7,8,7,7,6,9,6,3,8,7,Civil Services
4487,6,7,5,3,9,1,5,5,3,5,8,8,7,8,4,4,8,5,4,5,5,2,5,4,4,1,4,7,7,7,6,5,Engineering
4488,5,3,7,4,5,5,6,7,4,5,6,8,4,7,7,7,10,7,6,9,7,5,7,4,5,5,5,8,8,9,10,9,Business / Management
4489,7,1,2,2,6,7,5,10,3,2,7,8,3,7,6,6,5,5,2,1,5,1,7,2,3,2,1,4,5,5,7,6,Finance / Banking
4490,7,8,10,10,2,3,4,5,2,3,7,6,8,9,9,8,9,8,6,4,5,10,4,4,4,3,5,8,6,3,9,9,Dentist
4491,5,3,9,9,5,3,7,4,4,2,9,4,8,7,10,7,4,8,6,6,5,7,3,5,3,1,7,9,8,6,5,8,MBBS / Doctor
4492,8,4,1,2,7,9,7,6,3,4,7,10,5,10,6,8,4,7,5,5,9,4,8,4,6,4,5,8,9,8,7,4,Finance / Banking
4493,6,2,6,4,5,3,8,9,5,5,5,6,4,8,10,10,9,10,5,7,6,2,4,6,2,6,5,6,7,10,10,8,Business / Management
4494,4,6,4,6,6,5,7,10,5,6,8,5,5,7,10,10,9,3,6,7,5,3,5,6,6,3,5,6,5,10,10,10,Business / Management
4495,5,4,2,3,4,3,2,1,8,7,8,5,3,8,9,6,7,5,6,10,4,3,6,4,6,9,3,7,7,4,7,7,Law
4496,6,5,8,7,5,2,6,4,2,7,9,4,7,5,9,4,5,5,9,7,6,10,2,4,2,4,5,10,6,6,10,6,MBBS / Doctor
4497,3,5,10,8,4,5,2,5,4,5,4,6,8,7,7,5,4,7,6,4,3,6,4,4,3,1,5,8,7,5,7,5,Dentist
4498,6,2,3,6,6,10,10,9,4,3,8,10,2,9,6,6,3,5,6,3,7,4,10,5,4,5,3,8,7,4,7,8,CA / Accounting
4499,6,5,5,9,4,2,5,3,4,10,8,7,6,9,9,6,8,7,7,8,4,5,1,7,2,7,10,9,7,4,9,10,Teaching / Professor
4500,3,2,7,3,4,7,7,10,1,5,9,5,6,6,8,10,7,7,6,7,7,2,8,5,2,7,4,4,7,7,8,7,Business / Management
4501,8,2,3,1,7,9,7,5,4,4,10,8,3,7,7,3,3,6,4,4,6,1,8,2,1,4,6,7,8,8,7,6,Finance / Banking
4502,6,5,4,4,4,6,6,4,8,4,9,7,5,10,9,9,6,6,6,10,5,2,4,8,10,9,4,10,9,6,10,9,Civil Services
4503,4,1,1,5,5,5,5,4,9,4,5,3,4,6,9,5,10,8,7,8,7,5,2,9,5,7,5,5,9,8,7,8,Journalism / Media
4504,7,8,6,3,9,3,4,3,4,4,6,9,6,10,4,5,6,3,5,7,9,2,1,2,3,3,4,3,7,8,9,3,Engineering
4505,6,3,1,2,4,7,8,5,4,5,7,10,6,8,5,7,1,7,4,4,3,3,9,3,3,3,3,6,7,6,7,4,CA / Accounting
4506,8,3,4,2,6,9,9,9,1,5,10,7,4,7,8,5,6,4,9,5,10,3,9,4,5,1,6,7,8,8,5,7,Finance / Banking
4507,4,3,2,6,4,2,2,2,6,10,6,4,5,7,7,4,10,10,7,5,3,5,5,6,4,3,5,9,5,1,7,8,Psychology
4508,5,1,3,1,2,10,6,8,2,5,8,7,1,6,5,4,2,3,6,4,4,1,10,2,3,4,3,6,8,1,5,4,CA / Accounting
4509,6,1,1,2,7,10,7,6,1,5,9,9,4,7,8,5,4,3,5,3,6,1,8,2,4,3,6,8,7,7,8,6,Finance / Banking
4510,4,3,5,7,7,2,5,5,3,6,4,5,5,8,10,8,7,8,6,7,5,3,6,6,6,6,10,9,6,4,6,7,Teaching / Professor
4511,4,1,2,1,6,2,3,2,8,4,6,2,3,5,8,4,8,6,4,8,4,1,3,8,5,8,6,5,7,6,6,5,Journalism / Media
4512,4,3,4,2,2,2,5,4,6,4,9,5,5,10,8,4,7,6,6,7,3,3,2,9,4,6,5,7,4,4,8,8,Law
4513,2,6,5,10,5,4,3,5,3,6,7,7,10,9,8,8,6,7,7,5,5,8,3,6,3,2,9,10,8,5,7,8,MBBS / Doctor
4514,3,1,3,2,6,1,4,2,4,8,6,6,5,10,8,6,6,7,6,7,3,5,3,7,1,3,7,7,4,4,7,9,Psychology
4515,10,2,4,3,5,10,6,7,4,4,7,6,4,8,5,7,4,5,5,3,9,1,5,1,5,1,3,10,3,4,6,3,CA / Accounting
4516,6,8,9,10,3,4,4,4,4,4,8,6,10,8,6,6,5,5,8,2,5,7,3,5,2,3,6,9,8,2,8,6,Pharmacy
4517,3,2,3,4,2,1,4,6,3,10,7,3,5,7,8,6,5,8,3,8,5,7,1,8,5,3,7,8,5,2,10,9,Psychology
4518,10,9,9,3,10,5,5,5,6,5,8,7,4,9,5,5,8,3,8,6,8,4,2,6,4,5,6,6,5,8,8,5,Engineering
4519,2,1,7,8,3,1,4,2,3,1,6,4,7,4,5,4,5,7,4,3,3,10,2,4,1,1,1,8,3,3,7,5,Pharmacy
4520,6,5,9,8,6,3,4,2,2,6,8,4,9,10,7,4,3,7,6,5,5,8,3,4,6,5,7,8,7,5,7,7,MBBS / Doctor
4521,2,3,1,1,4,4,6,7,8,6,8,3,2,8,7,10,6,3,7,10,5,3,4,7,6,10,5,5,6,6,6,7,Law
4522,7,8,6,3,8,2,5,5,3,5,9,8,10,8,6,5,6,6,5,4,8,2,1,4,5,4,7,8,8,9,7,6,Engineering
4523,3,1,2,3,7,1,7,4,8,5,6,2,3,7,8,6,7,5,8,9,9,5,4,7,6,8,4,7,8,4,7,8,Journalism / Media
4524,5,5,2,5,3,5,9,5,9,7,9,6,5,10,9,7,7,7,8,8,3,1,4,9,7,10,8,8,8,7,9,6,Civil Services
4525,5,1,2,1,6,7,8,7,3,1,7,9,1,3,4,3,2,1,4,4,4,1,7,4,2,3,4,6,9,2,6,6,CA / Accounting
4526,9,9,4,3,9,3,6,5,5,5,10,9,5,6,8,8,6,3,7,7,10,5,4,3,4,4,4,10,10,8,6,8,Engineering
4527,8,5,4,5,8,8,8,8,1,4,5,7,1,8,7,8,4,4,7,4,6,3,10,5,5,3,6,8,7,8,7,5,Finance / Banking
4528,4,5,7,8,6,3,5,4,4,10,8,7,10,10,7,7,5,8,7,6,4,9,2,7,3,3,6,10,8,7,8,9,MBBS / Doctor
4529,3,4,3,6,5,4,5,6,3,6,7,5,3,6,6,7,5,7,6,3,6,2,7,3,5,5,6,4,5,8,6,9,Business / Management
4530,2,1,1,6,3,2,2,4,7,9,5,3,7,6,9,5,3,8,5,9,2,8,4,8,3,4,4,8,7,6,8,7,Psychology
4531,5,4,1,1,3,8,6,4,1,1,5,7,4,7,4,4,1,1,2,1,6,4,10,2,3,5,4,9,5,4,5,4,CA / Accounting
4532,4,5,8,10,5,4,6,2,3,6,9,6,10,6,9,3,8,10,7,3,6,10,4,8,5,7,4,8,7,6,7,10,MBBS / Doctor
4533,4,4,9,6,3,1,3,3,2,2,7,5,7,8,7,1,7,6,4,4,3,9,1,3,1,1,6,6,9,1,6,6,Dentist
4534,5,1,1,3,5,7,9,5,4,1,7,5,1,7,5,4,4,3,3,4,5,1,10,2,2,5,4,5,4,4,4,5,CA / Accounting
4535,7,4,2,3,3,4,4,5,7,5,9,5,5,7,5,7,9,5,7,8,4,2,5,10,8,10,5,7,9,8,7,8,Law
4536,8,4,2,3,4,6,6,6,5,5,7,8,6,6,5,7,4,3,6,6,6,2,10,2,5,6,2,4,4,5,5,8,Finance / Banking
4537,9,9,7,4,5,2,7,7,6,4,6,7,7,10,6,6,7,5,7,4,7,5,1,7,1,3,6,7,5,7,7,5,Engineering
4538,3,1,6,4,8,4,6,6,8,7,8,2,6,7,8,7,4,6,5,9,6,1,4,7,9,9,2,8,8,4,6,8,Law
4539,2,1,3,4,5,2,4,6,10,6,9,3,1,9,7,7,8,7,5,9,6,5,4,7,5,10,6,8,9,6,6,8,Law
4540,1,4,7,10,5,4,3,3,4,5,8,3,10,10,8,8,4,7,7,4,6,9,2,5,5,3,6,10,8,5,9,8,MBBS / Doctor
4541,3,1,2,3,2,3,5,7,7,6,8,6,5,7,10,9,6,8,7,9,6,2,4,10,6,6,4,9,9,7,7,8,Law
4542,8,7,5,2,8,2,3,4,5,5,7,7,8,5,7,3,5,4,9,7,10,4,1,5,3,3,5,6,8,4,7,5,Engineering
4543,2,1,10,7,2,1,1,5,2,4,7,3,8,8,4,3,2,4,9,1,4,4,3,2,4,3,3,6,6,2,6,8,Pharmacy
4544,6,7,6,5,6,4,3,5,10,6,4,6,10,6,10,6,8,8,7,7,8,6,4,6,5,5,10,9,7,4,8,10,Teaching / Professor
4545,5,1,3,4,3,4,5,3,5,10,6,4,8,8,9,3,8,9,6,6,6,9,4,6,4,4,6,9,6,1,7,10,Psychology
4546,6,3,3,1,4,9,8,6,2,4,8,9,2,8,4,4,3,3,3,3,7,1,10,4,3,6,3,9,8,4,6,4,CA / Accounting
4547,4,3,6,7,6,3,3,2,6,7,6,7,9,9,6,5,4,10,6,6,6,9,3,5,6,2,6,6,6,3,10,8,MBBS / Doctor
4548,5,4,8,10,5,1,4,5,3,4,6,5,7,8,8,6,9,9,6,4,4,10,5,5,3,5,6,9,6,6,8,9,Dentist
4549,4,5,9,9,5,3,4,3,1,6,6,6,10,9,8,8,6,8,4,7,5,8,2,4,4,5,7,9,8,4,10,10,Dentist
4550,9,8,3,6,7,5,3,5,3,1,9,5,6,10,5,4,8,4,5,6,7,2,5,2,6,3,6,8,6,5,7,7,Engineering
4551,5,6,10,8,2,2,2,6,4,3,10,4,7,6,3,3,7,7,8,5,4,8,4,6,4,1,6,7,5,1,4,6,Pharmacy
4552,3,3,4,4,8,1,4,5,4,7,3,4,4,7,10,5,8,7,7,7,7,2,1,7,4,6,5,5,8,8,10,10,Journalism / Media
4553,5,3,3,3,6,3,6,8,10,5,7,3,4,7,10,6,10,9,7,10,4,1,4,9,4,7,6,7,6,10,8,9,Journalism / Media
4554,2,1,2,2,7,2,3,6,10,7,6,1,4,6,10,9,10,7,6,10,2,2,4,6,3,8,2,6,5,5,5,8,Journalism / Media
4555,1,2,5,4,6,1,5,4,6,6,7,4,1,6,10,5,6,7,4,9,9,2,4,8,6,7,5,7,6,9,8,9,Journalism / Media
4556,5,5,4,6,5,1,9,2,8,8,8,5,4,8,10,8,7,10,9,8,7,4,1,10,6,2,10,10,8,6,9,7,Teaching / Professor
4557,3,3,6,9,2,1,5,2,1,7,6,3,7,10,7,5,6,5,8,4,4,8,5,2,2,2,6,9,4,3,5,6,Pharmacy
4558,9,3,2,3,5,10,8,6,7,2,7,10,3,6,5,5,4,3,3,4,5,3,9,1,5,6,4,6,7,3,6,6,CA / Accounting
4559,3,5,6,9,5,1,4,4,3,4,9,2,8,8,6,5,5,5,5,3,4,10,5,2,1,1,5,9,6,4,8,9,Dentist
4560,4,3,4,1,6,7,7,6,5,5,6,6,1,8,2,5,5,4,2,4,4,1,8,3,4,3,3,9,7,2,6,3,CA / Accounting
4561,5,3,1,7,4,3,1,4,4,9,5,1,6,7,7,7,7,8,9,7,3,6,4,7,5,2,9,7,7,3,5,9,Psychology
4562,4,6,3,10,5,4,2,5,3,5,7,4,7,5,6,5,6,10,4,7,7,9,3,2,1,2,6,7,5,6,7,6,Dentist
4563,5,4,4,4,5,3,5,6,8,5,6,4,5,8,8,9,7,7,6,8,3,3,4,7,7,10,4,8,7,8,5,10,Law
4564,3,2,2,3,4,4,6,3,7,7,7,7,5,6,7,8,9,7,6,9,5,3,5,7,6,9,7,9,7,8,4,7,Law
4565,4,6,5,2,6,3,7,3,7,7,8,4,8,9,10,7,10,5,7,10,7,2,5,8,4,8,4,3,6,5,10,8,Journalism / Media
4566,4,4,3,4,8,5,8,8,3,5,6,6,4,6,7,6,7,6,7,8,5,3,7,4,3,4,7,5,8,4,9,10,Business / Management
4567,7,1,9,7,4,1,2,1,4,4,9,6,9,10,4,5,2,6,8,4,4,8,2,3,2,2,4,9,8,3,7,5,Pharmacy
4568,9,4,6,6,3,1,2,3,7,5,6,4,5,6,7,5,5,8,6,9,5,6,3,6,3,3,10,9,4,4,8,10,Teaching / Professor
4569,8,4,2,4,6,6,7,4,7,5,8,7,3,6,10,8,6,7,6,8,5,4,3,7,10,7,6,10,8,4,9,10,Civil Services
4570,4,6,4,4,2,5,6,7,5,4,9,2,5,8,8,5,5,4,5,9,3,3,2,4,7,8,4,6,7,7,5,5,Law
4571,6,1,1,1,6,8,7,8,3,4,9,10,5,6,6,5,4,4,5,2,6,1,7,2,4,5,5,9,6,8,6,3,CA / Accounting
4572,3,4,1,1,5,1,3,8,6,5,9,6,4,7,7,7,7,4,7,8,4,3,6,8,6,9,3,6,7,3,6,6,Law
4573,2,3,2,2,6,4,5,7,9,5,7,6,4,8,8,9,8,6,10,9,6,4,3,8,6,6,6,5,10,7,6,10,Law
4574,7,5,5,4,7,9,7,10,6,4,4,10,2,9,6,8,4,5,3,5,8,4,9,5,4,6,5,9,6,7,8,10,Finance / Banking
4575,5,5,2,9,4,5,1,5,7,10,5,5,3,4,8,6,10,10,8,5,4,5,4,10,5,3,7,9,6,3,6,10,Psychology
4576,8,4,5,3,8,6,6,6,3,4,8,10,3,8,6,7,6,4,6,5,8,2,10,3,2,3,5,7,6,8,5,7,Finance / Banking
4577,10,8,8,6,9,3,4,4,3,4,7,8,10,10,5,7,8,5,6,5,10,4,3,3,4,5,4,5,9,8,4,8,Engineering
4578,9,10,8,6,9,2,3,6,6,4,8,8,7,10,7,6,10,3,8,4,9,4,6,5,4,4,4,8,8,8,8,6,Engineering
4579,2,5,5,2,6,1,2,4,6,8,7,3,5,8,10,7,10,10,7,10,8,4,5,7,4,7,5,7,5,6,10,10,Journalism / Media
4580,5,2,5,3,5,2,5,4,9,6,7,2,3,6,8,2,9,8,7,7,5,2,5,10,5,5,5,7,5,8,8,8,Journalism / Media
4581,1,1,2,4,8,1,3,2,6,5,4,3,6,7,7,4,8,9,6,8,3,4,4,9,4,6,5,5,5,8,7,10,Journalism / Media
4582,5,4,3,3,4,6,5,4,10,8,8,1,2,8,9,10,5,4,5,7,3,4,3,8,9,9,6,8,8,5,9,9,Civil Services
4583,6,2,7,2,5,6,9,9,3,4,6,7,5,9,9,10,8,5,5,7,8,2,8,4,4,7,4,8,6,6,7,9,Business / Management
4584,4,5,4,3,5,4,6,6,7,5,6,8,4,8,9,7,5,7,5,8,5,5,4,9,8,6,6,9,7,3,8,9,Civil Services
4585,4,1,2,6,6,2,3,4,4,6,6,5,7,6,5,5,7,10,9,8,3,6,1,9,6,1,7,8,8,3,7,9,Psychology
4586,2,6,3,5,8,4,6,10,5,5,6,6,7,9,9,10,10,7,9,7,9,3,9,5,5,9,7,7,7,9,7,10,Business / Management
4587,7,4,9,8,2,3,1,5,2,6,7,3,8,9,6,5,7,6,8,5,9,9,4,4,2,5,7,8,9,2,7,9,Dentist
4588,7,5,4,4,8,8,9,7,7,4,8,9,5,9,3,9,8,7,6,7,8,3,10,5,6,1,4,5,9,6,7,8,Finance / Banking
4589,6,9,6,1,6,3,4,6,4,5,6,8,5,10,6,4,8,8,6,5,8,3,1,4,4,6,2,6,8,6,7,4,Engineering
4590,6,6,10,8,5,1,4,4,3,3,5,5,7,8,6,6,5,8,10,4,5,8,2,1,3,4,5,7,9,4,10,7,Pharmacy
4591,5,6,10,10,7,2,3,4,3,4,5,8,8,7,6,4,5,6,8,4,4,7,5,4,4,3,4,10,8,6,6,6,Pharmacy
4592,9,10,7,2,7,2,6,5,3,4,7,8,10,7,5,5,8,5,6,5,8,4,8,6,4,3,3,8,8,6,9,6,Engineering
4593,2,4,2,5,3,4,3,2,6,10,6,3,6,3,7,3,4,6,6,4,1,5,2,7,4,3,7,6,5,3,7,7,Psychology
4594,7,5,2,1,7,8,10,8,2,5,8,10,2,7,8,7,2,5,4,5,5,3,10,3,5,4,5,5,5,6,7,9,Finance / Banking
4595,6,2,2,6,5,3,7,4,8,4,8,4,6,7,8,6,4,6,8,8,5,4,4,5,9,8,5,10,7,2,8,8,Civil Services
4596,8,3,5,8,7,6,5,4,3,6,8,7,8,9,8,7,5,9,7,5,7,10,3,5,6,4,9,10,9,8,10,8,MBBS / Doctor
4597,4,6,7,8,5,3,1,4,2,7,4,4,8,10,7,6,6,8,5,4,5,10,1,7,3,1,4,7,10,5,7,8,Dentist
4598,6,6,5,3,5,1,5,5,8,6,8,4,5,8,8,10,6,8,5,9,6,2,7,9,7,10,7,8,6,9,7,5,Law
4599,3,1,2,4,4,1,6,7,1,5,6,8,4,8,7,7,7,7,5,4,4,1,8,2,4,5,4,5,8,7,6,6,Business / Management
4600,6,4,9,9,2,2,3,4,1,3,6,6,6,9,7,6,8,8,5,5,6,8,3,1,1,5,6,10,10,4,10,7,Dentist
4601,2,2,1,1,7,1,5,3,7,5,5,2,3,5,8,5,8,8,6,7,4,4,1,6,6,7,6,7,5,7,8,7,Journalism / Media
4602,2,4,2,2,3,1,6,7,8,3,7,2,2,9,7,9,6,5,3,8,3,1,2,8,9,7,6,6,7,4,8,9,Civil Services
4603,6,8,4,6,7,2,5,4,4,6,8,8,8,6,7,6,9,6,6,7,8,4,4,5,3,6,8,8,9,4,5,6,Engineering
4604,3,2,3,4,7,6,5,6,10,6,7,6,3,6,7,8,7,6,10,7,4,2,3,7,4,10,6,8,9,6,5,8,Law
4605,4,4,5,7,2,2,5,3,4,5,6,4,8,7,5,2,6,6,5,4,3,8,4,6,5,3,3,8,6,6,6,8,Dentist
4606,4,4,9,10,7,1,1,4,4,6,9,7,9,6,6,7,6,6,8,3,2,8,5,7,2,1,8,9,10,6,10,7,MBBS / Doctor
4607,2,2,1,8,3,2,6,2,2,6,9,2,4,6,8,7,6,9,6,6,3,5,5,9,2,3,5,9,4,4,8,6,Psychology
4608,2,1,1,2,4,1,4,4,9,3,6,4,1,8,6,8,5,5,7,8,2,2,4,7,5,8,5,6,9,8,7,9,Law
4609,3,6,7,9,5,3,5,4,2,8,7,5,9,8,6,6,7,10,6,7,6,10,3,3,2,4,7,8,8,6,7,8,Dentist
4610,8,3,3,2,7,8,8,7,4,5,9,7,4,7,5,6,5,4,2,4,5,2,9,7,4,2,4,8,7,4,7,6,CA / Accounting
4611,5,7,5,7,5,2,3,4,5,5,9,7,5,3,7,10,7,7,9,7,4,4,3,4,4,4,10,9,8,2,8,7,Teaching / Professor
4612,8,5,3,4,9,10,10,6,6,5,9,10,6,9,9,8,7,7,3,6,8,3,9,5,6,6,6,7,10,9,10,7,Finance / Banking
4613,2,2,1,3,7,7,4,9,3,9,9,8,5,8,7,7,6,6,6,6,5,1,7,6,5,7,5,6,9,6,7,10,Business / Management
4614,2,3,4,2,5,2,4,5,10,9,7,2,4,6,9,6,10,6,8,8,7,3,4,7,5,8,4,8,5,9,6,10,Journalism / Media
4615,6,5,3,5,6,2,5,4,4,5,9,5,4,6,10,6,5,7,8,7,6,4,3,5,3,7,10,9,7,4,7,9,Teaching / Professor
4616,3,4,4,1,6,6,7,6,7,6,6,2,3,6,9,6,8,9,6,10,8,1,2,7,4,10,2,6,8,4,9,9,Journalism / Media
4617,6,3,8,8,3,1,5,5,6,6,10,7,8,7,7,5,6,6,5,6,2,7,3,4,2,1,4,8,6,4,5,7,Dentist
4618,3,1,5,5,5,1,5,3,6,8,4,6,5,6,10,4,4,9,7,8,5,6,3,8,2,4,9,9,5,4,8,7,Psychology
4619,4,5,8,7,4,1,1,4,4,5,9,6,9,8,3,2,6,8,5,1,6,8,3,3,2,2,4,5,4,3,9,4,Pharmacy
4620,5,7,10,8,4,2,6,4,5,5,10,5,9,8,7,7,6,10,5,5,5,10,1,5,4,4,6,8,9,7,10,10,MBBS / Doctor
4621,8,7,6,6,9,1,5,8,6,1,8,9,7,8,6,7,6,7,7,4,10,1,3,4,7,3,2,6,8,8,10,8,Engineering
4622,5,1,8,7,4,2,1,4,3,5,5,5,7,8,7,7,8,2,7,5,4,10,4,4,3,4,6,8,4,2,3,7,Pharmacy
4623,8,2,8,8,6,4,5,5,4,4,5,5,8,5,7,4,6,6,6,2,4,7,5,4,2,4,7,7,7,3,7,6,Pharmacy
4624,4,3,8,5,2,1,3,3,2,4,9,5,8,8,4,4,4,3,7,3,4,10,3,4,1,4,5,10,8,1,5,4,Pharmacy
4625,8,10,3,4,10,1,4,4,4,2,9,9,8,7,6,5,7,8,7,3,9,1,2,3,3,5,6,8,5,6,7,5,Engineering
4626,8,5,6,10,6,2,4,6,3,8,8,3,8,7,5,5,9,8,5,3,4,10,5,6,3,2,6,10,10,5,8,10,Dentist
4627,7,3,4,4,2,1,4,2,6,3,5,4,3,6,8,5,4,9,5,7,5,3,1,6,3,5,10,8,5,5,8,6,Teaching / Professor
4628,4,3,4,6,5,5,3,6,8,6,9,7,3,9,8,8,7,5,2,9,4,5,4,5,9,9,4,9,7,6,5,10,Civil Services
4629,9,7,7,5,6,3,5,5,5,7,9,8,9,10,7,6,8,5,7,8,8,5,4,2,4,3,6,7,6,9,9,8,Engineering
4630,5,5,6,6,8,3,5,2,10,5,9,5,5,9,9,6,10,8,7,10,6,4,5,10,8,7,7,9,7,6,8,9,Journalism / Media
4631,4,5,6,5,4,2,6,4,6,6,8,5,6,7,6,7,7,8,6,7,5,1,3,6,5,5,9,8,4,2,8,6,Teaching / Professor
4632,3,5,2,1,5,5,4,7,7,4,9,7,6,6,7,6,6,6,9,10,9,4,5,6,3,10,5,10,7,8,9,4,Law
4633,6,7,6,5,4,4,5,5,6,7,5,4,4,8,7,5,7,6,8,7,7,5,5,4,4,6,10,6,7,4,8,6,Teaching / Professor
4634,5,8,3,5,4,2,4,3,6,4,8,7,6,7,8,8,5,8,7,7,5,4,1,5,4,5,6,10,9,2,7,9,Teaching / Professor
4635,5,3,4,1,6,6,8,9,4,5,9,5,6,10,6,9,7,4,6,8,8,2,8,3,4,4,7,6,8,8,9,9,Business / Management
4636,4,4,5,7,3,4,6,3,6,8,6,6,5,9,7,5,5,10,9,10,5,6,3,8,6,5,8,10,9,4,8,10,Psychology
4637,4,6,2,4,5,5,8,10,6,6,5,8,3,8,8,9,7,6,7,5,7,1,8,4,4,3,7,6,8,9,7,8,Business / Management
4638,5,4,4,4,3,2,7,7,8,6,10,5,5,8,10,8,5,9,9,8,4,4,4,8,8,8,4,8,7,8,9,7,Law
4639,7,8,4,2,10,5,3,5,3,5,8,9,7,10,6,6,6,8,7,6,6,2,5,4,1,5,4,9,6,6,8,4,Engineering
4640,8,5,2,2,7,8,7,8,4,3,8,8,3,7,6,4,5,6,8,3,9,6,9,5,6,4,6,6,9,9,9,6,Finance / Banking
4641,5,4,4,4,6,5,4,1,7,5,8,4,1,8,8,7,9,7,5,8,5,3,5,7,9,8,6,10,10,2,9,7,Civil Services
4642,6,9,8,8,2,3,5,6,3,3,9,4,9,9,7,7,8,5,7,4,4,10,3,5,2,3,6,8,9,5,8,10,Dentist
4643,2,1,2,3,9,2,7,3,8,5,7,3,3,5,9,6,8,5,7,8,6,6,1,10,5,6,3,5,5,6,7,8,Journalism / Media
4644,2,2,2,8,1,1,4,3,6,10,6,3,3,4,4,5,9,7,7,6,1,7,2,9,3,6,3,7,2,1,7,5,Psychology
4645,4,2,5,4,9,6,6,8,5,6,7,4,3,8,9,7,8,6,4,6,6,3,9,7,2,5,2,6,8,10,6,7,Business / Management
4646,8,3,3,2,6,6,8,7,2,4,5,10,1,5,5,6,4,5,4,4,7,4,8,7,7,2,5,5,7,4,7,10,Finance / Banking
4647,6,3,3,2,4,3,4,5,10,6,9,2,7,7,8,7,7,6,5,7,4,1,7,10,9,10,6,8,7,5,6,5,Law
4648,3,2,1,2,6,4,6,4,10,5,8,3,1,6,7,6,8,7,7,8,4,4,2,5,4,10,5,6,7,7,10,10,Law
4649,5,5,9,10,5,3,4,5,2,4,4,6,10,8,8,6,8,8,10,6,5,10,5,5,7,4,6,8,7,4,6,7,Pharmacy
4650,6,1,3,3,7,3,8,5,8,4,7,3,4,8,8,7,8,8,6,6,5,6,4,10,10,7,6,8,10,5,8,4,Civil Services
4651,2,5,4,4,8,4,6,3,8,7,9,6,1,10,9,10,7,8,8,10,6,3,5,10,7,9,7,10,10,9,8,10,Law
4652,4,1,2,5,4,2,3,5,5,8,7,2,7,7,9,3,6,6,5,3,5,8,1,8,3,5,9,5,4,1,8,8,Psychology
4653,8,6,7,5,9,4,5,5,4,7,10,9,8,9,5,8,8,5,8,5,8,4,5,6,6,4,5,7,8,8,8,6,Engineering
4654,9,9,7,2,8,3,5,4,3,1,10,8,5,9,6,6,6,6,6,4,10,3,4,6,3,4,6,5,8,6,9,7,Engineering
4655,4,3,2,6,3,2,5,3,6,9,7,4,7,9,10,6,6,9,9,6,5,7,2,8,3,6,7,7,9,1,5,7,Psychology
4656,2,3,4,3,7,4,7,4,10,5,10,4,4,8,10,4,10,6,8,10,6,2,6,10,5,7,7,5,7,6,10,10,Journalism / Media
4657,5,3,9,9,1,4,3,5,5,3,7,6,9,10,4,5,5,8,8,4,8,9,2,4,4,2,6,10,8,3,6,7,Pharmacy
4658,7,1,4,4,7,9,8,8,3,6,9,10,4,5,3,5,3,4,3,2,3,1,9,3,6,5,2,8,8,1,8,7,CA / Accounting
4659,4,6,4,7,4,1,3,4,2,5,8,4,6,6,8,4,7,6,6,5,4,7,3,4,5,2,4,8,9,4,6,9,Dentist
4660,3,2,4,3,6,1,5,1,7,3,8,5,3,6,9,8,5,9,8,7,1,1,1,10,10,7,6,9,8,5,10,7,Civil Services
4661,4,3,6,6,5,2,6,2,6,3,5,4,6,6,8,5,6,7,7,8,7,5,5,5,5,5,10,9,7,3,7,10,Teaching / Professor
4662,5,2,4,7,5,1,4,3,5,6,5,6,7,8,6,8,6,7,6,10,3,8,1,3,3,3,7,6,7,3,6,9,MBBS / Doctor
4663,1,3,4,6,5,2,3,4,6,10,8,5,10,7,8,3,6,9,8,5,2,5,2,8,6,2,9,6,7,3,6,8,Psychology
4664,3,3,10,7,5,2,3,2,3,5,5,3,10,8,6,6,7,4,8,2,4,8,1,6,2,2,5,7,6,2,7,4,Pharmacy
4665,3,3,5,4,5,5,7,5,8,5,9,8,6,9,7,8,7,6,8,10,6,3,4,9,8,10,6,10,9,6,7,7,Law
4666,3,1,3,3,2,3,4,3,6,5,6,5,4,8,8,9,6,6,5,7,3,1,4,8,10,7,6,8,10,6,5,9,Civil Services
4667,4,3,3,5,5,3,2,5,9,6,3,3,5,6,10,7,10,6,5,8,3,3,3,8,6,5,6,3,9,8,9,7,Journalism / Media
4668,3,2,2,5,4,3,3,2,4,8,7,3,2,10,10,9,6,7,6,10,4,3,4,8,8,9,4,5,6,2,7,9,Civil Services
4669,6,5,3,3,5,6,6,9,6,2,7,8,5,8,9,6,4,4,4,6,10,3,8,5,2,4,2,8,7,8,9,6,Finance / Banking
4670,8,3,1,1,5,10,7,6,3,3,4,8,2,8,4,4,5,2,3,4,6,3,8,3,3,3,4,7,5,1,6,6,CA / Accounting
4671,4,4,2,2,6,3,4,6,7,8,9,7,4,6,8,6,10,7,5,10,7,2,3,7,4,7,3,5,4,8,10,10,Journalism / Media
4672,7,4,4,4,4,3,6,5,10,3,8,4,4,8,6,7,7,7,5,8,5,4,4,7,10,3,6,8,6,3,7,8,Civil Services
4673,7,7,5,3,8,3,3,1,3,5,7,9,7,10,7,7,5,5,8,5,9,1,6,3,1,3,1,5,10,6,5,6,Engineering
4674,10,10,5,4,9,6,7,3,4,4,8,10,6,7,5,7,9,6,9,3,10,4,6,3,5,5,7,5,8,6,9,8,Engineering
4675,7,5,6,9,5,1,1,4,3,4,8,5,6,7,10,7,7,7,6,6,3,8,3,4,2,4,6,6,10,6,9,9,Dentist
4676,5,3,8,9,4,2,2,3,4,7,7,3,7,7,5,4,4,6,4,1,6,6,4,3,2,3,4,10,7,3,7,10,Dentist
4677,1,5,1,4,6,4,3,8,5,6,6,2,6,5,8,5,8,8,4,9,7,2,4,8,5,8,5,5,7,6,8,10,Journalism / Media
4678,3,3,1,1,4,3,5,6,9,3,2,1,2,5,9,7,10,8,5,10,7,2,1,6,4,7,5,4,4,6,7,7,Journalism / Media
4679,7,5,4,3,7,7,8,7,4,4,8,8,4,8,5,6,5,3,7,3,9,1,6,3,4,4,5,5,8,4,5,6,Finance / Banking
4680,6,4,2,5,6,4,4,2,7,3,5,5,5,7,7,8,7,5,8,7,4,3,5,3,2,4,10,7,8,5,9,6,Teaching / Professor
4681,3,5,5,5,5,6,8,10,4,8,10,7,6,10,7,9,9,10,4,10,7,4,10,9,5,7,4,6,6,8,10,10,Business / Management
4682,3,2,4,3,2,3,8,3,7,6,5,4,3,9,8,7,6,7,5,10,4,5,4,8,10,9,4,8,7,3,8,7,Civil Services
4683,4,3,2,1,7,6,7,6,1,3,7,8,4,10,8,4,6,6,6,4,9,1,10,5,5,1,4,8,7,6,6,6,Finance / Banking
4684,5,6,7,6,5,5,6,3,2,2,7,6,7,6,8,7,6,5,10,4,4,7,1,6,7,2,5,7,7,2,7,8,Pharmacy
4685,3,6,9,8,4,1,2,4,2,3,7,3,8,5,4,6,3,2,10,2,3,9,2,3,3,3,5,9,8,3,8,7,Pharmacy
4686,5,3,4,1,5,2,4,8,10,6,5,4,6,8,7,7,7,5,5,6,8,2,4,7,7,7,5,8,8,6,6,8,Law
4687,3,3,1,1,7,1,5,6,8,4,7,6,2,7,7,10,4,7,7,8,4,4,2,7,7,6,5,9,9,2,8,8,Civil Services
4688,7,6,4,10,6,4,1,2,4,4,7,7,7,10,8,3,4,9,4,7,6,9,1,5,6,2,7,10,8,3,7,4,MBBS / Doctor
4689,6,5,7,8,7,2,3,3,4,6,9,7,8,7,8,5,7,10,7,4,5,9,1,4,5,4,8,9,7,2,8,7,MBBS / Doctor
4690,6,3,7,8,6,6,5,5,6,7,8,5,4,7,10,6,6,7,6,7,3,4,4,6,5,5,10,9,7,5,5,9,Teaching / Professor
4691,2,3,7,8,2,2,5,5,3,5,7,7,6,9,7,4,9,8,6,5,7,8,4,5,3,1,7,10,8,4,8,8,Dentist
4692,6,5,4,3,7,6,9,8,5,5,10,9,4,6,8,6,5,4,4,5,9,1,9,5,1,7,4,6,8,6,7,6,Finance / Banking
4693,6,1,5,5,6,3,8,8,3,8,6,4,5,8,10,8,8,7,5,8,8,3,7,6,4,6,7,5,10,7,8,9,Business / Management
4694,5,5,6,8,7,2,7,4,2,5,5,6,10,10,6,7,7,10,4,6,3,8,1,4,2,1,5,9,7,2,10,7,MBBS / Doctor
4695,3,2,4,5,6,2,6,6,7,7,4,4,4,4,8,5,9,4,9,8,6,2,6,6,7,8,6,8,9,9,9,7,Journalism / Media
4696,3,4,9,10,2,4,5,4,4,4,5,7,9,8,3,5,3,8,8,5,3,9,3,5,4,5,4,9,7,2,7,4,Pharmacy
4697,5,5,6,9,2,3,1,5,3,4,6,5,8,6,5,6,3,5,9,3,9,10,2,2,4,6,3,10,8,2,9,6,Pharmacy
4698,3,1,5,2,4,1,6,6,9,3,9,4,4,8,9,10,7,6,6,8,5,3,4,8,9,10,4,9,4,3,7,6,Civil Services
4699,4,4,9,6,4,4,3,4,1,6,9,2,9,9,6,5,7,8,8,2,5,8,1,5,2,5,3,10,5,1,8,4,Pharmacy
4700,7,7,5,5,7,4,5,4,7,6,7,9,6,8,8,9,8,7,5,7,7,1,2,2,1,6,8,9,8,3,8,7,Teaching / Professor
4701,1,4,4,1,7,6,6,7,3,1,6,6,3,9,8,9,7,7,6,6,8,4,8,7,3,4,4,7,7,7,10,10,Business / Management
4702,5,7,8,7,4,1,3,4,5,5,7,7,6,9,8,6,5,8,6,4,4,10,2,5,5,3,6,9,7,2,7,10,MBBS / Doctor
4703,5,6,5,10,3,1,6,2,3,3,6,5,9,6,7,7,6,8,8,5,7,9,3,6,2,4,5,7,7,5,6,8,MBBS / Doctor
4704,7,3,1,2,4,6,6,7,2,6,8,6,5,7,7,4,6,7,6,3,8,1,10,7,3,5,7,8,8,3,5,8,Finance / Banking
4705,4,6,7,6,4,3,1,4,2,7,5,6,10,8,7,9,4,7,7,6,5,7,4,3,8,2,5,9,9,3,10,8,MBBS / Doctor
4706,3,2,5,3,4,5,6,4,7,6,4,4,3,5,8,6,10,6,4,6,5,2,4,9,4,5,7,3,3,6,8,10,Journalism / Media
4707,8,7,7,5,8,1,3,7,2,4,8,7,5,7,5,5,9,5,5,5,9,3,5,2,5,4,4,6,5,4,6,6,Engineering
4708,7,6,5,2,6,8,9,9,7,7,9,7,6,9,10,10,8,7,7,7,6,2,6,5,3,7,5,8,6,8,9,10,Business / Management
4709,4,5,5,9,7,3,7,5,6,8,5,6,6,10,7,6,9,7,9,8,5,4,5,5,3,5,9,10,7,5,8,8,Teaching / Professor
4710,2,1,2,1,4,2,4,5,8,3,6,3,4,4,9,7,8,6,5,8,7,2,2,5,5,6,6,7,7,7,8,8,Journalism / Media
4711,5,5,4,5,7,6,9,8,6,5,5,6,3,9,8,9,9,8,5,9,7,1,5,5,5,5,7,9,6,10,6,10,Business / Management
4712,3,5,9,7,6,4,4,4,4,7,9,6,10,9,9,8,5,7,7,5,6,9,5,4,3,1,4,9,6,5,8,5,Pharmacy
4713,4,3,1,7,5,1,3,2,8,10,7,5,7,9,10,8,9,10,7,8,3,7,2,6,5,6,6,7,7,3,8,10,Psychology
4714,5,4,3,1,7,7,9,7,5,6,8,10,5,6,5,5,6,4,2,3,6,3,10,5,4,3,1,6,7,7,8,8,Finance / Banking
4715,8,7,5,2,8,3,4,5,5,5,6,8,5,8,4,7,8,6,8,4,8,6,3,2,5,4,7,7,7,8,5,5,Engineering
4716,8,6,2,2,7,9,8,9,6,5,9,9,4,6,5,8,8,3,6,3,10,2,10,3,4,5,6,8,9,7,9,10,Finance / Banking
4717,4,5,3,2,5,4,7,10,4,7,7,6,5,10,6,10,10,6,7,7,8,3,9,4,4,6,7,5,9,7,6,8,Business / Management
4718,5,2,1,3,7,2,7,4,8,6,7,5,2,6,8,9,5,7,7,5,5,2,3,10,9,9,5,7,6,5,8,10,Civil Services
4719,6,5,6,2,8,8,8,6,7,5,9,8,3,6,7,5,3,3,8,4,7,1,9,2,4,3,5,4,6,8,9,6,Finance / Banking
4720,7,3,1,1,4,10,6,6,3,3,10,9,4,6,4,7,4,4,7,4,6,1,9,4,5,5,2,10,7,6,5,5,CA / Accounting
4721,4,2,5,2,5,1,6,3,7,9,8,6,6,8,8,6,8,10,8,4,5,3,2,8,5,6,10,8,6,3,8,8,Psychology
4722,4,2,8,6,4,1,5,3,1,6,5,7,7,4,4,4,2,5,7,1,2,7,4,2,3,2,4,9,6,3,3,3,Pharmacy
4723,4,4,7,8,5,2,2,8,5,2,8,4,8,7,5,6,8,8,4,5,3,8,1,3,5,2,6,6,6,4,6,6,Dentist
4724,6,2,2,1,3,5,6,7,4,1,6,9,2,7,5,5,3,5,2,3,7,1,8,4,3,4,5,3,5,4,6,7,Finance / Banking
4725,2,2,2,5,4,2,5,3,9,4,9,5,4,7,7,8,7,7,5,7,5,4,3,10,10,8,4,9,7,4,10,9,Civil Services
4726,4,3,9,9,5,5,2,3,6,5,8,5,8,9,8,4,9,6,7,2,5,10,2,6,2,2,7,8,10,5,6,10,Dentist
4727,7,4,1,2,5,10,6,8,4,4,7,6,2,8,3,3,4,2,9,4,5,3,9,4,7,2,3,9,6,3,7,5,CA / Accounting
4728,4,8,5,6,6,5,5,5,6,5,3,7,8,5,7,5,6,6,8,8,6,3,2,4,4,6,7,8,5,2,9,10,Teaching / Professor
4729,3,3,3,1,5,2,5,6,8,5,10,7,4,8,7,8,6,4,5,8,6,3,4,7,7,8,5,9,7,5,7,5,Law
4730,7,4,3,4,7,5,4,9,5,7,5,5,5,6,4,9,9,5,5,7,7,3,9,3,5,3,4,7,5,7,10,10,Business / Management
4731,10,10,7,6,7,6,4,3,5,4,9,9,10,10,6,8,7,7,7,6,7,1,2,8,3,6,5,7,8,9,9,7,Engineering
4732,3,5,2,1,5,6,5,5,5,5,6,4,1,8,5,7,8,4,4,8,3,4,4,8,6,9,5,7,6,7,5,10,Law
4733,5,3,1,3,3,4,6,6,10,7,8,6,3,7,10,8,8,5,8,9,5,6,3,9,9,10,8,7,8,8,7,7,Law
4734,5,1,2,4,4,2,6,5,6,7,8,5,2,7,6,8,7,8,5,7,3,4,8,7,7,9,5,6,8,5,6,10,Law
4735,5,3,4,5,5,5,4,4,8,6,10,6,8,8,10,9,9,8,8,10,2,5,6,7,10,9,7,7,10,8,9,6,Civil Services
4736,2,3,5,2,2,4,5,2,7,8,7,5,1,8,8,5,5,6,5,7,2,3,3,7,10,8,7,8,6,4,9,6,Civil Services
4737,3,5,1,5,6,3,5,6,5,7,10,4,5,5,9,6,9,8,5,9,7,3,5,9,5,8,6,7,10,5,8,9,Journalism / Media
4738,7,2,2,4,3,7,8,7,4,4,10,10,1,5,3,6,5,6,3,3,6,1,9,5,6,7,3,9,7,8,8,6,CA / Accounting
4739,9,3,2,4,5,8,5,5,1,4,9,8,6,5,6,6,4,3,7,5,7,1,10,5,5,3,5,9,9,4,4,4,CA / Accounting
4740,4,5,4,3,5,4,3,10,3,6,6,7,5,9,7,6,8,3,3,5,5,3,7,4,4,4,8,6,6,9,10,7,Business / Management
4741,8,4,1,1,6,7,9,6,5,3,8,10,3,7,6,7,5,1,4,3,8,1,9,5,5,4,2,6,9,6,10,8,Finance / Banking
4742,9,2,3,1,2,10,8,8,1,6,7,8,4,8,8,7,7,3,6,1,6,1,10,4,6,5,3,8,8,4,8,5,CA / Accounting
4743,5,2,5,2,5,2,5,3,8,6,10,3,5,7,9,9,5,7,5,7,6,4,4,9,9,6,6,8,9,5,7,6,Civil Services
4744,9,7,7,2,7,3,4,5,3,7,10,7,7,9,4,3,8,5,5,4,4,2,2,5,5,4,5,4,7,7,8,8,Engineering
4745,7,6,4,4,5,7,7,10,7,5,6,10,6,8,10,9,9,6,5,7,6,4,7,6,4,3,6,7,10,8,9,10,Business / Management
4746,4,3,5,6,4,4,6,5,9,6,6,5,3,8,9,10,8,7,5,7,6,2,3,8,8,7,4,9,8,6,6,8,Civil Services
4747,3,3,9,6,4,3,3,3,4,5,8,5,10,6,4,3,5,4,9,5,7,9,1,3,3,3,4,9,6,4,7,6,Pharmacy
4748,6,5,2,2,8,3,3,6,6,6,8,4,4,8,8,7,8,5,5,8,6,2,1,10,6,9,7,6,6,5,10,9,Journalism / Media
4749,4,2,6,10,3,1,3,5,3,4,10,5,10,10,6,8,7,5,5,4,5,10,3,4,4,4,5,10,8,5,7,7,Dentist
4750,3,1,2,3,4,2,6,3,9,3,7,5,6,9,6,7,7,5,8,5,7,4,4,9,9,7,6,8,8,3,4,7,Civil Services
4751,9,3,1,2,5,8,10,8,3,3,8,8,2,8,3,7,2,5,6,3,5,4,9,3,4,9,4,9,9,7,9,3,CA / Accounting
4752,1,1,1,1,6,3,5,3,10,6,7,3,4,6,10,3,9,7,7,10,8,3,4,5,5,10,5,5,5,6,8,7,Journalism / Media
4753,2,2,8,9,4,6,1,2,1,6,6,7,7,8,8,5,9,7,3,4,4,10,2,5,5,1,8,6,9,6,5,6,Dentist
4754,4,4,2,6,1,1,3,4,4,10,4,4,5,6,9,5,3,9,8,4,4,6,1,7,2,4,8,10,6,1,4,9,Psychology
4755,3,3,1,2,4,2,4,6,7,7,9,7,4,8,8,8,6,7,7,6,7,3,3,6,7,8,4,7,8,5,6,10,Law
4756,6,3,4,7,7,1,5,10,8,5,8,6,6,9,10,6,9,7,8,10,5,5,2,6,4,4,8,7,4,3,7,9,Teaching / Professor
4757,5,5,5,10,5,2,4,6,1,6,8,5,10,8,9,8,10,10,5,6,7,9,4,3,2,1,5,9,10,6,7,10,Dentist
4758,3,2,1,1,5,3,1,5,7,4,6,4,1,7,5,7,8,5,6,7,6,1,1,5,4,9,4,10,7,5,6,9,Law
4759,5,7,8,10,6,2,4,5,4,3,7,6,7,10,9,5,7,6,5,6,8,8,5,4,3,3,4,9,9,3,6,8,Dentist
4760,5,6,5,6,5,1,6,3,3,5,6,7,5,7,9,6,8,9,6,8,8,2,1,7,3,8,9,7,6,5,6,7,Teaching / Professor
4761,7,4,2,1,5,6,7,6,3,3,9,9,2,9,5,4,6,3,5,2,6,1,8,3,3,5,2,2,8,5,6,5,Finance / Banking
4762,6,8,6,4,7,3,4,3,6,6,8,8,8,10,7,7,7,4,9,6,8,4,5,1,3,5,2,4,7,7,8,8,Engineering
4763,7,1,3,2,3,10,6,7,4,4,8,9,2,9,7,5,3,5,7,5,4,1,8,6,5,3,4,7,7,5,5,6,CA / Accounting
4764,2,3,4,3,7,4,6,8,8,6,9,4,2,9,7,7,8,9,9,9,5,4,4,8,9,10,5,8,9,6,6,7,Law
4765,4,8,6,6,7,3,6,3,5,5,7,8,7,9,5,6,6,3,7,4,10,4,3,5,3,2,4,7,8,7,8,4,Engineering
4766,5,5,3,5,4,4,8,6,8,3,9,4,4,8,9,7,4,4,6,7,4,2,5,9,7,9,7,5,9,6,7,6,Civil Services
4767,4,1,5,5,3,3,7,5,8,4,5,3,5,10,10,7,5,5,2,9,5,1,1,7,8,5,6,10,6,4,8,5,Civil Services
4768,7,10,4,5,8,2,6,6,6,5,9,9,8,10,7,8,5,5,5,6,10,3,5,6,1,4,6,3,6,8,9,7,Engineering
4769,3,4,10,7,4,2,4,4,7,5,7,6,6,6,6,7,4,5,7,4,7,7,5,1,4,3,4,9,6,1,6,5,Pharmacy
4770,5,4,5,10,5,1,2,3,4,6,5,5,6,8,7,9,7,8,6,5,7,8,4,6,2,2,5,6,9,4,8,9,Dentist
4771,8,9,6,6,5,2,7,6,5,6,6,9,9,8,10,6,4,6,6,7,10,3,6,6,3,4,6,7,7,7,6,3,Engineering
4772,3,6,7,7,3,1,3,3,5,7,4,2,9,7,7,7,6,6,3,5,4,9,2,3,7,3,5,8,8,3,10,5,MBBS / Doctor
4773,7,7,5,4,3,3,5,6,6,4,9,6,8,8,4,6,9,5,9,4,10,2,4,5,5,4,4,8,9,6,4,7,Engineering
4774,2,2,4,7,4,4,3,5,7,7,7,5,5,6,9,7,7,9,8,4,6,10,3,10,6,8,4,9,3,2,7,8,Psychology
4775,3,3,7,5,3,3,3,4,3,4,7,8,9,7,7,7,8,6,5,5,5,8,2,4,3,3,5,10,6,2,4,6,Dentist
4776,7,5,8,10,5,4,3,1,3,7,7,5,8,9,9,9,4,9,7,4,6,10,2,5,2,3,7,10,7,6,9,10,MBBS / Doctor
4777,5,4,8,10,5,3,2,4,3,8,8,8,8,10,8,6,7,7,7,5,6,9,2,4,4,4,8,6,9,4,8,6,MBBS / Doctor
4778,8,2,1,1,5,8,8,6,4,4,9,10,3,7,8,5,3,3,5,5,7,3,9,5,4,4,1,9,6,3,4,7,CA / Accounting
4779,4,3,3,7,4,3,6,4,4,10,4,3,5,3,9,6,5,9,10,6,6,6,4,7,4,3,9,7,6,4,4,9,Psychology
4780,8,10,4,1,10,4,6,4,5,3,7,8,4,8,6,6,7,4,4,5,9,2,4,4,4,1,6,5,7,6,7,8,Engineering
4781,6,3,2,7,5,2,5,5,3,10,7,4,7,10,7,8,5,7,8,4,4,6,5,6,5,5,6,7,7,6,7,9,Psychology
4782,6,5,7,10,5,5,4,2,2,6,8,4,10,7,8,7,4,9,9,5,6,10,3,5,5,1,7,8,9,6,9,7,MBBS / Doctor
4783,4,3,9,6,6,2,4,4,3,2,10,6,8,8,5,3,4,8,7,5,6,8,3,3,3,4,6,6,6,2,9,6,Pharmacy
4784,6,6,6,1,5,4,8,4,9,5,9,5,4,8,7,9,4,7,6,10,8,1,4,8,6,10,6,7,6,3,9,8,Law
4785,6,3,2,1,8,2,5,5,9,5,10,4,2,6,9,5,10,8,5,10,8,3,3,10,8,7,5,7,9,7,9,10,Journalism / Media
4786,7,1,1,1,4,9,9,7,3,6,6,10,2,7,6,6,3,5,3,3,5,2,8,2,1,4,6,10,7,6,6,6,CA / Accounting
4787,5,7,6,10,7,4,6,3,4,6,6,6,10,9,8,8,7,7,3,5,6,10,3,5,4,2,7,10,7,5,9,8,MBBS / Doctor
4788,4,5,3,4,3,4,6,4,9,4,4,5,5,5,6,7,9,6,6,9,5,5,4,10,6,5,3,1,4,6,5,9,Journalism / Media
4789,2,4,6,7,1,2,2,3,1,5,5,7,6,8,6,3,8,4,3,3,4,5,2,2,2,2,3,6,5,4,5,7,Dentist
4790,1,3,3,3,5,1,4,1,4,5,5,3,4,6,7,6,9,5,4,7,6,3,4,8,5,5,5,6,3,6,8,8,Journalism / Media
4791,2,2,9,4,3,2,1,3,2,7,7,5,7,6,7,4,8,8,5,7,5,10,4,5,2,2,10,8,7,3,6,8,MBBS / Doctor
4792,2,3,4,4,7,5,6,4,6,5,8,2,3,4,10,7,10,6,7,9,8,2,6,7,7,8,2,6,7,7,8,9,Journalism / Media
4793,4,1,3,3,5,4,6,5,10,7,7,6,3,9,9,7,7,4,5,7,4,5,5,8,6,10,4,9,8,7,7,7,Law
4794,4,5,4,4,6,1,9,7,9,7,7,7,5,7,8,8,5,10,9,7,4,2,4,6,9,10,6,7,6,8,10,9,Civil Services
4795,4,2,4,2,4,1,4,5,10,7,6,4,8,6,8,10,5,7,5,10,4,3,5,7,7,5,6,9,8,5,6,7,Civil Services
4796,1,1,2,3,6,5,5,4,8,3,7,5,3,7,9,6,7,7,4,9,7,1,1,6,4,6,2,6,7,6,8,8,Journalism / Media
4797,6,9,8,2,8,3,5,5,2,3,8,8,6,10,6,6,8,5,8,4,7,3,4,3,2,4,4,5,9,6,9,6,Engineering
4798,2,2,5,2,7,4,5,3,8,5,4,4,2,8,9,6,7,8,6,6,8,1,3,9,5,7,6,4,6,7,5,10,Journalism / Media
4799,4,5,7,7,4,1,5,5,4,6,7,4,6,8,8,4,4,6,9,4,5,10,2,3,3,4,5,7,6,4,6,8,Dentist
4800,7,6,10,8,3,2,3,7,1,8,8,6,10,10,7,5,6,7,8,5,5,9,2,4,4,1,2,8,4,4,6,7,Pharmacy
4801,3,3,10,10,2,2,2,5,5,3,3,4,8,8,3,3,6,5,7,3,4,6,2,3,5,1,5,7,7,3,5,10,Pharmacy
4802,3,2,5,3,5,2,5,4,8,5,7,7,5,9,8,8,6,7,2,10,7,3,4,8,10,5,7,9,8,3,9,5,Civil Services
4803,6,6,4,6,7,7,7,7,9,7,9,3,3,10,10,7,10,9,6,8,7,2,4,8,7,9,3,7,4,9,10,10,Journalism / Media
4804,4,1,1,2,4,7,6,6,4,3,10,5,3,10,5,5,3,1,5,2,7,2,10,2,4,4,4,4,8,7,4,7,CA / Accounting
4805,1,3,1,4,3,1,4,4,4,8,4,3,4,6,9,4,4,7,6,3,6,4,2,8,5,4,9,5,5,3,6,7,Psychology
4806,6,4,7,7,1,5,4,5,6,7,7,2,6,9,5,4,8,7,6,6,6,8,5,4,3,4,3,10,7,5,7,8,Dentist
4807,5,4,3,1,4,4,7,4,9,5,6,5,3,5,9,6,7,9,7,8,5,3,2,9,2,7,9,6,4,9,9,9,Journalism / Media
4808,7,4,2,4,5,2,5,3,5,5,5,5,4,6,8,5,6,8,6,10,3,5,3,6,5,4,9,8,7,4,7,7,Teaching / Professor
4809,3,3,4,2,8,1,4,6,8,3,7,5,4,5,10,3,9,7,5,9,6,4,1,9,5,10,2,5,6,5,8,10,Journalism / Media
4810,6,2,2,4,6,6,10,6,6,4,8,8,3,9,6,7,5,4,6,4,6,1,10,1,4,2,4,8,5,7,8,5,Finance / Banking
4811,1,2,3,3,6,5,5,7,4,4,8,6,6,7,9,10,7,6,2,8,8,1,7,5,4,5,5,5,8,9,7,8,Business / Management
4812,8,2,5,6,5,10,9,7,3,3,6,10,3,10,7,6,7,4,4,5,6,3,10,4,5,6,5,8,6,4,6,7,CA / Accounting
4813,8,4,3,4,3,10,9,9,4,5,9,9,2,6,6,5,3,6,7,3,8,2,9,4,3,4,6,9,8,4,6,6,CA / Accounting
4814,4,4,5,3,4,3,5,6,8,5,7,6,2,7,9,7,6,7,8,8,3,5,2,7,8,4,3,8,9,4,9,8,Civil Services
4815,4,7,9,8,6,2,2,5,1,5,5,6,9,7,4,7,5,6,5,6,5,8,6,3,4,4,5,8,8,5,7,7,Pharmacy
4816,1,1,3,3,7,2,4,3,4,6,4,4,4,7,8,5,8,9,6,9,5,4,1,6,4,7,5,4,4,4,7,7,Journalism / Media
4817,1,4,5,2,3,1,7,7,10,6,8,5,5,10,10,9,7,7,6,10,3,4,4,8,9,6,6,9,10,6,9,9,Civil Services
4818,9,3,5,4,10,8,8,10,1,5,8,10,8,7,8,8,7,5,6,3,10,1,8,4,3,5,4,6,6,9,8,5,Finance / Banking
4819,3,4,3,4,6,3,3,5,7,5,8,6,6,10,8,7,3,7,8,8,6,5,4,5,10,5,4,10,7,1,7,8,Civil Services
4820,7,2,4,4,6,1,7,6,7,8,6,8,4,8,7,7,9,7,7,10,4,1,4,8,6,9,6,8,6,5,9,10,Law
4821,4,4,3,2,7,3,6,6,9,5,8,3,6,8,8,8,7,5,4,7,6,2,3,8,8,9,3,6,6,5,8,9,Law
4822,3,3,4,6,3,5,5,4,3,8,4,3,7,5,8,4,7,8,7,4,3,4,1,7,3,2,6,4,5,3,6,7,Psychology
4823,4,4,8,10,2,2,4,3,2,6,6,4,8,6,8,3,6,7,8,2,7,8,4,2,3,1,2,6,4,4,6,8,Pharmacy
4824,6,4,8,9,7,1,5,5,4,7,8,4,8,9,5,7,6,9,5,4,3,7,4,4,3,5,6,10,6,4,7,9,MBBS / Doctor
4825,6,3,2,1,5,8,6,8,1,4,7,9,1,7,4,6,1,3,2,3,5,3,7,1,6,4,1,7,6,3,6,3,CA / Accounting
4826,5,2,3,4,5,3,6,4,7,5,9,2,1,6,8,6,5,4,5,8,3,3,4,9,9,9,6,9,7,5,8,6,Law
4827,6,9,8,10,9,4,6,5,5,5,6,5,10,10,10,7,7,9,7,6,4,10,3,7,7,4,10,10,10,5,7,8,MBBS / Doctor
4828,5,4,1,1,4,10,6,6,3,1,10,8,4,9,4,3,6,2,3,2,1,1,9,5,3,3,4,9,5,1,9,7,CA / Accounting
4829,6,3,4,2,4,10,6,4,7,3,9,8,3,7,4,5,5,4,4,1,7,1,8,3,4,5,4,10,7,2,5,6,CA / Accounting
4830,4,7,8,10,4,4,4,4,5,4,8,8,7,8,9,7,8,9,7,7,4,10,4,4,4,4,5,9,8,5,6,9,Dentist
4831,6,3,3,3,5,2,5,3,9,5,7,7,2,8,8,10,5,6,7,10,6,3,7,6,10,6,7,5,10,3,8,9,Civil Services
4832,1,1,3,5,6,4,4,5,6,6,9,5,4,8,8,7,4,6,4,8,1,2,5,5,6,8,5,7,6,7,8,5,Law
4833,3,1,2,9,3,1,3,5,7,7,5,3,7,6,7,5,8,7,5,6,2,10,1,8,5,4,6,9,7,3,7,10,Psychology
4834,8,5,5,5,3,2,5,5,6,7,5,5,10,8,10,7,9,9,10,9,4,3,4,3,6,6,10,6,5,4,8,8,Teaching / Professor
4835,4,6,6,9,4,2,4,1,2,5,8,3,9,7,7,8,8,7,6,3,5,10,6,1,3,1,3,9,8,2,8,9,Dentist
4836,5,4,2,5,4,3,7,2,9,5,6,4,4,9,6,5,10,9,7,9,6,4,2,8,4,2,3,4,7,8,7,10,Journalism / Media
4837,2,6,5,9,8,3,4,3,4,6,8,8,8,7,8,8,5,9,7,9,7,8,1,5,4,3,5,9,7,5,7,7,MBBS / Doctor
4838,8,3,3,1,5,7,9,10,3,3,10,10,5,8,4,5,4,3,2,3,4,1,8,3,4,4,7,8,4,3,6,2,CA / Accounting
4839,4,3,7,10,4,3,3,4,3,8,8,8,10,10,9,6,8,8,3,4,2,8,4,5,2,1,5,9,10,5,6,6,Dentist
4840,5,3,2,4,3,1,3,2,6,8,6,6,4,7,10,3,7,10,7,4,3,8,1,8,3,6,7,6,6,1,7,9,Psychology
4841,4,2,1,3,4,9,5,7,5,2,7,10,1,4,5,4,4,4,2,1,7,4,8,5,6,5,4,9,8,1,5,3,CA / Accounting
4842,6,1,3,3,5,9,10,7,4,3,9,9,3,7,5,4,4,6,4,5,5,1,8,1,5,2,4,7,6,5,6,5,CA / Accounting
4843,3,4,7,10,2,3,1,5,2,5,4,3,9,8,7,6,8,6,7,8,4,10,5,5,4,3,6,8,10,4,6,7,Dentist
4844,6,4,4,2,4,3,5,7,7,6,7,6,5,7,7,7,4,5,5,7,5,3,3,10,10,6,3,8,6,4,7,8,Civil Services
4845,5,6,1,4,8,5,8,9,3,4,8,5,2,8,7,7,8,7,5,5,8,5,10,7,3,6,5,4,8,10,10,7,Business / Management
4846,6,7,5,4,3,3,3,5,8,7,7,6,6,6,8,6,7,9,8,6,6,3,3,5,4,7,8,7,5,2,8,9,Teaching / Professor
4847,6,6,8,10,7,3,5,5,2,7,6,7,10,10,9,7,9,10,7,3,3,7,5,3,3,5,6,10,7,4,9,10,Dentist
4848,6,4,5,4,4,3,4,6,7,6,6,4,4,9,6,9,7,7,7,7,5,2,5,7,9,5,4,10,10,4,7,10,Civil Services
4849,8,5,4,3,7,3,2,3,4,3,5,8,8,7,2,6,4,4,4,2,7,2,2,4,2,4,4,5,5,3,7,4,Engineering
4850,5,4,8,8,9,2,5,3,3,1,7,3,9,7,3,4,5,9,8,2,6,9,2,3,4,1,7,9,7,2,8,4,Pharmacy
4851,4,3,6,7,5,2,5,3,5,7,7,4,7,7,6,7,8,10,4,6,6,5,5,10,5,3,6,8,8,7,8,8,Psychology
4852,4,4,2,5,6,7,8,2,5,8,5,2,5,6,9,8,10,8,6,9,7,2,2,9,4,7,6,7,5,8,7,10,Journalism / Media
4853,3,6,2,1,5,6,5,8,1,4,8,4,2,6,6,9,8,6,4,5,5,3,9,3,2,3,6,5,8,7,9,7,Business / Management
4854,7,4,1,3,3,10,8,6,1,5,8,7,3,5,5,6,4,5,3,2,5,2,8,1,3,4,2,4,7,2,7,8,CA / Accounting
4855,4,5,6,3,7,2,9,10,1,6,4,5,6,8,10,9,8,8,4,7,7,3,9,4,3,4,2,8,6,8,10,9,Business / Management
4856,4,1,8,8,4,3,4,3,5,6,7,3,9,7,5,5,4,9,4,6,4,5,1,4,4,3,4,7,5,4,7,8,MBBS / Doctor
4857,6,4,7,9,5,2,4,3,2,5,4,3,7,8,9,3,9,10,5,7,5,8,3,4,2,3,4,7,7,3,6,10,Dentist
4858,6,4,2,3,4,1,5,4,7,4,8,3,4,9,8,8,5,8,3,8,5,2,2,6,10,5,4,7,9,4,8,8,Civil Services
4859,4,4,1,5,5,4,5,3,7,5,7,5,3,6,8,8,6,8,7,7,4,4,3,10,10,9,7,9,8,5,6,9,Civil Services
4860,4,6,4,6,4,2,2,4,5,9,8,4,5,6,7,5,7,6,6,9,4,2,5,8,5,5,8,10,5,1,7,6,Teaching / Professor
4861,5,1,4,3,4,3,5,3,9,6,8,3,2,7,9,8,6,7,5,8,4,2,5,7,7,9,3,9,8,6,6,6,Law
4862,3,3,9,9,4,2,2,2,5,5,5,4,8,7,7,7,5,7,5,7,9,9,3,3,4,4,3,10,7,3,8,10,MBBS / Doctor
4863,1,4,2,4,6,3,6,7,8,7,10,5,4,10,10,7,4,5,7,8,4,3,4,10,5,10,5,7,8,2,7,10,Law
4864,4,1,4,4,5,4,3,5,7,6,6,4,4,7,10,6,4,6,5,10,3,4,4,9,5,8,5,9,7,3,5,7,Law
4865,6,5,7,6,5,3,5,7,3,4,5,8,9,8,7,4,4,6,7,2,6,9,5,6,5,3,6,9,8,6,6,7,Pharmacy
4866,6,4,8,7,5,2,5,5,4,6,2,7,8,8,10,5,6,9,8,6,7,9,3,6,5,4,5,9,6,4,10,9,MBBS / Doctor
4867,4,3,4,4,6,5,3,5,6,6,7,2,4,7,9,4,10,6,7,6,5,4,2,7,5,6,7,6,8,6,8,10,Journalism / Media
4868,10,6,5,4,8,2,7,5,5,5,10,10,9,10,8,5,8,6,9,4,10,3,5,4,5,2,6,7,7,9,7,7,Engineering
4869,7,3,4,2,5,6,5,8,5,3,4,7,8,8,8,7,10,5,6,7,7,3,7,5,5,3,4,8,7,7,9,9,Business / Management
4870,6,2,4,3,5,9,8,5,3,1,7,8,2,6,6,4,5,6,2,4,5,3,7,5,3,4,4,6,8,3,7,5,CA / Accounting
4871,1,1,2,5,3,3,6,4,5,8,6,4,5,7,9,6,8,10,5,5,4,5,1,9,5,4,7,9,7,2,7,9,Psychology
4872,5,5,3,3,5,2,7,9,4,7,6,3,3,5,8,7,9,7,3,6,7,4,4,5,1,4,6,10,7,6,7,8,Business / Management
4873,3,6,8,9,5,3,2,5,4,9,8,5,9,6,8,7,6,8,9,6,5,8,3,4,3,4,9,10,7,5,9,10,MBBS / Doctor
4874,6,4,1,5,6,4,8,6,9,7,7,6,5,10,8,7,8,7,5,8,8,4,3,7,8,6,6,8,10,4,9,9,Civil Services
4875,4,2,2,4,4,3,3,2,7,4,6,3,3,7,5,7,7,7,7,6,3,1,3,6,8,5,5,8,8,2,8,8,Civil Services
4876,7,3,5,2,6,10,6,8,1,2,9,7,4,9,6,6,4,4,6,5,6,1,9,4,5,5,6,7,6,5,5,4,CA / Accounting
4877,6,7,4,2,7,2,6,3,8,6,7,7,8,9,8,6,9,8,6,9,10,4,3,6,4,7,10,10,8,4,10,10,Teaching / Professor
4878,2,2,2,1,5,1,4,6,6,6,9,4,4,8,9,5,10,6,4,9,6,2,6,9,6,7,7,5,5,6,9,7,Journalism / Media
4879,5,7,4,3,5,3,6,10,4,4,6,7,5,7,8,10,10,8,2,7,6,4,9,6,3,4,6,7,8,9,9,9,Business / Management
4880,3,1,10,10,4,7,3,6,4,5,5,5,7,5,4,5,5,4,9,5,4,7,3,4,2,3,5,8,4,5,7,7,Pharmacy
4881,3,6,4,4,6,3,4,5,4,5,8,4,8,9,8,6,5,6,5,8,5,9,1,9,3,2,6,8,8,2,10,9,MBBS / Doctor
4882,4,5,3,8,3,3,3,3,5,10,10,2,8,8,8,6,9,10,7,8,4,5,1,7,5,4,8,9,6,3,5,10,Psychology
4883,10,8,8,7,10,5,6,5,4,2,10,9,9,9,8,5,6,2,7,5,8,5,4,3,9,5,4,7,8,7,10,7,Engineering
4884,2,6,5,10,6,2,1,2,6,6,6,3,9,8,7,7,6,8,3,3,4,8,4,7,4,3,3,8,6,3,8,6,MBBS / Doctor
4885,6,4,8,7,3,3,2,3,1,4,6,7,8,3,6,4,4,8,8,2,7,8,2,2,2,1,4,6,8,3,8,7,Pharmacy
4886,4,5,7,9,3,3,1,1,7,6,9,4,6,7,10,5,8,9,7,4,4,10,4,5,6,3,10,9,10,3,8,10,MBBS / Doctor
4887,8,7,3,5,4,1,5,4,5,5,7,6,5,7,9,8,8,8,7,8,6,4,4,5,6,3,10,8,5,2,8,8,Teaching / Professor
4888,1,1,2,3,4,5,4,6,9,5,8,4,3,5,10,4,10,7,4,9,4,2,4,10,4,6,8,7,7,7,7,10,Journalism / Media
4889,6,2,7,4,6,4,5,5,8,7,6,6,8,7,7,8,7,9,7,9,5,3,4,5,2,6,9,9,7,5,9,9,Teaching / Professor
4890,4,3,3,5,5,4,8,6,6,9,9,5,3,8,10,7,7,7,5,9,7,4,6,8,5,10,5,6,7,6,6,9,Law
4891,4,3,3,2,2,2,5,7,7,3,10,6,2,8,7,5,6,4,6,9,3,4,2,6,7,10,4,7,6,4,7,7,Law
4892,2,3,5,6,2,4,3,1,7,7,6,3,4,4,8,7,10,10,7,7,6,5,2,10,4,5,5,6,9,4,4,8,Psychology
4893,7,7,5,6,7,1,2,4,4,5,8,6,7,5,10,5,8,9,10,10,7,3,3,7,4,6,10,10,5,3,9,9,Teaching / Professor
4894,5,2,2,5,6,3,7,9,4,5,8,6,3,8,8,10,8,7,5,7,6,4,8,8,5,6,6,5,6,7,10,10,Business / Management
4895,6,3,7,4,2,1,5,5,3,8,6,3,5,7,7,7,9,7,8,7,2,4,2,7,3,5,9,10,7,3,5,9,Psychology
4896,7,3,5,2,7,8,8,5,3,3,8,9,3,6,6,6,4,2,3,5,6,4,9,3,5,5,6,5,8,3,6,4,CA / Accounting
4897,3,3,7,10,4,2,3,2,3,3,8,9,8,10,7,4,8,6,8,5,7,9,1,4,8,4,9,8,9,2,8,10,MBBS / Doctor
4898,7,1,2,2,6,8,6,7,2,2,10,9,4,8,5,4,3,2,2,2,6,1,10,4,5,4,4,7,5,3,4,6,CA / Accounting
4899,5,4,5,1,5,1,1,4,7,5,7,4,7,6,6,4,9,7,6,10,5,2,4,7,4,8,5,6,5,9,10,5,Journalism / Media
4900,5,3,5,2,3,6,4,5,8,7,6,5,5,10,8,10,7,9,8,8,4,1,4,7,9,9,5,6,8,4,8,8,Civil Services
4901,7,7,8,5,5,2,4,6,7,6,7,5,5,8,10,10,7,9,6,8,6,5,4,7,5,5,8,9,7,6,8,7,Teaching / Professor
4902,1,3,1,3,6,1,5,6,10,5,5,4,1,10,10,7,8,7,6,7,6,3,8,8,7,10,5,8,7,4,9,8,Law
4903,1,4,7,8,4,3,4,3,4,6,8,4,7,10,6,5,7,7,3,2,5,10,1,1,2,1,5,8,5,5,8,8,Dentist
4904,4,3,4,1,6,1,2,5,9,8,9,4,3,8,10,6,10,9,8,9,6,4,5,7,4,7,6,6,9,7,9,9,Journalism / Media
4905,4,1,2,1,5,2,4,3,5,6,6,2,2,7,7,5,9,9,7,9,6,4,4,6,4,6,2,3,5,6,9,8,Journalism / Media
4906,3,3,4,5,1,2,8,3,7,6,4,4,1,8,6,8,4,8,6,9,6,3,6,5,9,8,7,8,7,3,9,8,Civil Services
4907,4,2,6,9,6,4,3,4,5,9,6,7,6,9,6,5,5,6,7,7,2,8,1,6,6,3,5,6,10,6,5,8,MBBS / Doctor
4908,9,7,3,2,6,9,8,7,4,5,8,9,4,9,6,3,4,5,4,5,7,2,10,6,4,3,5,8,4,6,7,6,Finance / Banking
4909,3,4,6,7,5,1,3,1,3,5,5,4,8,7,6,6,5,9,4,4,4,8,2,2,5,6,6,7,7,3,6,8,MBBS / Doctor
4910,5,1,3,3,6,5,6,5,4,6,6,2,7,6,8,8,7,2,8,8,5,1,3,6,5,8,6,7,7,4,7,8,Law
4911,5,4,8,8,6,4,1,1,4,7,7,3,10,10,6,5,6,8,8,6,5,8,1,7,5,3,7,9,5,2,8,8,MBBS / Doctor
4912,8,8,8,1,6,1,5,4,2,3,7,10,10,8,6,4,5,5,5,5,7,3,4,5,5,2,6,6,8,7,5,6,Engineering
4913,8,6,5,4,10,3,2,7,5,4,8,7,10,9,4,7,9,5,5,4,7,6,4,2,5,4,4,6,6,8,8,7,Engineering
4914,9,6,2,1,6,6,10,8,3,6,9,10,4,10,4,7,7,4,4,4,7,4,9,6,5,5,4,6,5,3,6,3,Finance / Banking
4915,6,2,3,1,6,6,7,5,7,9,7,5,1,9,10,8,9,5,6,9,4,2,4,8,6,10,2,8,5,8,6,9,Law
4916,4,6,7,5,6,4,1,6,6,6,7,2,7,7,7,7,8,6,9,8,5,4,1,5,3,4,8,8,8,4,7,10,Teaching / Professor
4917,4,6,8,8,4,3,1,5,4,4,5,6,9,7,7,5,5,10,10,5,6,10,1,3,1,4,9,10,8,4,8,10,MBBS / Doctor
4918,2,2,2,5,4,3,3,4,7,9,7,5,5,8,7,5,7,10,7,5,5,5,1,6,2,3,8,5,6,2,6,7,Psychology
4919,3,4,8,7,5,2,2,6,1,6,10,7,8,5,5,4,2,4,7,5,5,8,4,4,3,1,3,8,4,5,7,8,Pharmacy
4920,6,6,4,4,6,1,3,4,6,6,9,7,7,7,7,6,6,8,9,8,5,4,3,6,5,6,8,6,7,3,7,7,Teaching / Professor
4921,7,2,5,2,5,7,6,5,1,4,9,9,4,7,8,6,6,5,3,5,5,1,8,6,3,4,1,6,6,8,6,4,Finance / Banking
4922,7,2,4,1,5,9,6,4,5,2,6,5,3,7,7,5,4,5,6,4,5,3,10,1,4,6,5,8,6,6,6,5,CA / Accounting
4923,3,4,2,5,5,5,6,8,8,8,8,6,4,10,10,8,9,5,7,10,6,4,7,8,10,10,6,6,10,7,8,7,Law
4924,6,2,1,3,4,1,2,2,4,4,6,4,3,9,8,6,7,5,5,7,7,1,4,8,5,6,5,6,6,6,8,7,Journalism / Media
4925,7,6,9,10,7,4,5,4,6,6,7,3,10,10,5,6,7,8,7,7,6,10,1,6,3,2,6,10,9,4,10,9,MBBS / Doctor
4926,5,1,4,4,3,2,5,4,7,8,7,4,7,6,8,4,8,8,5,5,5,6,6,8,6,7,7,9,5,3,7,10,Psychology
4927,3,7,8,10,5,1,3,3,5,3,7,4,8,10,9,8,7,8,7,3,4,10,1,6,5,3,6,10,9,3,7,8,MBBS / Doctor
4928,6,6,4,10,3,3,4,2,7,5,10,6,7,8,9,6,6,8,9,8,3,9,3,9,4,3,7,7,10,3,7,10,Psychology
4929,1,1,3,2,4,1,4,5,6,5,7,4,2,8,7,6,10,7,6,9,9,1,6,9,3,8,6,5,6,7,9,6,Journalism / Media
4930,2,3,2,2,4,1,7,4,6,5,6,4,4,7,7,5,7,4,4,8,5,1,2,7,6,9,4,8,6,3,9,9,Law
4931,7,6,7,7,8,3,5,7,1,5,7,4,7,10,5,7,9,5,6,2,7,5,4,5,4,7,4,9,7,9,5,6,Engineering
4932,5,4,4,5,8,3,8,4,8,4,9,5,2,10,6,9,7,4,6,7,2,4,4,9,8,9,5,10,9,4,9,8,Civil Services
4933,6,1,3,5,5,2,3,6,4,7,9,1,5,8,8,5,5,9,5,6,2,5,2,9,7,3,9,6,7,3,4,7,Psychology
4934,3,1,5,2,2,2,5,3,7,6,7,3,3,7,9,6,10,7,3,7,4,2,3,6,6,10,4,5,6,6,8,7,Journalism / Media
4935,7,8,6,5,10,4,4,6,3,3,6,6,6,7,7,4,3,4,6,4,10,3,5,5,4,3,5,6,7,6,6,8,Engineering
4936,5,5,4,7,3,3,3,1,5,9,6,5,6,7,7,5,6,8,6,6,3,4,2,8,5,2,7,5,5,3,8,9,Psychology
4937,5,5,7,6,1,5,3,3,1,2,7,5,7,7,6,4,7,4,4,3,4,7,3,1,1,3,4,9,7,3,4,7,Pharmacy
4938,2,3,1,6,4,1,3,5,8,6,6,5,3,6,10,7,9,5,8,9,3,1,5,6,5,10,6,3,6,5,9,10,Journalism / Media
4939,3,7,9,6,2,2,3,5,4,4,7,4,9,10,4,4,9,6,5,3,2,9,3,5,3,3,6,7,6,5,7,10,Dentist
4940,5,7,3,5,6,8,8,9,4,5,6,4,5,7,7,9,8,6,7,8,10,2,8,4,3,8,4,3,6,5,7,7,Business / Management
4941,9,7,7,7,6,6,5,8,8,7,8,6,9,7,10,7,6,9,4,10,8,3,3,6,6,8,10,10,7,1,8,10,Teaching / Professor
4942,6,6,7,10,1,1,4,8,3,5,7,4,9,9,6,7,9,10,5,6,3,10,3,5,3,4,6,10,10,6,6,9,Dentist
4943,3,3,9,9,4,1,4,4,4,3,8,5,7,9,5,4,5,6,5,7,5,10,1,3,3,2,7,9,5,6,4,5,Pharmacy
4944,4,3,6,2,4,2,6,6,7,5,6,5,2,8,9,8,5,7,4,6,4,6,4,9,9,9,6,9,10,2,10,9,Civil Services
4945,4,5,2,1,8,2,4,2,2,4,7,8,8,7,2,4,6,3,4,4,10,2,3,2,5,4,5,8,5,5,9,6,Engineering
4946,6,8,5,4,9,1,3,6,4,1,10,9,7,7,8,7,10,6,7,5,10,5,6,4,4,4,7,10,7,6,8,6,Engineering
4947,5,3,5,6,4,5,9,9,4,6,8,4,5,9,7,8,7,5,6,6,7,3,6,7,4,4,4,7,9,10,8,8,Business / Management
4948,9,4,4,3,7,9,6,8,4,4,7,10,4,7,8,8,4,3,5,4,10,1,10,3,4,4,5,7,7,3,4,6,CA / Accounting
4949,7,4,3,1,4,10,7,6,4,6,7,8,5,10,6,5,5,4,4,5,5,3,10,4,4,4,1,5,5,6,5,4,CA / Accounting
4950,7,3,6,3,8,9,9,7,4,3,7,9,4,8,8,9,4,6,5,3,10,2,9,6,8,5,8,7,9,6,6,7,Finance / Banking
4951,3,2,2,2,5,1,6,5,8,7,5,4,6,7,8,6,4,7,7,5,5,3,2,9,10,8,4,7,9,6,6,9,Civil Services
4952,10,6,6,3,8,6,5,6,2,8,10,8,8,7,8,6,7,5,6,6,10,5,4,6,4,8,3,9,9,6,10,8,Engineering
4953,5,1,1,1,5,9,7,4,1,2,8,8,1,9,6,6,4,2,5,7,6,1,7,2,5,5,2,8,5,5,7,7,CA / Accounting
4954,4,3,6,6,7,4,3,4,5,2,6,4,7,6,9,7,5,6,8,6,4,5,2,3,2,6,10,7,6,4,6,8,Teaching / Professor
4955,7,5,4,8,4,6,3,4,3,6,8,7,6,7,10,7,10,10,7,8,9,2,6,7,2,4,10,8,6,2,8,10,Teaching / Professor
4956,5,3,7,7,7,1,6,5,7,6,6,6,5,8,8,6,6,7,8,10,6,1,7,5,2,7,10,8,5,4,7,8,Teaching / Professor
4957,4,7,8,8,5,3,2,5,2,6,10,7,9,10,5,4,7,7,9,3,4,8,3,4,5,2,5,9,4,5,5,5,Pharmacy
4958,7,7,8,3,7,3,6,5,6,6,9,9,10,8,3,8,7,5,8,3,7,1,3,5,5,4,3,4,7,6,8,7,Engineering
4959,3,1,9,6,5,1,2,4,3,4,6,6,9,7,5,5,5,4,9,4,5,6,1,2,3,3,4,6,6,5,6,6,Pharmacy
4960,6,5,3,5,6,3,8,8,4,5,8,7,4,8,5,8,6,6,4,6,7,3,3,6,5,5,5,5,5,10,9,10,Business / Management
4961,8,5,3,3,7,6,5,4,1,1,5,7,4,7,8,4,5,6,4,3,8,1,10,1,6,5,2,5,5,5,4,3,Finance / Banking
4962,8,6,2,3,7,10,7,7,5,1,9,8,3,8,5,6,4,5,3,3,6,2,10,4,5,3,5,7,7,3,7,6,CA / Accounting
4963,5,2,1,2,5,8,3,5,4,4,8,8,3,6,5,4,5,1,4,3,5,1,10,3,3,5,1,7,8,4,4,9,CA / Accounting
4964,3,3,2,1,3,1,7,6,7,2,7,2,3,8,7,7,10,3,4,8,3,2,2,7,5,10,4,8,5,5,4,4,Law
4965,6,4,2,5,5,6,7,8,5,8,8,7,7,6,7,8,10,8,2,7,5,3,9,7,5,5,5,7,10,7,10,9,Business / Management
4966,5,1,1,2,4,4,6,6,7,5,9,3,2,8,8,8,4,4,4,9,3,2,2,8,6,10,1,5,8,8,5,5,Law
4967,7,3,2,2,6,6,5,7,1,2,9,8,2,7,6,4,3,6,2,2,3,1,7,5,6,4,2,10,6,4,6,4,CA / Accounting
4968,5,4,5,5,6,3,8,9,4,8,8,7,5,10,7,8,8,5,5,8,7,3,10,7,4,6,7,6,6,9,9,10,Business / Management
4969,8,3,3,3,3,10,6,6,1,4,8,10,1,8,6,4,5,4,2,4,2,2,8,1,1,5,4,7,7,4,7,5,CA / Accounting
4970,4,3,6,4,7,4,2,2,4,7,8,5,6,7,9,6,7,7,5,10,6,3,1,5,2,3,7,7,8,4,6,5,Teaching / Professor
4971,4,4,5,5,3,3,1,5,3,5,7,5,6,8,7,6,5,8,7,7,4,3,2,5,3,4,9,9,6,2,6,10,Teaching / Professor
4972,1,3,5,5,5,4,3,4,7,10,7,4,8,7,9,5,8,6,8,5,6,4,4,8,5,5,5,8,6,3,6,7,Psychology
4973,5,4,3,6,7,5,6,8,5,7,6,8,5,9,10,10,6,5,5,8,9,4,10,4,4,5,4,8,4,8,10,9,Business / Management
4974,5,5,7,7,4,3,4,5,3,5,6,4,6,6,8,4,5,5,7,3,4,8,4,2,4,3,3,9,7,2,6,7,Pharmacy
4975,5,8,6,8,4,2,4,3,6,6,7,3,10,8,10,6,7,7,9,7,7,8,5,8,4,4,8,6,10,6,7,5,MBBS / Doctor
4976,7,1,3,4,6,9,9,7,1,3,10,8,3,5,6,7,8,5,6,1,5,5,10,4,7,3,5,9,7,2,8,6,CA / Accounting
4977,5,3,5,3,5,4,8,6,7,4,8,5,1,8,10,6,6,3,6,8,6,3,6,9,10,10,4,7,8,7,8,8,Law
4978,5,4,5,5,9,8,8,9,2,5,8,5,3,9,10,9,10,7,7,10,10,5,7,6,7,4,8,6,8,7,7,9,Business / Management
4979,7,5,9,9,4,2,4,4,3,6,5,5,8,9,8,6,7,8,5,4,7,9,4,6,2,4,7,4,10,2,6,8,Dentist
4980,1,4,2,4,2,3,5,2,6,5,7,5,2,6,10,8,6,6,6,6,3,1,1,5,5,5,4,6,7,2,7,6,Civil Services
4981,3,3,2,1,5,3,6,3,6,4,5,5,2,7,8,5,6,7,3,7,5,5,6,8,8,8,6,8,8,8,6,7,Law
4982,3,2,5,4,5,2,6,3,8,6,7,2,5,8,6,9,9,9,7,10,10,3,6,9,6,5,6,6,6,7,9,9,Journalism / Media
4983,3,3,3,1,3,2,4,4,7,4,6,6,3,6,9,8,6,5,5,6,2,1,1,9,10,8,4,4,8,3,7,10,Civil Services
4984,6,3,3,1,7,8,7,6,3,5,8,6,1,8,4,4,4,5,5,1,5,1,8,1,6,4,3,8,7,5,5,5,CA / Accounting
4985,4,3,6,10,6,2,5,6,4,8,6,3,7,7,7,10,5,8,7,4,6,10,5,7,5,3,6,10,8,5,7,9,MBBS / Doctor
4986,7,3,5,5,6,4,6,4,9,6,7,6,5,7,7,7,8,7,5,9,6,2,4,9,8,7,5,5,9,5,7,7,Civil Services
4987,6,4,6,4,10,7,8,10,7,7,7,6,3,5,9,9,8,8,5,10,7,2,6,7,6,5,4,9,6,10,8,10,Business / Management
4988,4,7,5,8,4,1,2,5,3,7,8,5,6,8,4,6,6,9,6,5,4,8,3,5,4,4,6,7,6,5,6,7,MBBS / Doctor
4989,3,3,1,2,6,4,3,3,9,3,7,6,5,6,8,8,6,5,8,8,1,3,5,9,7,10,4,10,7,7,8,9,Law
4990,4,5,8,8,5,3,5,4,2,4,7,6,4,9,10,6,10,9,3,6,5,9,5,5,1,3,3,9,7,3,6,8,Dentist
4991,5,6,4,2,4,2,10,7,6,5,5,6,4,9,9,8,6,4,1,7,7,1,5,5,3,5,5,6,7,7,6,8,Business / Management
4992,6,7,5,1,10,4,8,10,6,6,8,5,9,10,9,10,7,8,4,8,8,1,6,8,4,9,8,6,8,10,10,9,Business / Management
4993,3,1,5,4,5,2,7,3,10,5,7,3,5,6,9,5,4,5,4,6,4,1,3,7,10,9,4,7,5,2,8,8,Civil Services
4994,5,1,4,5,5,2,5,7,9,5,7,8,1,5,5,7,5,6,7,10,5,3,7,8,7,10,5,5,7,4,6,7,Law
4995,8,7,7,10,7,4,4,1,6,5,5,3,8,9,10,8,9,8,7,3,5,7,1,6,3,2,5,10,10,5,10,7,MBBS / Doctor
4996,4,5,6,7,3,2,1,5,5,3,7,6,7,8,7,7,4,9,6,4,6,10,1,1,4,2,4,8,10,2,9,6,MBBS / Doctor
4997,3,5,9,10,6,3,5,3,2,7,10,7,7,5,7,3,4,6,7,6,8,10,3,6,3,4,6,7,8,3,8,5,Pharmacy
4998,6,7,4,5,5,2,2,7,6,6,10,5,4,5,10,7,6,6,7,8,8,3,1,4,5,6,10,10,4,3,7,7,Teaching / Professor
4999,5,5,6,3,5,5,6,5,7,3,7,3,6,7,10,10,6,8,7,7,2,1,1,7,10,7,6,10,7,4,8,10,Civil Services
5000,6,6,7,10,6,2,3,4,4,7,8,5,10,9,10,9,5,8,7,7,7,10,2,8,5,5,7,10,10,7,9,8,MBBS / Doctor
5001,4,7,5,5,4,5,7,5,7,7,9,1,6,7,8,10,8,9,6,10,4,2,3,7,10,8,7,10,10,3,6,8,Civil Services
5002,2,5,5,5,7,4,5,3,5,8,10,7,7,6,9,5,8,7,6,8,6,4,3,7,3,4,8,7,7,2,8,6,Teaching / Professor
5003,4,2,3,4,4,1,3,2,6,9,5,2,5,4,8,3,6,9,3,7,3,6,1,9,5,2,7,8,4,4,6,10,Psychology
5004,6,4,4,1,5,6,4,5,5,7,8,4,2,6,9,7,10,8,9,10,6,2,4,9,4,10,6,7,9,8,6,10,Journalism / Media
5005,3,3,10,5,6,3,4,3,5,4,7,2,7,6,6,2,2,5,6,3,4,8,1,2,2,3,3,7,5,4,7,5,Pharmacy
5006,7,3,5,8,7,3,4,7,8,9,7,6,5,8,8,7,4,7,10,9,2,5,5,4,5,5,10,10,7,4,10,10,Teaching / Professor
5007,4,5,1,5,3,5,4,5,8,5,9,6,7,10,10,8,5,7,6,9,3,4,3,8,9,8,7,5,8,3,8,10,Civil Services
5008,4,3,3,4,7,6,8,9,8,8,7,6,4,9,7,8,5,6,6,7,7,4,6,5,5,6,7,8,9,7,8,10,Business / Management
5009,3,4,2,5,5,3,6,4,7,5,6,3,4,8,10,5,10,6,8,9,7,4,6,4,5,7,8,6,7,7,7,7,Journalism / Media
5010,6,5,5,6,3,3,7,5,6,6,7,7,8,7,7,8,7,7,9,8,7,6,5,7,5,5,8,10,7,3,9,10,Teaching / Professor
5011,2,3,3,4,6,1,4,9,9,6,8,6,2,7,8,7,5,5,7,10,5,1,4,6,4,9,5,9,8,3,9,7,Law
5012,6,1,1,3,4,8,9,9,2,5,5,7,1,6,6,4,3,2,4,4,8,1,10,5,3,4,4,9,4,3,7,6,CA / Accounting
5013,5,8,9,10,5,2,5,5,5,8,10,6,10,10,9,9,5,8,8,4,7,9,6,5,8,4,7,10,9,5,8,8,MBBS / Doctor
5014,2,6,2,1,6,1,3,5,8,4,6,5,1,7,8,6,8,5,7,10,7,2,5,8,7,7,8,7,7,7,9,7,Journalism / Media
5015,5,4,2,3,3,3,7,5,7,3,7,6,4,8,6,7,5,6,4,9,5,3,5,7,7,6,6,7,8,4,7,10,Civil Services
5016,1,3,5,7,2,1,1,4,6,9,6,4,3,7,9,7,8,6,5,5,5,6,2,8,4,4,6,7,6,5,6,8,Psychology
5017,3,5,9,9,2,3,5,4,3,4,4,5,8,9,4,5,6,6,7,3,6,8,4,1,3,4,5,5,7,3,6,7,Pharmacy
5018,3,6,7,9,5,2,2,7,2,4,6,6,8,7,6,6,6,5,6,5,6,10,1,3,2,2,5,9,5,5,3,7,Dentist
5019,6,2,4,4,6,7,8,10,4,6,8,7,3,7,8,7,8,5,4,9,6,5,7,5,5,5,4,6,5,9,4,10,Business / Management
5020,7,4,3,3,5,4,4,8,8,7,8,5,4,9,9,10,5,9,7,9,3,3,4,10,10,8,5,9,9,3,8,6,Civil Services
5021,5,5,10,9,6,7,2,3,4,4,8,5,7,9,7,7,9,9,7,6,6,10,1,1,1,3,5,7,7,5,5,8,Dentist
5022,4,4,5,10,5,2,3,4,1,6,9,7,8,6,4,6,8,7,3,5,6,8,3,1,3,3,7,9,9,4,7,9,Dentist
5023,4,4,5,3,3,1,6,8,9,4,7,3,3,7,7,9,7,10,7,7,2,1,5,8,8,9,6,7,10,5,7,9,Civil Services
5024,5,2,2,6,5,5,6,6,10,5,9,3,2,7,7,9,6,6,8,10,5,3,3,5,8,10,6,9,6,5,8,9,Law
5025,7,4,7,5,3,3,1,5,7,7,6,6,4,8,9,5,6,6,10,7,7,3,1,5,4,4,10,8,6,3,7,7,Teaching / Professor
5026,7,4,1,3,5,9,9,7,5,3,7,6,1,7,6,5,2,4,2,1,4,2,8,4,5,5,7,8,9,5,6,4,CA / Accounting
5027,4,5,2,4,4,3,6,5,9,5,8,6,5,9,8,9,8,5,5,6,7,1,4,8,4,10,9,8,7,4,8,5,Law
5028,5,1,1,2,4,5,6,9,5,6,5,7,3,9,10,10,8,7,2,4,7,5,5,5,4,4,4,7,7,8,7,8,Business / Management
5029,3,3,4,2,6,3,4,5,9,7,8,6,4,10,9,7,10,8,6,10,8,4,6,7,9,10,4,8,8,6,8,6,Law
5030,7,6,6,8,4,3,4,3,6,7,4,6,10,9,9,7,6,9,8,5,8,10,2,4,3,5,8,10,9,4,6,8,MBBS / Doctor
5031,4,3,3,2,3,1,3,3,8,3,8,4,5,7,7,5,4,6,5,5,5,2,2,6,8,6,4,7,7,5,7,7,Civil Services
5032,6,7,9,10,4,5,4,6,6,7,7,9,6,8,6,7,6,7,6,4,6,9,3,4,5,5,7,9,8,5,7,8,MBBS / Doctor
5033,3,10,1,3,5,8,6,10,4,4,8,5,5,9,10,7,8,6,5,10,7,1,7,5,4,4,3,9,8,8,10,8,Business / Management
5034,6,7,5,6,6,4,6,5,2,6,9,8,7,8,5,6,6,3,4,3,8,3,4,4,2,5,4,6,7,3,5,7,Engineering
5035,7,6,8,8,5,2,4,5,4,3,8,6,9,7,6,6,5,7,5,9,8,10,3,8,7,3,7,9,8,4,8,8,MBBS / Doctor
5036,2,1,3,1,3,1,6,3,7,7,6,3,2,6,7,3,7,6,6,7,6,2,4,5,4,7,3,4,6,5,8,8,Journalism / Media
5037,5,5,8,7,5,3,5,4,2,8,8,6,7,8,7,6,7,5,6,3,6,8,4,4,3,3,2,6,8,3,6,4,Pharmacy
5038,6,7,5,5,8,3,4,10,5,5,7,9,7,10,10,9,10,8,6,9,10,3,10,7,5,9,5,7,8,10,10,9,Business / Management
5039,6,4,1,3,5,9,9,6,6,3,6,10,5,6,4,7,5,2,3,4,5,2,10,5,1,7,5,7,7,5,6,6,CA / Accounting
5040,4,4,6,10,3,2,4,8,2,6,7,5,7,8,7,6,5,7,5,4,5,8,3,4,3,3,5,8,7,3,7,7,Dentist
5041,6,3,10,7,6,4,4,4,4,6,6,6,8,8,6,6,4,6,8,3,3,10,3,3,4,2,4,8,7,6,8,5,Pharmacy
5042,1,2,1,1,5,4,4,1,7,3,6,2,4,8,9,2,9,8,7,8,3,3,1,9,6,5,4,4,5,6,5,8,Journalism / Media
5043,5,5,5,7,3,6,4,5,5,8,7,6,8,8,8,5,8,7,3,5,5,8,3,5,2,3,4,8,10,3,8,8,Dentist
5044,3,4,6,5,4,1,4,1,3,4,5,4,7,8,6,5,5,6,8,9,7,3,1,3,1,6,8,8,8,1,6,7,Teaching / Professor
5045,6,6,7,8,6,3,4,5,6,7,8,5,8,9,7,8,5,10,7,6,5,10,1,4,6,4,6,9,8,5,10,9,MBBS / Doctor
5046,3,1,2,6,5,3,5,5,8,5,10,1,2,4,7,7,7,4,5,9,5,2,1,7,6,9,2,6,8,8,8,7,Law
5047,8,4,5,10,3,3,4,5,4,7,8,5,10,8,5,6,8,3,7,3,5,10,3,2,3,6,3,6,6,3,7,10,Dentist
5048,7,3,2,1,4,5,4,4,8,8,10,1,4,9,6,7,10,7,8,7,6,3,4,7,6,10,5,9,4,7,5,7,Law
5049,4,4,6,10,3,3,3,5,5,7,8,6,5,7,7,3,6,7,7,5,4,10,1,4,3,1,2,7,7,2,7,9,Dentist
5050,2,6,8,10,4,2,4,2,2,6,4,3,9,9,9,7,5,10,6,5,5,10,2,3,4,3,6,8,8,2,8,10,MBBS / Doctor
5051,9,5,4,5,9,8,10,6,3,7,8,6,2,7,5,7,4,4,4,3,5,3,10,1,3,5,5,10,7,7,6,4,Finance / Banking
5052,5,3,2,4,7,9,5,10,4,1,6,9,2,9,5,6,4,4,5,6,7,2,10,6,3,4,5,9,7,2,6,7,CA / Accounting
5053,7,5,4,3,7,1,4,3,6,3,8,6,6,5,3,4,7,6,3,4,6,3,5,3,3,5,5,5,7,5,7,6,Engineering
5054,5,3,10,9,6,4,4,6,5,4,7,6,9,10,8,2,7,7,9,5,5,10,1,2,2,4,4,9,6,3,8,7,Pharmacy
5055,6,2,4,3,8,7,9,9,4,4,7,9,5,9,10,10,7,7,4,8,8,3,8,8,3,7,5,9,7,8,10,10,Business / Management
5056,4,6,6,10,5,3,4,4,4,6,8,4,7,10,8,4,5,10,6,5,4,9,1,6,5,3,6,10,7,4,8,8,MBBS / Doctor
5057,6,6,1,4,6,4,6,10,5,9,6,6,5,9,10,9,7,5,5,9,5,1,8,3,2,7,5,6,10,7,7,10,Business / Management
5058,3,2,5,1,7,3,5,7,9,6,9,2,1,9,7,7,6,4,8,9,4,5,2,6,5,9,5,9,10,7,7,10,Law
5059,6,4,1,2,6,9,8,3,1,5,8,8,3,8,5,5,2,6,4,6,4,2,7,6,8,6,2,6,7,4,7,6,CA / Accounting
5060,5,1,7,7,5,2,3,2,1,3,6,5,6,5,6,6,3,6,5,6,3,5,2,1,3,1,5,7,5,4,5,5,Pharmacy
5061,4,4,3,6,5,5,6,7,2,6,6,5,3,8,8,9,7,6,3,7,7,1,10,6,4,5,8,7,8,7,8,6,Business / Management
5062,3,1,5,7,6,1,4,4,6,8,5,3,4,5,8,5,5,9,5,4,3,5,3,8,5,4,8,9,4,2,5,7,Psychology
5063,9,7,7,4,7,1,5,3,2,5,6,10,7,8,5,7,7,4,7,3,6,2,5,5,6,3,6,7,6,7,7,5,Engineering
5064,7,4,5,4,6,5,8,8,5,7,8,9,5,10,10,10,10,4,5,7,8,3,7,4,5,7,5,6,7,7,9,10,Business / Management
5065,7,6,9,7,6,3,6,3,7,10,6,6,10,10,6,8,6,9,10,6,7,10,4,7,7,4,8,10,7,4,10,9,MBBS / Doctor
5066,7,4,5,3,4,2,7,8,5,5,8,7,2,9,7,9,9,7,5,7,8,1,6,4,2,4,4,6,7,9,9,8,Business / Management
5067,6,2,2,2,5,10,8,6,2,4,7,9,3,6,4,7,3,5,3,5,8,1,7,6,4,4,1,4,7,5,5,6,Finance / Banking
5068,5,5,10,9,3,3,2,1,2,6,10,5,7,8,9,8,6,6,4,5,4,9,2,2,6,1,7,8,8,4,10,9,Dentist
5069,8,3,5,2,6,5,10,6,6,3,8,8,2,7,6,6,3,5,2,4,5,3,10,5,3,3,4,7,8,7,4,8,Finance / Banking
5070,4,3,2,5,6,3,4,2,6,9,9,3,4,8,9,3,6,9,7,6,3,8,1,9,4,5,7,10,6,1,7,9,Psychology
5071,5,6,6,9,5,4,3,3,6,6,7,7,10,9,8,8,7,9,8,6,6,10,2,4,5,6,4,9,9,7,10,9,MBBS / Doctor
5072,3,6,4,4,7,6,6,8,4,9,9,6,7,10,6,9,8,7,4,7,6,5,5,4,1,4,6,7,7,10,10,9,Business / Management
5073,5,1,5,6,4,2,6,7,4,5,5,1,5,6,10,5,10,6,4,9,5,1,3,6,6,6,5,6,7,6,6,10,Journalism / Media
5074,6,5,8,10,5,2,3,2,4,7,10,4,9,8,8,5,4,10,8,6,6,10,2,5,4,4,5,8,9,4,6,8,MBBS / Doctor
5075,5,6,8,9,4,4,4,1,4,6,5,5,9,7,8,5,4,9,8,4,7,9,1,3,5,1,6,9,9,5,10,7,MBBS / Doctor
5076,2,2,5,3,5,5,10,2,7,4,10,5,6,8,7,8,4,9,8,5,4,2,4,7,10,5,3,9,8,4,8,10,Civil Services
5077,5,6,8,9,5,3,3,5,3,6,6,6,8,10,7,8,4,7,6,6,4,8,2,5,4,3,4,10,9,6,8,7,MBBS / Doctor
5078,4,4,7,9,5,1,5,3,5,8,10,5,9,8,6,7,5,7,7,5,7,10,2,8,6,4,5,7,10,7,10,10,MBBS / Doctor
5079,3,4,6,8,6,1,2,4,6,6,5,6,6,6,10,8,7,6,8,7,6,4,1,6,6,3,10,10,5,1,10,5,Teaching / Professor
5080,7,2,5,1,7,10,9,8,5,6,10,7,6,8,6,5,6,4,6,5,8,4,10,6,7,4,3,7,7,5,7,8,Finance / Banking
5081,6,2,1,2,4,5,6,6,2,1,10,6,1,5,6,6,6,2,3,5,4,2,8,2,1,3,5,6,6,6,7,7,Finance / Banking
5082,4,1,4,2,2,1,4,4,7,5,8,3,1,5,6,5,10,8,6,8,4,5,2,10,5,8,4,4,6,9,10,8,Journalism / Media
5083,4,3,5,5,6,1,5,3,8,6,9,6,6,6,8,9,8,7,9,8,5,4,5,7,6,5,9,10,6,4,10,8,Teaching / Professor
5084,5,8,6,6,8,5,6,5,8,6,9,5,6,7,7,5,7,6,8,10,6,4,3,3,5,7,10,8,9,4,10,8,Teaching / Professor
5085,5,3,8,8,4,2,4,3,3,5,8,6,9,8,10,7,5,7,7,1,7,7,1,3,3,3,7,10,10,4,7,9,MBBS / Doctor
5086,7,8,6,3,9,3,7,3,3,6,8,7,7,9,6,6,6,6,9,3,7,5,7,2,6,7,4,10,7,7,7,8,Engineering
5087,8,3,1,2,7,9,9,7,4,6,8,6,3,6,5,5,9,3,4,8,8,2,10,4,3,4,5,4,6,4,5,7,Finance / Banking
5088,6,4,7,7,4,3,4,5,6,5,9,5,7,8,8,5,4,7,6,4,7,6,3,6,3,3,6,9,9,5,7,6,MBBS / Doctor
5089,4,4,3,3,6,1,4,2,10,7,8,3,5,6,8,8,5,7,6,7,4,2,3,8,9,6,3,9,9,4,7,10,Civil Services
5090,4,5,3,6,3,1,5,2,6,10,7,5,5,10,8,10,6,8,7,8,3,9,3,9,4,3,6,9,7,1,8,9,Psychology
5091,5,5,2,3,6,2,7,6,8,7,10,5,5,9,8,8,4,9,7,10,6,3,5,6,10,8,5,9,9,4,9,9,Civil Services
5092,10,4,2,4,5,9,7,8,4,3,9,8,5,6,7,5,7,6,5,5,9,3,8,5,3,4,1,8,6,6,5,7,Finance / Banking
5093,7,3,2,2,6,5,5,6,1,3,7,10,3,7,5,2,2,1,4,3,5,2,8,1,3,5,1,8,5,4,4,6,CA / Accounting
5094,5,6,3,2,7,1,6,4,6,3,7,10,6,7,6,3,7,5,7,5,10,2,2,7,1,1,5,9,6,7,3,4,Engineering
5095,3,5,4,4,4,5,5,7,4,4,8,5,4,6,9,7,9,7,3,7,6,3,6,4,4,2,4,6,7,9,7,7,Business / Management
5096,2,2,2,4,5,1,2,3,4,9,5,5,4,6,8,5,8,10,6,6,4,6,1,6,1,3,6,7,4,5,7,8,Psychology
5097,5,3,3,7,4,5,2,3,3,2,5,6,4,7,6,8,5,9,7,6,3,3,1,6,3,3,7,5,6,3,6,6,Teaching / Professor
5098,5,4,3,3,8,1,5,5,7,9,5,5,4,7,7,6,5,6,6,6,6,3,3,4,5,4,10,10,7,4,7,8,Teaching / Professor
5099,5,4,5,8,5,2,3,4,4,3,7,4,8,8,7,6,4,7,5,6,3,9,2,7,2,1,6,8,5,3,8,8,Dentist
5100,6,7,9,8,5,1,4,4,6,4,7,7,9,8,7,4,8,3,8,4,7,8,2,4,4,2,4,8,5,5,7,5,Pharmacy
5101,6,4,1,2,2,5,5,6,5,3,7,4,2,7,8,8,6,7,7,10,7,2,3,7,7,9,5,8,6,4,5,9,Law
5102,2,3,4,2,4,5,5,3,8,7,6,4,7,6,9,5,7,7,5,9,8,3,6,5,4,8,5,8,9,10,9,9,Journalism / Media
5103,8,1,1,4,5,7,5,6,5,3,6,8,4,7,4,7,4,5,4,6,8,2,9,6,6,6,5,6,8,9,8,5,Finance / Banking
5104,6,2,7,7,5,3,1,5,2,2,8,6,6,7,7,5,3,3,6,2,1,8,1,2,3,3,5,8,7,4,5,4,Pharmacy
5105,8,5,7,5,6,5,6,4,9,9,9,5,6,9,9,8,5,9,6,6,7,2,5,8,10,8,8,10,9,4,6,9,Civil Services
5106,9,2,3,3,7,7,7,6,6,3,7,8,3,7,7,6,4,6,5,6,7,2,9,4,5,4,3,7,8,7,8,6,Finance / Banking
5107,7,7,5,3,9,2,3,5,2,5,8,7,9,7,9,5,5,5,5,4,9,4,3,6,5,6,6,9,4,6,6,6,Engineering
5108,9,3,3,2,6,7,8,9,6,3,9,10,3,10,5,8,5,3,5,8,10,1,9,4,4,7,4,6,7,7,8,7,Finance / Banking
5109,6,1,2,5,6,4,7,5,6,5,6,4,1,9,5,6,5,5,6,10,4,1,5,7,6,9,4,8,6,7,10,7,Law
5110,3,4,6,9,4,2,3,2,4,4,6,7,8,9,5,5,5,8,7,5,6,10,2,5,2,6,5,7,9,6,8,8,Dentist
5111,4,7,5,6,7,3,4,4,5,6,7,5,10,7,8,4,6,9,5,6,7,3,2,6,6,4,10,9,7,5,4,8,Teaching / Professor
5112,1,3,4,4,7,2,1,4,8,6,7,1,3,6,10,6,9,5,7,9,5,1,7,7,6,7,3,7,7,7,8,9,Journalism / Media
5113,4,1,4,3,4,5,5,6,10,5,9,5,5,7,7,8,5,8,6,10,3,4,4,7,7,10,6,7,5,7,6,8,Law
5114,10,10,5,5,10,3,6,4,3,4,9,10,7,7,5,7,10,6,6,6,9,3,3,7,1,5,5,7,10,6,6,6,Engineering
5115,1,1,1,4,3,1,5,5,5,7,6,4,3,7,4,5,8,9,6,6,2,6,1,8,4,5,5,4,3,2,6,7,Psychology
5116,2,1,1,3,6,3,2,7,6,6,9,2,4,7,8,5,9,6,6,6,7,2,5,7,6,6,5,7,3,5,9,9,Journalism / Media
5117,5,4,9,9,8,4,2,5,4,6,7,5,5,6,7,6,3,4,9,3,6,9,5,6,2,2,6,8,7,2,6,7,Pharmacy
5118,8,6,6,3,5,4,4,3,2,3,8,7,7,9,8,5,5,6,6,6,9,3,4,7,7,4,5,8,5,7,7,6,Engineering
5119,6,4,8,6,5,2,4,5,2,8,4,3,9,9,7,7,8,5,7,4,5,8,5,4,4,3,5,9,6,2,6,9,Dentist
5120,4,5,8,8,6,4,2,7,4,5,7,5,9,8,6,7,5,3,10,4,3,7,3,4,1,1,5,10,9,2,7,6,Pharmacy
5121,6,8,8,10,5,2,5,2,4,5,7,5,8,8,8,7,3,8,6,5,5,10,2,6,3,3,5,9,6,2,7,8,MBBS / Doctor
5122,9,3,1,1,5,6,6,9,1,3,10,7,3,9,6,6,4,3,3,4,7,5,8,6,5,3,4,6,5,6,6,6,Finance / Banking
5123,4,2,6,8,3,3,1,3,2,1,5,5,10,9,6,5,6,4,5,2,4,9,1,4,2,1,6,9,7,5,6,5,Pharmacy
5124,5,5,4,6,4,4,5,4,7,7,6,4,8,10,10,8,5,7,7,7,4,4,3,4,3,5,9,7,6,1,8,7,Teaching / Professor
5125,3,3,3,3,5,4,3,8,9,8,9,2,2,7,6,7,5,6,5,8,6,1,5,6,7,8,6,5,5,6,9,9,Law
5126,8,3,3,1,7,10,7,9,4,3,8,9,3,9,6,7,8,4,4,4,9,2,10,3,4,6,2,4,6,6,7,6,Finance / Banking
5127,9,5,2,5,8,3,4,2,2,4,6,8,6,8,6,6,8,4,6,5,5,4,4,5,2,3,3,8,5,5,8,5,Engineering
5128,5,1,3,7,3,4,1,5,5,8,8,3,6,7,8,6,4,9,9,5,5,8,1,5,4,3,7,6,6,2,7,8,Psychology
5129,7,4,9,7,2,1,3,5,3,5,9,1,8,6,8,5,6,7,5,4,2,9,1,4,3,1,6,8,7,5,4,7,Dentist
5130,4,6,5,2,8,7,10,10,7,7,8,6,6,7,8,10,10,6,7,7,9,3,9,6,3,5,8,5,6,9,7,10,Business / Management
5131,3,3,1,4,9,6,5,6,7,9,10,6,5,6,8,5,10,7,5,10,8,3,5,9,5,6,6,4,6,9,10,10,Journalism / Media
5132,5,6,7,8,3,1,5,4,2,4,6,2,10,8,2,4,5,5,8,5,5,8,2,7,5,1,4,6,8,4,6,6,Pharmacy
5133,6,2,3,1,6,8,8,5,5,4,7,6,2,6,6,6,4,6,4,4,8,1,6,3,5,4,4,4,4,7,7,5,Finance / Banking
5134,7,6,4,6,4,1,4,2,5,6,8,3,2,5,7,9,5,10,8,7,5,5,2,8,5,4,9,10,9,4,6,8,Teaching / Professor
5135,5,3,2,3,6,4,4,3,6,9,9,5,1,10,8,7,9,8,7,9,6,1,2,8,4,7,7,7,7,7,9,10,Journalism / Media
5136,5,4,10,7,5,2,3,5,2,6,6,5,6,9,7,5,7,5,5,3,4,9,2,5,4,4,5,9,8,7,4,8,Dentist
5137,6,4,6,7,2,2,1,4,3,4,8,2,8,9,9,7,7,7,5,2,5,7,3,4,2,4,4,10,7,3,8,6,Dentist
5138,3,2,4,4,4,2,6,6,7,6,9,5,4,7,10,6,7,6,5,8,7,1,3,6,8,10,5,7,6,5,6,6,Law
5139,8,8,8,3,9,4,6,5,5,6,9,10,8,7,8,7,8,5,4,3,10,3,6,3,3,6,5,8,8,7,7,5,Engineering
5140,5,3,2,3,3,3,5,6,7,6,8,5,3,7,7,7,4,6,5,10,3,1,3,8,5,6,3,9,10,6,6,8,Law
5141,4,6,10,6,6,3,1,3,3,5,7,4,9,6,5,7,3,7,6,4,5,7,3,2,4,3,6,10,6,2,6,7,Pharmacy
5142,4,2,7,10,6,3,3,3,3,6,5,5,7,5,6,8,5,3,5,7,5,10,2,5,4,2,7,10,8,4,7,9,MBBS / Doctor
5143,6,4,7,10,3,3,3,7,5,1,4,7,10,6,6,4,5,6,8,3,4,7,2,2,4,6,4,7,10,1,5,6,Pharmacy
5144,6,5,7,9,7,3,4,3,1,3,6,7,7,7,6,5,4,8,6,5,5,10,3,2,3,3,7,9,9,2,9,10,MBBS / Doctor
5145,2,3,6,4,5,4,6,2,4,10,7,1,8,6,6,7,6,10,7,6,3,4,3,9,5,5,9,7,8,4,7,8,Psychology
5146,7,1,4,1,5,1,6,7,8,6,8,3,3,8,10,6,7,5,7,9,4,3,2,8,6,10,2,7,5,4,4,8,Law
5147,5,5,6,10,4,4,4,4,2,6,5,5,5,7,6,5,4,4,8,5,2,7,3,2,4,3,4,7,7,3,5,4,Pharmacy
5148,6,5,7,9,5,3,5,3,2,4,8,5,7,7,7,5,5,10,6,3,7,10,4,5,8,4,10,10,10,4,7,8,MBBS / Doctor
5149,7,1,4,1,7,9,9,8,2,2,8,8,4,7,5,6,1,2,3,1,6,1,10,5,6,6,2,7,5,3,9,6,CA / Accounting
5150,4,3,8,10,5,5,5,2,4,8,7,7,9,10,9,7,7,6,6,6,8,8,3,6,6,4,6,9,10,4,6,9,MBBS / Doctor
5151,6,2,1,8,1,1,1,6,5,7,8,5,4,10,5,6,9,10,8,5,4,5,4,9,6,4,7,10,5,4,7,10,Psychology
5152,3,3,3,3,7,2,4,4,8,7,7,4,2,7,9,5,8,9,7,7,7,4,5,10,4,6,8,6,6,8,10,10,Journalism / Media
5153,3,5,2,3,3,3,4,4,7,5,8,4,4,6,8,9,8,6,7,10,3,2,4,7,5,8,6,7,7,4,8,6,Law
5154,7,5,8,9,3,3,3,6,2,8,7,6,7,8,7,10,5,10,9,8,5,10,6,6,4,3,8,9,9,3,8,10,MBBS / Doctor
5155,4,4,6,7,4,2,1,5,3,4,8,6,6,8,4,2,5,4,8,3,7,7,4,2,4,3,4,10,5,3,7,6,Pharmacy
5156,7,6,6,8,4,4,2,1,4,6,6,7,7,10,5,6,4,7,7,4,4,8,7,5,4,4,4,10,9,1,10,8,MBBS / Doctor
5157,4,4,4,3,5,5,7,10,4,7,9,6,5,9,9,9,8,7,4,8,8,5,10,4,5,3,8,7,8,9,9,8,Business / Management
5158,5,4,3,5,5,3,4,1,5,9,5,5,7,8,8,6,6,8,8,3,4,7,4,10,5,1,10,7,5,5,9,10,Psychology
5159,6,6,2,5,4,4,9,3,10,5,10,7,8,6,6,6,7,10,5,7,5,2,4,10,10,10,5,10,9,4,9,9,Civil Services
5160,4,4,7,8,5,3,1,7,5,5,6,6,9,9,8,7,8,8,7,4,5,8,1,4,3,1,5,6,8,3,3,9,Dentist
5161,3,3,1,3,9,2,2,7,7,6,5,4,4,7,10,6,9,8,7,9,5,5,7,10,7,6,6,5,9,8,8,10,Journalism / Media
5162,8,10,5,8,10,2,6,6,4,6,10,9,8,7,6,7,5,6,7,4,9,4,7,5,6,4,3,8,7,6,6,7,Engineering
5163,9,3,4,2,7,6,6,8,5,5,7,5,5,9,4,5,3,5,7,4,6,2,6,5,5,4,3,6,6,6,5,7,Finance / Banking
5164,5,1,2,3,6,1,6,9,7,7,6,3,6,7,8,3,10,6,3,8,5,3,2,7,4,8,6,4,8,7,8,10,Journalism / Media
5165,5,3,2,2,7,9,9,6,4,5,9,9,3,9,8,7,9,6,7,5,7,1,8,3,2,4,4,8,5,8,7,7,Finance / Banking
5166,10,8,6,7,10,5,8,3,7,7,10,10,9,10,8,7,10,4,7,9,9,5,4,6,4,5,8,7,10,9,10,8,Engineering
5167,2,3,3,1,2,5,6,5,8,5,10,4,1,7,7,7,9,4,5,9,3,4,6,9,8,10,4,10,5,6,7,10,Law
5168,5,1,5,2,5,3,7,8,7,6,6,3,1,6,6,9,7,6,3,7,5,3,8,4,4,2,2,6,9,7,10,6,Business / Management
5169,9,7,4,3,8,2,2,6,5,2,7,7,5,5,4,5,4,5,8,6,8,1,4,4,4,6,3,2,5,7,7,4,Engineering
5170,6,2,7,8,2,1,5,3,1,5,4,7,8,6,5,6,4,2,6,5,3,8,3,3,4,2,7,9,7,6,7,6,Pharmacy
5171,6,6,3,4,3,5,4,5,6,6,7,2,2,10,10,9,4,7,7,10,5,3,5,10,6,10,9,8,8,9,8,10,Law
5172,6,4,2,1,5,6,7,9,4,6,5,7,5,7,8,6,8,5,6,6,8,2,4,4,4,5,5,5,7,6,5,8,Business / Management
5173,7,1,2,1,5,10,9,9,2,3,7,10,3,7,5,6,3,5,5,5,5,2,10,2,6,4,5,9,7,4,4,3,CA / Accounting
5174,1,4,3,4,7,2,6,5,6,6,7,4,2,7,10,5,7,6,6,8,6,3,5,7,4,8,1,6,7,8,9,8,Journalism / Media
5175,5,1,1,2,2,10,5,6,4,3,4,6,1,5,3,4,5,5,1,1,4,1,6,2,3,3,5,8,6,5,6,4,CA / Accounting
5176,6,8,5,5,9,2,6,4,4,4,10,8,9,10,5,2,9,5,6,4,8,6,4,7,5,4,5,8,8,8,7,7,Engineering
5177,8,6,10,8,5,3,3,3,4,3,8,5,9,6,3,7,7,5,10,6,6,6,1,4,5,5,5,9,9,1,6,6,Pharmacy
5178,3,5,2,2,7,6,9,10,3,6,8,6,5,6,7,10,10,8,6,7,7,1,6,4,5,7,6,8,8,7,9,8,Business / Management
5179,8,5,3,1,4,8,9,9,3,4,9,6,1,9,7,8,8,4,4,3,8,1,8,4,3,4,4,5,4,7,7,7,Finance / Banking
5180,5,4,1,7,5,3,6,6,9,4,8,4,4,8,8,7,8,2,6,7,2,1,3,7,4,9,6,7,6,5,8,9,Law
5181,10,7,4,3,8,1,6,2,4,3,8,9,10,7,6,5,6,4,8,5,10,4,3,4,3,5,3,5,6,8,9,8,Engineering
5182,6,1,1,3,7,8,6,7,3,1,8,8,6,10,6,6,4,3,2,3,6,3,9,2,2,4,3,4,5,8,6,7,Finance / Banking
5183,4,3,6,8,4,3,3,4,3,2,6,6,10,6,6,4,6,6,5,4,5,8,1,3,3,2,5,7,7,4,5,3,Pharmacy
5184,5,7,1,3,7,7,6,5,1,3,8,8,3,5,8,5,4,4,2,4,6,1,10,1,3,2,3,7,6,5,3,7,Finance / Banking
5185,1,2,1,1,4,2,3,5,7,4,5,3,1,8,8,8,3,8,4,8,4,1,5,7,8,9,4,6,6,2,6,8,Law
5186,5,2,5,2,4,5,4,8,9,4,10,3,1,8,7,6,6,4,3,9,5,3,5,6,6,8,4,4,8,4,8,6,Law
5187,10,4,5,1,5,6,9,8,4,4,8,6,3,7,6,5,3,2,5,2,8,2,10,2,6,7,4,7,7,8,8,4,Finance / Banking
5188,3,5,8,9,2,5,4,3,2,6,8,6,8,8,8,6,6,7,4,4,5,8,2,4,1,3,4,10,10,5,10,9,Dentist
5189,4,3,6,6,8,1,4,3,4,6,7,7,8,5,9,6,5,9,9,8,6,3,3,6,4,6,8,10,8,4,8,7,Teaching / Professor
5190,5,5,2,4,6,7,9,10,7,6,6,5,6,9,9,9,10,4,4,6,7,5,7,6,6,5,6,7,6,8,10,10,Business / Management
5191,2,4,4,4,5,2,8,4,9,6,8,5,2,8,7,7,9,7,5,8,5,2,4,10,4,10,3,9,6,7,10,9,Law
5192,1,1,2,7,3,2,1,2,6,8,4,3,6,7,9,5,8,7,6,6,1,5,1,7,4,1,9,6,5,1,6,9,Psychology
5193,5,6,9,10,3,3,5,2,2,6,7,5,8,10,7,8,6,6,9,7,6,10,3,6,2,5,7,9,7,4,8,7,MBBS / Doctor
5194,5,6,4,3,7,5,7,5,10,3,9,5,3,9,10,7,7,7,5,7,6,3,5,8,10,6,7,6,9,4,6,9,Civil Services
5195,4,2,6,8,6,3,1,6,3,1,6,3,5,9,5,4,8,6,3,3,5,9,2,3,2,3,2,9,8,1,7,9,Dentist
5196,5,3,4,4,4,2,3,7,7,5,8,6,4,7,8,6,4,4,8,8,4,5,3,4,4,6,6,10,8,4,7,8,Teaching / Professor
5197,7,2,4,5,7,8,5,7,5,6,9,10,3,7,7,8,7,2,5,6,9,3,9,1,7,5,3,6,8,7,5,5,Finance / Banking
5198,2,1,4,5,4,3,4,4,5,8,6,5,5,6,10,6,7,10,8,8,5,8,2,8,5,8,9,9,6,2,9,10,Psychology
5199,5,3,2,4,5,4,7,7,10,4,6,7,3,7,7,7,5,4,6,8,4,1,3,8,5,10,5,6,4,3,5,8,Law
5200,4,1,3,6,2,2,6,4,4,10,6,4,3,8,8,6,6,10,8,5,3,6,1,7,4,4,6,8,6,3,7,8,Psychology
5201,3,2,2,6,1,3,3,4,8,7,5,4,8,5,8,5,7,7,7,7,3,7,5,9,6,5,7,5,5,4,5,8,Psychology
5202,10,7,5,4,9,1,6,3,6,6,10,9,7,8,7,6,9,4,10,7,9,7,3,5,3,7,3,5,7,9,9,7,Engineering
5203,6,2,8,6,5,3,4,5,4,2,10,2,10,10,4,6,8,10,6,5,5,8,3,4,4,2,3,8,7,5,8,8,Dentist
5204,7,8,6,3,9,3,5,4,6,3,8,6,8,7,5,5,7,3,3,5,5,5,6,4,6,4,7,6,3,6,9,7,Engineering
5205,3,6,1,8,4,4,2,4,8,10,8,4,5,8,7,4,8,9,9,7,2,5,2,6,3,3,7,8,3,4,8,10,Psychology
5206,3,3,2,3,4,1,4,5,7,8,8,2,5,4,10,8,9,8,7,6,7,3,7,8,4,8,4,6,7,8,6,9,Journalism / Media
5207,2,1,1,4,6,2,4,4,8,6,7,6,5,4,10,6,8,9,8,9,7,2,2,9,3,6,3,7,4,7,7,10,Journalism / Media
5208,5,1,3,1,4,2,4,6,10,7,10,4,4,5,9,4,10,5,6,8,7,1,2,9,4,8,6,3,10,6,9,8,Journalism / Media
5209,8,9,4,5,8,4,4,7,4,7,7,9,7,8,7,6,3,1,8,7,10,4,2,4,4,3,7,10,8,7,5,8,Engineering
5210,4,2,2,3,3,1,6,4,10,6,5,4,7,6,6,7,4,8,5,7,3,6,2,7,10,6,5,6,8,5,8,7,Civil Services
5211,9,8,6,5,9,1,5,2,5,6,6,7,6,8,7,5,8,6,8,3,10,6,6,4,3,3,3,7,8,8,6,6,Engineering
5212,9,1,1,1,8,8,8,7,3,7,10,10,5,7,7,3,4,2,6,4,8,3,10,3,1,7,3,6,9,6,5,10,Finance / Banking
5213,6,5,4,1,2,10,10,9,2,4,6,10,1,6,5,4,5,2,8,4,5,1,8,3,3,4,3,9,9,3,6,3,CA / Accounting
5214,7,7,5,6,8,3,6,3,4,5,6,8,7,9,6,6,9,3,6,6,9,4,8,5,5,3,3,6,8,7,8,6,Engineering
5215,2,5,8,7,5,1,3,5,3,4,8,4,7,6,7,7,7,9,2,6,5,7,5,6,2,2,2,9,10,3,4,10,Dentist
5216,8,1,4,6,5,4,7,9,5,5,5,7,3,5,5,8,10,4,6,8,7,1,5,4,6,4,3,6,5,8,7,10,Business / Management
5217,5,2,4,1,7,1,8,5,9,5,10,5,2,4,9,10,6,7,5,8,6,3,3,6,7,7,5,9,7,5,10,10,Civil Services
5218,5,3,4,8,4,1,2,2,3,7,7,5,6,8,6,4,7,6,6,5,4,10,1,4,3,4,6,8,6,4,7,10,MBBS / Doctor
5219,5,1,4,1,3,2,4,4,5,5,7,4,4,6,8,6,9,7,6,8,2,1,6,6,5,6,5,7,5,3,10,7,Law
5220,2,5,1,3,5,6,7,10,4,4,7,7,5,8,8,8,8,9,4,6,6,3,4,4,5,4,5,9,8,4,6,8,Business / Management
5221,8,8,5,6,9,3,4,4,4,6,7,8,8,9,4,5,5,5,5,4,7,3,3,6,5,4,5,4,6,6,8,7,Engineering
5222,6,3,6,10,4,5,3,4,5,7,7,4,6,6,10,9,6,6,6,4,5,8,3,5,7,3,7,10,10,3,9,8,MBBS / Doctor
5223,7,5,4,3,7,6,9,6,2,6,7,8,3,5,6,7,5,4,5,6,4,1,9,6,5,2,6,6,4,4,9,7,Finance / Banking
5224,8,5,6,6,8,5,6,5,7,5,7,9,7,6,7,6,5,8,6,6,6,1,3,8,5,6,10,6,3,4,9,9,Teaching / Professor
5225,3,4,5,4,6,6,3,8,7,5,8,6,3,7,9,7,7,10,3,8,7,3,4,9,6,7,9,4,8,4,9,10,Journalism / Media
5226,7,5,3,3,7,7,7,10,4,3,10,8,5,10,7,8,7,7,6,4,5,1,9,6,6,3,6,6,6,5,8,6,Finance / Banking
5227,2,4,1,1,5,4,4,7,4,4,6,7,7,7,5,8,8,5,5,10,4,2,9,4,5,5,6,8,7,5,7,10,Business / Management
5228,9,9,7,4,10,2,3,4,3,4,7,7,8,10,4,4,6,6,6,4,10,5,4,4,5,4,5,6,9,7,9,8,Engineering
5229,2,2,1,2,7,1,4,5,5,4,6,1,4,8,10,5,9,8,5,9,8,3,4,9,4,8,3,9,3,7,10,5,Journalism / Media
5230,5,7,5,5,6,1,7,4,2,3,9,7,7,7,3,8,8,4,6,7,9,5,3,4,4,3,5,6,7,4,8,6,Engineering
5231,6,4,8,8,3,1,1,6,2,6,9,6,6,6,8,6,9,5,6,7,4,10,3,3,1,3,5,9,8,4,8,5,Dentist
5232,10,10,3,7,10,1,5,7,5,3,10,5,7,10,7,6,9,7,9,7,10,5,5,5,4,3,4,7,8,9,8,8,Engineering
5233,6,5,6,6,5,1,4,5,8,4,7,7,7,8,9,6,8,9,8,10,8,5,5,8,5,4,10,9,9,5,6,10,Teaching / Professor
5234,6,3,10,9,6,3,3,3,5,5,4,7,8,7,8,4,2,6,7,3,4,5,4,6,4,1,4,10,7,3,5,5,Pharmacy
5235,9,3,1,2,6,7,6,7,5,6,7,10,2,8,8,7,7,3,5,4,8,1,9,3,4,3,2,6,5,6,8,4,Finance / Banking
5236,3,5,6,7,3,1,4,3,4,6,7,6,7,9,8,6,5,8,7,4,7,10,3,7,5,4,6,9,7,6,7,10,MBBS / Doctor
5237,10,7,4,6,10,3,5,4,4,7,9,9,9,7,7,6,4,2,5,6,9,4,7,3,4,4,4,7,5,9,6,9,Engineering
5238,9,3,3,5,6,7,10,6,2,3,10,10,5,7,8,9,6,3,6,5,8,1,8,4,3,4,3,9,8,8,7,4,Finance / Banking
5239,6,3,5,7,5,4,4,5,6,4,7,5,7,6,10,7,7,8,9,9,7,2,2,6,4,3,10,7,8,6,7,5,Teaching / Professor
5240,2,1,7,2,5,2,2,3,5,8,6,4,5,9,8,5,5,10,7,7,2,4,1,7,5,5,8,8,6,4,8,5,Psychology
5241,7,2,1,5,5,7,10,6,3,5,9,8,5,8,7,5,5,6,7,4,6,3,10,5,3,4,5,6,10,9,7,6,Finance / Banking
5242,1,3,4,1,1,3,6,1,8,4,6,2,3,6,7,9,8,7,4,7,4,3,2,6,5,8,3,7,4,4,4,8,Law
5243,5,1,3,5,5,10,7,6,4,2,8,8,2,6,2,7,4,3,7,4,4,1,8,4,2,6,3,8,7,2,5,6,CA / Accounting
5244,7,9,7,4,7,2,6,6,5,4,9,8,8,10,7,7,8,6,8,3,9,3,3,4,7,3,7,5,7,7,8,7,Engineering
5245,5,3,9,8,5,1,4,6,1,7,10,2,7,10,5,3,6,5,8,6,3,9,2,6,4,4,5,10,5,5,9,8,Pharmacy
5246,6,5,3,4,5,5,9,10,3,5,5,9,6,5,8,9,7,8,6,8,6,2,7,5,4,6,3,5,8,10,10,9,Business / Management
5247,4,2,3,5,6,3,5,3,10,4,8,5,4,8,8,5,10,8,8,10,4,1,5,5,6,8,4,5,7,7,8,8,Journalism / Media
5248,5,4,2,1,5,5,7,9,2,3,6,6,1,8,6,4,2,2,4,2,5,1,10,3,3,3,3,9,8,2,5,2,CA / Accounting
5249,2,2,2,4,4,3,1,1,4,10,8,4,6,6,9,6,6,9,5,5,1,4,1,7,4,2,6,7,7,1,9,10,Psychology
5250,10,7,6,3,8,4,6,6,5,3,9,9,9,8,8,5,7,5,5,5,10,1,4,3,8,5,6,8,8,8,5,8,Engineering
5251,5,4,3,3,3,3,5,1,5,6,7,4,4,6,6,8,4,6,4,6,7,3,6,7,6,6,3,7,7,5,10,7,Civil Services
5252,10,3,1,1,4,9,7,8,1,2,5,9,4,2,6,5,6,6,2,3,7,3,9,5,5,6,6,8,8,4,7,5,CA / Accounting
5253,9,4,3,2,2,10,9,8,5,3,8,9,1,7,7,8,6,3,6,5,4,3,10,5,3,4,8,8,8,1,9,7,CA / Accounting
5254,4,7,10,6,6,5,4,5,5,7,7,7,10,8,8,5,7,10,8,7,7,10,3,7,4,3,8,10,9,6,9,6,MBBS / Doctor
5255,4,6,8,8,5,4,3,4,4,5,6,2,5,9,8,4,7,6,3,5,4,8,6,3,1,3,6,9,6,4,7,8,Dentist
5256,5,6,9,8,4,2,4,4,6,5,10,5,8,7,6,6,7,9,7,3,6,9,4,2,4,1,4,7,9,6,4,9,Dentist
5257,8,7,8,4,7,2,3,5,3,6,6,8,9,5,9,5,7,6,7,5,10,4,6,5,7,5,2,10,6,8,7,7,Engineering
5258,5,4,4,2,7,8,9,10,5,5,8,6,2,9,8,7,7,6,5,7,9,1,7,4,6,4,5,8,10,10,6,9,Business / Management
5259,5,5,4,5,8,4,3,6,5,5,7,6,7,5,9,5,7,5,8,6,6,3,4,6,5,4,9,6,7,6,7,9,Teaching / Professor
5260,3,3,4,5,4,4,3,5,10,5,9,4,4,7,5,8,6,5,5,6,5,3,3,6,10,7,7,7,8,3,6,9,Civil Services
5261,8,3,1,1,6,5,8,7,1,4,6,9,8,7,8,7,4,5,3,4,6,3,8,2,2,5,3,4,8,4,6,6,Finance / Banking
5262,6,3,6,8,3,3,1,3,2,4,9,5,6,7,8,5,6,9,5,4,3,10,3,5,3,4,3,7,8,4,5,8,Dentist
5263,7,6,9,10,6,4,4,3,4,3,9,5,7,8,10,7,6,10,8,5,3,10,2,6,4,4,8,7,8,5,8,9,MBBS / Doctor
5264,7,5,6,6,9,3,4,7,3,4,9,5,9,10,8,7,7,4,7,4,10,5,6,5,6,4,5,8,7,7,6,5,Engineering
5265,5,5,9,7,3,2,3,2,3,4,7,5,8,6,2,3,5,7,7,5,5,7,3,3,5,2,4,6,7,1,4,3,Pharmacy
5266,7,4,7,5,7,6,6,8,5,8,8,5,9,8,10,8,10,10,10,8,5,4,4,6,5,8,10,7,10,2,10,9,Teaching / Professor
5267,6,3,2,3,6,4,7,4,8,5,8,6,4,7,10,8,6,8,5,6,3,4,7,5,8,7,7,7,6,6,6,5,Civil Services
5268,3,2,1,1,5,1,5,4,9,8,8,6,3,8,10,5,8,7,5,9,6,2,4,6,7,5,6,6,7,8,9,10,Journalism / Media
5269,7,2,1,2,6,6,6,5,3,2,6,7,6,10,8,7,2,8,5,2,10,1,10,3,4,5,5,8,7,6,7,5,Finance / Banking
5270,6,10,5,4,10,6,5,4,5,4,8,9,8,10,7,8,6,6,6,6,10,4,8,7,6,6,8,5,10,6,7,7,Engineering
5271,4,1,1,3,4,4,4,4,6,6,10,1,3,7,7,8,7,7,6,8,5,6,4,7,4,6,6,7,7,5,8,7,Law
5272,6,2,1,1,5,4,6,5,10,6,8,3,1,10,6,6,7,9,5,8,5,3,7,9,10,10,6,6,8,5,7,9,Law
5273,5,4,2,2,3,4,3,4,10,9,8,2,6,9,7,9,9,5,9,8,3,3,3,10,9,9,5,8,6,1,8,7,Civil Services
5274,5,4,1,2,3,3,3,7,5,5,7,4,2,8,6,6,9,6,8,8,3,1,5,9,7,10,7,8,8,6,8,6,Law
5275,4,4,4,6,5,1,4,5,6,9,5,4,7,6,8,5,4,10,8,5,4,5,4,8,4,6,4,6,6,3,6,8,Psychology
5276,9,7,7,6,9,3,6,3,4,5,6,9,6,8,6,5,7,5,5,6,8,7,4,3,3,6,5,5,8,6,8,7,Engineering
5277,10,10,6,2,9,6,6,6,3,3,8,5,10,9,7,5,5,7,5,5,9,4,3,4,3,5,6,7,6,10,5,4,Engineering
5278,6,2,3,6,6,6,3,3,5,7,6,5,3,7,7,8,8,9,5,8,6,3,5,7,4,6,4,6,5,6,9,10,Journalism / Media
5279,2,4,5,4,7,2,7,6,6,3,8,2,4,8,8,9,8,6,6,8,5,2,5,7,5,4,4,3,8,7,8,9,Journalism / Media
5280,1,5,1,2,6,3,7,6,9,6,6,4,6,8,8,8,7,8,4,9,6,1,5,9,7,9,4,7,8,4,8,7,Civil Services
5281,2,2,1,1,4,1,4,5,7,6,5,3,3,10,10,8,10,7,8,10,5,2,1,10,4,8,6,5,7,6,10,10,Journalism / Media
5282,8,9,6,1,9,2,6,5,5,4,7,7,4,7,4,4,7,6,6,4,7,3,3,4,2,5,4,7,8,7,8,3,Engineering
5283,4,6,7,7,9,2,4,6,5,7,9,6,9,9,7,8,7,5,8,4,6,7,2,5,5,3,3,8,8,6,8,7,MBBS / Doctor
5284,8,4,1,1,5,8,10,8,3,2,10,9,1,9,7,3,6,5,3,7,8,1,8,4,4,5,4,6,7,6,7,8,Finance / Banking
5285,5,4,4,3,4,4,3,6,8,5,6,5,2,8,8,6,8,6,7,7,4,1,4,8,6,10,6,5,8,4,8,5,Law
5286,5,4,5,6,8,4,3,2,5,6,9,7,9,7,8,7,5,8,7,6,8,3,2,4,5,8,10,10,6,5,7,7,Teaching / Professor
5287,9,4,3,3,3,5,10,7,5,4,6,7,3,7,7,7,6,5,7,6,6,1,9,5,4,5,3,9,9,6,6,7,Finance / Banking
5288,7,6,4,8,7,5,7,4,10,10,6,6,7,7,9,10,7,10,10,9,8,6,5,8,5,6,8,10,6,2,9,8,Teaching / Professor
5289,7,6,3,5,8,4,5,5,1,3,9,6,8,6,6,8,8,2,8,7,10,4,2,5,6,4,6,6,7,3,6,6,Engineering
5290,5,1,1,3,5,7,6,7,5,4,6,8,4,7,3,4,1,4,6,6,5,1,9,4,6,5,1,9,4,4,8,3,CA / Accounting
5291,5,4,6,9,7,5,3,7,5,5,9,5,9,9,5,5,3,5,9,4,6,5,4,3,5,1,6,6,7,4,7,5,Pharmacy
5292,3,1,4,4,7,2,6,5,7,6,7,6,5,9,8,8,6,4,6,8,8,4,5,9,7,10,5,7,8,7,5,9,Law
5293,3,4,4,1,5,3,8,9,4,5,7,6,4,7,8,8,10,5,5,8,9,2,9,5,7,5,3,6,9,8,8,9,Business / Management
5294,2,1,2,1,5,4,5,5,7,4,5,4,5,6,9,7,10,3,9,9,4,2,2,9,5,10,4,5,7,6,9,7,Journalism / Media
5295,3,4,10,7,3,3,5,2,4,5,5,3,9,6,5,6,5,5,10,4,4,9,4,4,4,4,4,9,9,4,10,5,Pharmacy
5296,4,3,2,4,8,2,4,5,6,5,10,5,4,9,8,5,6,6,7,9,1,1,6,6,7,5,8,8,9,6,9,10,Law
5297,3,6,6,4,6,7,8,9,6,5,6,7,5,9,10,7,8,9,4,6,4,3,8,6,3,5,6,6,6,8,8,6,Business / Management
5298,7,7,7,5,6,5,5,3,1,6,7,6,8,10,5,8,10,7,9,6,8,4,5,3,3,2,6,7,6,8,6,5,Engineering
5299,9,9,6,5,9,4,5,4,5,2,10,10,8,10,8,5,9,5,10,5,10,4,8,4,6,5,6,8,7,3,9,6,Engineering
5300,4,6,4,5,6,6,3,4,6,3,4,2,2,5,9,5,6,6,8,8,5,5,2,6,3,3,9,8,5,3,7,7,Teaching / Professor
5301,5,3,5,1,7,4,8,9,8,7,8,6,5,8,10,7,6,7,7,10,4,3,3,8,7,8,3,9,9,5,7,6,Law
5302,3,2,8,8,4,3,2,5,2,5,7,5,7,9,6,5,7,8,2,4,6,7,4,4,2,6,4,9,8,3,7,10,Dentist
5303,4,4,4,5,6,3,4,4,5,9,10,7,7,8,10,9,4,9,7,5,5,8,4,7,6,2,7,7,5,6,8,9,Psychology
5304,4,3,6,10,5,1,4,2,2,4,7,4,9,10,7,10,6,8,5,5,5,10,2,6,5,5,8,10,9,6,9,9,MBBS / Doctor
5305,3,4,6,3,7,3,8,6,7,8,8,5,4,8,6,7,6,5,8,8,4,2,5,8,6,10,3,8,6,7,7,6,Law
5306,4,1,4,5,6,2,5,4,8,6,7,6,5,9,9,10,10,9,7,6,6,1,6,8,7,9,4,7,4,7,10,10,Journalism / Media
5307,7,3,2,4,6,8,10,5,4,4,8,8,3,8,7,7,4,3,3,5,9,1,8,7,6,6,5,8,7,5,5,7,Finance / Banking
5308,9,4,2,3,6,7,5,8,5,8,8,9,5,8,10,7,6,8,5,9,6,5,9,5,5,6,4,6,8,8,7,9,Business / Management
5309,7,5,5,5,6,2,9,7,3,4,10,7,3,7,8,10,8,5,5,6,9,3,6,6,5,4,6,7,9,9,8,6,Business / Management
5310,2,1,5,2,6,3,7,4,6,5,7,6,3,9,9,9,5,6,7,10,6,2,6,9,8,5,4,8,8,4,8,8,Civil Services
5311,7,4,1,1,5,6,8,6,4,3,5,7,1,10,6,7,5,7,3,3,8,1,8,3,7,7,4,7,8,7,7,6,Finance / Banking
5312,10,3,2,3,6,7,8,5,5,6,6,9,3,7,7,8,6,3,5,5,6,1,9,5,3,5,2,7,5,7,9,7,Finance / Banking
5313,6,4,5,6,6,1,4,4,5,7,10,6,7,8,10,10,7,8,8,9,4,4,2,7,9,5,10,10,5,5,8,6,Teaching / Professor
5314,6,4,4,6,6,1,4,4,5,4,7,4,6,6,9,3,7,9,9,7,6,2,1,6,4,2,10,9,7,4,9,8,Teaching / Professor
5315,5,6,4,6,9,5,6,9,5,8,6,8,7,10,9,9,10,6,6,7,5,3,8,5,4,7,7,6,8,7,9,10,Business / Management
5316,4,1,4,2,6,1,7,5,7,8,9,4,1,6,8,6,5,6,7,10,3,1,6,6,5,9,7,5,7,4,9,8,Law
5317,6,4,3,8,5,6,4,4,6,9,6,7,6,9,5,6,8,10,5,7,2,5,3,8,3,5,8,10,7,3,10,10,Psychology
5318,1,2,4,5,4,1,5,5,6,6,7,5,5,6,9,5,10,7,9,9,5,2,3,9,7,8,6,5,6,4,9,9,Journalism / Media
5319,5,5,1,1,2,1,5,3,7,5,8,6,3,4,7,5,9,8,6,7,5,3,4,4,5,8,4,5,8,5,6,6,Law
5320,1,4,4,3,7,4,7,6,9,8,10,5,4,9,8,6,8,9,6,8,6,2,5,8,7,10,6,8,7,6,7,8,Law
5321,7,7,7,8,3,1,5,6,1,6,6,6,8,7,9,5,9,6,5,2,3,8,1,6,3,2,5,8,8,6,8,8,Dentist
5322,3,6,1,1,6,4,3,8,7,7,5,3,5,10,9,8,5,5,5,8,3,4,4,10,5,9,6,7,5,6,9,9,Law
5323,6,3,2,2,4,5,7,7,6,5,4,8,4,9,9,7,7,7,7,7,6,5,6,5,3,5,3,5,6,9,8,9,Business / Management
5324,5,4,5,1,1,4,8,5,7,3,7,7,4,10,5,9,5,9,7,7,6,4,4,8,8,6,5,7,8,6,6,8,Civil Services
5325,2,8,4,6,4,5,5,6,8,4,7,5,5,8,9,7,7,8,7,10,6,2,4,6,5,5,10,10,9,4,8,10,Teaching / Professor
5326,4,5,6,9,1,1,4,5,3,7,7,5,8,10,8,5,8,7,7,3,5,7,1,4,4,2,4,10,10,4,8,8,Dentist
5327,4,6,2,2,3,5,3,3,8,8,10,3,1,10,8,9,8,5,6,10,5,1,5,7,8,10,4,8,5,5,10,9,Law
5328,6,6,7,8,3,3,5,5,3,5,4,6,7,9,4,6,7,7,6,5,7,8,1,3,4,1,5,7,9,7,7,5,Dentist
5329,4,4,7,7,4,2,5,5,5,7,6,6,7,5,8,6,8,6,9,8,7,2,4,6,5,6,10,5,9,3,7,8,Teaching / Professor
5330,6,6,5,3,4,3,6,3,5,6,5,5,7,6,8,6,8,5,7,10,7,5,5,5,7,2,9,10,7,4,6,4,Teaching / Professor
5331,2,1,1,6,2,1,2,1,4,5,6,3,5,5,8,4,7,8,6,4,1,4,2,6,2,3,5,6,7,4,5,8,Psychology
5332,5,3,3,6,5,2,6,4,4,4,8,3,4,9,10,9,8,8,8,8,7,2,3,4,5,6,10,7,8,3,7,9,Teaching / Professor
5333,5,6,5,3,6,2,8,3,10,7,9,5,4,7,9,7,7,7,7,7,4,1,4,7,9,8,6,10,7,4,8,10,Civil Services
5334,7,5,4,6,5,6,8,7,7,7,8,6,5,10,9,9,8,7,4,8,7,2,10,9,5,7,7,7,9,8,10,10,Business / Management
5335,3,2,2,2,4,4,6,6,9,10,7,6,2,6,9,10,3,8,8,10,4,4,6,7,10,7,5,9,8,7,9,10,Civil Services
5336,10,4,2,3,6,9,8,5,1,4,8,10,3,9,6,4,5,5,4,4,8,2,10,5,7,8,4,10,10,7,7,3,CA / Accounting
5337,6,4,4,4,6,3,7,6,6,6,8,2,3,7,9,7,10,6,3,7,6,1,9,6,5,7,6,4,8,6,8,8,Business / Management
5338,1,3,7,3,4,1,7,3,7,7,7,3,4,6,10,6,10,8,6,7,5,2,4,10,8,7,5,2,7,4,7,10,Journalism / Media
5339,4,2,6,1,3,6,4,3,10,4,5,5,3,9,8,6,6,7,6,10,4,2,4,8,10,7,5,8,8,4,5,6,Civil Services
5340,8,8,8,4,7,4,6,5,6,4,9,9,8,10,7,6,8,7,8,6,7,1,6,5,4,5,8,9,9,5,6,3,Engineering
5341,2,1,1,5,7,1,6,5,7,9,6,5,7,7,9,6,9,6,6,9,7,3,4,9,6,7,3,9,9,8,9,10,Journalism / Media
5342,4,5,3,9,4,4,3,5,4,8,7,4,7,7,10,7,6,9,8,6,5,7,1,6,6,3,8,7,6,2,9,9,Psychology
5343,5,4,9,10,5,3,3,4,3,2,4,5,7,8,7,6,5,10,7,8,6,7,1,5,5,3,5,8,8,5,7,8,MBBS / Doctor
5344,4,3,3,3,3,4,6,3,6,7,8,6,8,8,7,7,10,7,9,10,5,2,3,5,5,3,8,8,6,6,7,8,Teaching / Professor
5345,5,3,4,2,4,4,5,5,9,6,6,5,4,8,9,9,4,7,3,7,2,5,4,8,6,9,5,9,8,5,5,10,Law
5346,7,5,10,10,6,3,5,4,3,4,7,5,7,10,5,5,7,4,9,2,5,10,4,3,1,1,7,4,6,2,4,4,Pharmacy
5347,6,1,4,1,3,6,7,5,6,1,6,10,4,4,5,6,2,4,2,1,7,2,10,3,6,4,6,10,6,1,6,6,CA / Accounting
5348,6,1,2,2,5,7,6,7,3,1,9,8,3,6,6,7,6,5,3,4,3,2,10,1,2,4,3,9,8,1,4,5,CA / Accounting
5349,2,5,2,1,6,5,5,5,7,8,8,3,2,9,10,8,6,7,4,8,3,6,4,9,8,10,4,10,6,5,10,9,Law
5350,4,2,1,4,8,2,2,4,7,7,7,3,2,4,10,5,9,6,6,9,5,1,4,8,2,6,3,6,6,7,10,9,Journalism / Media
5351,4,1,3,3,4,3,6,9,5,2,5,8,4,8,6,9,8,5,3,6,10,3,8,5,4,4,7,7,6,8,10,5,Business / Management
5352,8,10,5,4,8,3,5,5,5,7,8,8,5,8,7,7,7,6,7,7,9,3,4,1,4,1,2,7,7,5,6,8,Engineering
5353,5,4,6,5,6,3,2,4,4,7,7,3,7,7,7,7,7,6,4,6,3,8,3,5,2,5,5,6,8,4,6,9,Dentist
5354,8,1,2,1,7,10,6,6,3,1,10,8,7,7,7,5,4,3,1,6,5,4,10,2,3,4,1,8,9,3,7,5,CA / Accounting
5355,7,1,1,3,2,9,6,5,1,5,8,8,5,4,4,7,3,3,3,2,6,1,10,1,6,5,2,8,8,4,3,5,CA / Accounting
5356,2,3,2,6,4,3,2,2,8,10,5,5,4,7,10,5,9,7,9,7,4,5,1,7,8,4,6,7,6,3,7,9,Psychology
5357,1,1,1,6,5,1,4,4,5,10,6,2,3,7,5,6,6,7,7,5,3,5,2,6,1,1,5,6,7,2,6,6,Psychology
5358,5,4,6,4,6,6,10,9,5,9,9,8,4,8,6,10,9,4,7,7,7,1,8,6,4,5,9,5,7,10,8,7,Business / Management
5359,7,1,3,2,5,3,7,6,10,6,8,6,1,8,9,10,8,4,6,7,6,4,3,10,5,8,4,7,8,8,6,7,Law
5360,1,1,4,6,2,1,3,2,5,10,5,3,6,3,8,4,9,7,6,5,3,7,3,5,4,5,5,6,6,1,7,9,Psychology
5361,7,7,6,4,7,2,7,4,5,5,8,7,8,9,6,4,7,4,5,8,6,4,2,4,7,2,3,6,5,7,6,6,Engineering
5362,5,5,4,5,6,8,7,10,7,7,6,8,6,6,7,10,8,6,7,6,7,3,9,3,4,3,5,8,9,8,10,9,Business / Management
5363,6,1,2,5,6,2,5,4,8,7,7,3,2,7,10,7,10,9,7,7,5,3,5,7,5,7,6,5,6,8,10,10,Journalism / Media
5364,8,5,3,1,4,8,6,5,2,4,9,6,5,8,5,6,4,4,4,5,7,2,9,5,4,2,4,5,9,8,9,6,Finance / Banking
5365,4,4,3,4,5,1,6,6,6,7,7,5,4,7,9,7,8,8,6,10,3,3,6,9,10,8,5,10,6,9,8,9,Civil Services
5366,5,4,5,7,4,3,2,5,1,4,5,7,8,8,8,6,4,7,6,6,3,8,4,3,2,3,6,7,9,2,4,6,Dentist
5367,5,7,5,1,7,2,5,7,4,4,9,10,6,8,7,6,9,6,8,4,9,4,3,3,6,4,4,8,9,4,6,5,Engineering
5368,7,1,1,1,6,10,5,5,4,1,7,9,4,6,3,4,7,4,6,3,4,1,8,4,2,5,2,7,7,5,5,6,CA / Accounting
5369,5,2,1,2,5,3,8,8,5,9,7,6,4,9,9,7,7,5,4,10,8,3,9,5,2,7,5,3,5,10,6,10,Business / Management
5370,5,7,3,3,7,7,8,10,7,6,7,5,7,8,8,10,10,7,5,8,7,3,7,7,5,8,5,6,10,9,9,9,Business / Management
5371,5,6,4,6,4,4,7,10,4,7,8,4,5,9,8,6,7,6,3,8,8,3,7,5,4,3,4,6,9,9,10,6,Business / Management
5372,5,4,4,4,6,2,7,5,9,6,10,7,5,9,9,8,4,9,5,8,6,1,4,7,9,9,6,7,6,5,6,10,Civil Services
5373,6,4,9,7,5,3,5,7,5,6,6,7,9,8,9,9,5,6,7,4,4,8,4,6,9,3,9,10,8,5,8,9,MBBS / Doctor
5374,5,5,10,9,6,4,4,4,3,4,8,3,10,7,4,6,4,6,6,3,7,8,4,4,3,2,3,8,7,3,6,8,Pharmacy
5375,4,4,7,8,7,6,4,2,4,6,8,3,9,10,8,9,5,8,5,5,6,9,4,4,3,3,7,8,6,4,8,10,Dentist
5376,1,3,4,4,8,3,6,5,7,3,9,5,2,6,7,5,8,7,8,8,8,3,2,7,4,7,1,8,6,7,9,10,Journalism / Media
5377,9,5,6,5,9,2,3,4,4,4,8,6,8,9,6,6,9,4,8,4,10,5,3,7,4,2,4,8,8,5,7,6,Engineering
5378,5,3,1,6,1,2,1,5,6,9,6,3,3,7,8,4,8,10,6,4,3,5,2,7,3,4,7,7,5,3,7,10,Psychology
5379,9,3,3,2,7,9,10,7,3,3,8,9,5,7,7,5,5,7,5,4,8,4,8,2,3,4,6,5,5,7,6,5,Finance / Banking
5380,5,2,8,10,6,2,2,2,2,9,7,6,10,8,6,7,4,9,5,5,5,10,1,8,3,3,7,9,9,5,10,9,MBBS / Doctor
5381,7,2,3,2,6,9,6,5,5,6,9,4,4,6,7,5,4,3,4,2,6,2,10,4,3,3,1,5,7,5,6,2,Finance / Banking
5382,8,9,8,5,7,3,6,6,4,4,10,6,6,7,5,8,9,5,7,5,7,7,6,5,3,4,4,7,8,6,5,9,Engineering
5383,5,3,6,10,4,3,3,2,3,6,9,4,8,9,9,5,5,9,7,7,7,10,3,4,4,3,8,9,8,3,10,7,MBBS / Doctor
5384,3,4,1,1,4,1,4,5,5,4,9,6,4,9,8,4,7,5,2,8,4,2,3,6,5,8,4,5,4,4,7,8,Law
5385,2,3,4,4,5,6,6,3,6,9,8,2,7,4,9,4,6,8,4,6,2,6,3,6,3,3,5,7,5,4,8,8,Psychology
5386,9,6,8,9,3,2,3,2,2,3,7,7,9,8,9,10,10,9,7,6,7,10,3,6,4,1,6,10,10,7,8,8,MBBS / Doctor
5387,4,1,2,3,3,2,1,2,4,9,5,2,8,8,10,6,6,10,6,5,4,6,3,9,3,2,5,7,5,4,7,8,Psychology
5388,4,1,8,8,8,2,4,4,3,6,9,5,10,3,3,3,5,3,6,3,6,8,3,3,2,4,4,5,6,4,4,4,Pharmacy
5389,2,6,4,4,5,2,4,4,7,5,7,8,4,5,6,8,6,7,8,9,5,5,2,4,6,4,6,3,4,2,7,8,Teaching / Professor
5390,8,1,2,2,7,10,8,8,5,3,6,7,4,7,5,7,5,6,5,4,5,1,8,3,2,5,5,7,8,3,6,5,CA / Accounting
5391,7,3,1,2,5,7,5,7,5,7,5,3,3,9,8,8,9,6,4,5,6,6,7,4,3,5,6,7,6,10,10,8,Business / Management
5392,5,4,10,7,4,3,2,5,4,5,9,7,9,6,10,3,5,6,8,4,5,9,1,4,3,3,4,6,7,1,7,9,Pharmacy
5393,3,5,8,9,4,1,5,2,2,6,8,6,5,6,5,3,4,7,9,2,5,6,5,2,2,5,5,5,6,3,4,3,Pharmacy
5394,6,5,2,6,8,3,7,8,10,6,8,6,6,10,7,5,5,5,6,8,5,1,7,7,9,8,7,9,9,5,10,6,Civil Services
5395,6,3,9,7,4,6,3,8,3,4,7,4,5,10,6,7,9,8,6,4,8,10,6,2,5,4,9,9,8,6,8,6,Dentist
5396,8,3,2,1,6,6,10,9,5,3,10,8,4,8,5,5,6,6,4,7,7,1,9,3,3,4,5,8,9,8,5,5,Finance / Banking
5397,5,5,1,4,2,3,3,3,4,10,9,2,5,8,7,3,9,9,8,8,1,5,2,7,4,6,5,8,2,1,8,8,Psychology
5398,3,1,1,3,5,2,5,3,7,5,5,1,1,4,9,6,8,7,5,7,4,1,3,7,6,4,5,4,3,5,8,7,Journalism / Media
5399,5,6,7,10,6,1,4,4,3,6,4,5,9,9,8,5,3,9,7,6,8,7,5,4,5,3,6,7,7,5,8,9,MBBS / Doctor
5400,5,6,9,9,2,3,2,3,3,5,7,6,7,8,5,5,9,7,7,4,4,6,5,4,3,2,3,8,7,6,5,8,Dentist
5401,1,1,3,6,5,1,5,3,3,8,6,8,4,8,9,4,7,7,5,3,2,6,1,8,4,3,6,9,5,1,6,8,Psychology
5402,8,3,3,2,7,10,6,9,4,6,7,9,6,8,8,5,5,6,6,6,7,2,10,6,3,6,3,7,8,6,7,4,Finance / Banking
5403,9,7,6,4,9,3,4,4,1,6,6,7,8,10,3,6,8,5,8,4,6,5,3,2,4,6,3,10,6,7,5,6,Engineering
5404,4,4,6,10,1,2,1,4,7,8,6,5,8,10,5,6,5,7,9,4,4,10,3,5,4,4,6,8,6,5,7,8,MBBS / Doctor
5405,7,5,4,2,5,8,7,6,5,6,8,9,3,6,8,4,4,4,6,5,6,4,10,5,5,4,4,5,9,7,6,6,Finance / Banking
5406,6,6,5,5,8,1,5,4,2,4,8,7,7,6,8,2,7,4,6,3,9,2,1,2,3,1,6,7,8,8,5,4,Engineering
5407,7,6,4,5,6,3,4,6,8,5,10,7,6,7,9,5,5,7,9,6,6,3,3,6,6,4,9,10,6,5,10,8,Teaching / Professor
5408,6,5,4,3,5,7,6,5,1,4,8,6,2,6,8,2,7,4,1,2,6,1,8,7,3,3,5,6,8,5,9,6,CA / Accounting
5409,8,2,2,2,6,9,7,7,3,3,9,9,4,7,5,7,6,5,5,3,8,3,10,2,4,1,6,6,7,8,6,6,Finance / Banking
5410,4,1,4,2,6,4,8,7,10,4,6,5,1,10,10,6,5,6,6,6,5,3,8,8,8,10,6,7,6,6,7,7,Law
5411,6,3,5,10,5,4,2,6,3,3,7,3,4,7,7,5,6,6,1,3,6,9,3,3,1,2,3,5,8,4,5,8,Dentist
5412,6,1,5,3,5,5,5,6,8,7,10,3,3,10,10,8,9,6,6,8,3,2,5,9,9,10,7,10,9,6,7,9,Law
5413,6,7,5,5,7,4,4,4,7,5,5,4,5,6,9,6,8,8,8,9,7,3,4,7,6,2,10,10,6,3,7,8,Teaching / Professor
5414,8,1,3,3,5,8,6,5,1,4,8,9,3,6,7,3,6,3,3,3,7,1,9,2,4,6,4,7,6,4,6,6,CA / Accounting
5415,4,2,6,7,3,1,3,1,4,1,7,4,10,4,6,5,4,6,5,3,3,7,3,2,1,1,3,7,6,3,7,5,Pharmacy
5416,3,1,7,7,2,4,4,3,6,10,6,4,5,7,7,7,9,10,8,8,3,7,4,8,5,7,7,9,6,6,6,8,Psychology
5417,5,5,8,10,7,2,2,3,1,6,9,7,10,8,7,4,7,7,5,5,9,9,5,3,2,2,6,7,9,1,9,9,Dentist
5418,7,4,6,8,2,3,4,6,4,4,6,3,10,7,7,5,4,3,7,3,6,8,1,3,4,2,9,6,8,4,5,7,Dentist
5419,8,8,6,3,7,3,5,5,5,5,7,5,6,6,5,6,7,8,7,8,10,5,3,3,3,4,4,5,7,5,5,4,Engineering
5420,4,5,8,7,3,1,1,5,1,2,7,4,5,4,3,2,4,6,7,1,3,8,2,4,3,1,2,7,5,3,7,6,Pharmacy
5421,7,3,1,1,7,9,8,9,4,3,5,10,4,7,8,6,4,5,5,4,2,2,8,3,4,3,5,6,4,4,8,5,CA / Accounting
5422,3,4,2,3,5,1,5,5,8,6,9,6,2,5,5,8,5,5,7,8,7,3,3,6,7,8,6,10,5,4,5,6,Law
5423,2,2,7,7,4,2,2,6,4,4,8,8,8,5,5,5,4,4,7,5,5,10,1,3,1,1,4,8,5,4,4,7,Pharmacy
5424,4,2,4,4,3,3,7,3,6,5,7,4,3,8,7,9,4,7,5,7,5,3,3,8,10,8,5,8,8,1,8,8,Civil Services
5425,4,3,4,5,2,2,3,3,7,6,7,2,5,8,4,6,7,8,6,6,4,3,2,7,5,7,8,7,5,2,7,8,Psychology
5426,6,7,9,10,5,6,5,3,4,7,6,3,9,5,8,8,5,10,8,4,6,9,2,7,6,3,7,8,7,7,10,10,MBBS / Doctor
5427,5,2,1,1,2,6,8,5,3,4,7,6,1,6,5,7,6,3,3,3,5,1,10,2,4,4,1,6,7,5,6,6,CA / Accounting
5428,3,3,2,4,6,4,7,6,9,8,8,3,4,8,6,10,7,6,7,7,5,3,5,9,9,8,4,9,7,4,8,7,Civil Services
5429,1,5,6,6,6,1,3,4,4,6,6,5,9,7,6,7,8,10,2,7,4,10,1,3,4,3,6,10,10,3,10,6,MBBS / Doctor
5430,8,5,3,6,6,6,7,7,5,5,9,9,5,6,8,8,5,8,3,7,9,2,10,4,5,5,5,7,7,6,9,10,Finance / Banking
5431,6,7,6,6,7,1,5,5,4,3,7,6,4,6,8,8,8,8,7,10,6,3,2,6,4,2,8,9,5,4,6,5,Teaching / Professor
5432,6,3,1,2,6,8,8,8,6,2,6,9,5,6,9,5,5,6,7,3,8,2,7,3,2,5,2,7,7,7,7,5,Finance / Banking
5433,4,4,9,8,1,2,2,2,1,3,8,5,9,7,7,5,5,5,7,3,6,9,3,4,3,3,5,6,3,5,6,5,Pharmacy
5434,4,3,10,6,3,3,2,3,4,7,6,6,6,7,8,9,4,6,7,5,4,7,2,6,4,5,6,10,8,4,9,6,MBBS / Doctor
5435,6,7,6,10,5,2,1,6,2,5,7,5,7,9,3,8,9,9,4,6,8,9,5,7,3,3,7,9,6,5,8,9,Dentist
5436,5,5,7,10,4,3,3,8,5,7,8,7,9,8,9,5,8,8,4,4,7,10,2,3,2,2,6,6,8,6,8,9,Dentist
5437,1,1,2,5,7,1,5,5,6,5,7,4,2,6,7,6,7,6,7,9,6,2,6,7,8,9,3,7,6,4,6,5,Law
5438,5,3,4,2,3,5,6,7,9,8,9,6,5,9,10,9,5,5,4,10,4,4,4,10,10,10,6,10,9,6,7,7,Civil Services
5439,6,6,8,10,5,5,3,3,4,6,7,3,7,10,8,9,5,7,5,7,4,9,3,2,5,5,7,9,8,6,8,8,MBBS / Doctor
5440,4,5,8,10,7,2,3,5,1,4,7,4,8,10,10,4,8,7,5,4,5,9,2,4,3,1,4,8,7,3,9,9,Dentist
5441,7,4,1,3,3,6,8,5,1,4,8,8,4,10,4,2,6,2,5,5,7,2,10,3,6,2,4,7,7,8,7,7,Finance / Banking
5442,9,2,2,4,4,9,9,7,4,5,9,6,6,8,8,7,8,4,8,4,8,4,9,1,4,4,6,5,6,6,7,7,Finance / Banking
5443,7,9,6,8,9,4,5,4,4,5,9,9,8,8,5,4,10,4,8,5,9,3,3,3,6,4,7,9,6,7,7,4,Engineering
5444,4,4,5,8,5,1,3,3,4,5,8,5,6,9,7,7,6,5,5,5,4,8,4,4,1,2,7,9,7,3,7,8,Dentist
5445,4,4,3,5,5,3,6,2,6,4,6,6,7,6,9,6,7,7,7,6,5,5,2,10,3,6,7,9,4,4,7,9,Teaching / Professor
5446,4,3,1,4,3,1,3,3,5,7,5,5,5,6,6,5,6,7,8,6,6,8,2,7,2,1,7,7,6,1,10,10,Psychology
5447,6,3,5,3,5,5,6,6,10,5,6,4,3,7,9,10,7,7,5,9,5,3,5,7,7,6,5,9,10,5,9,9,Civil Services
5448,3,3,3,3,2,1,2,6,9,3,5,2,2,5,10,4,7,6,6,6,4,2,3,9,5,9,3,6,6,3,7,8,Journalism / Media
5449,1,2,3,1,6,2,2,6,9,7,10,2,3,9,9,6,9,7,8,6,4,1,4,7,8,8,4,8,5,5,7,7,Law
5450,4,1,4,3,5,4,7,7,5,7,10,8,4,8,7,8,9,5,5,5,9,2,8,4,3,7,4,3,6,9,9,7,Business / Management
5451,5,4,4,8,3,3,5,2,5,5,6,5,6,6,10,5,7,7,8,8,4,4,3,7,5,5,10,7,6,5,7,6,Teaching / Professor
5452,8,6,5,9,5,4,4,4,7,9,8,4,5,7,6,7,7,10,9,5,6,10,1,4,4,7,7,7,8,5,8,8,MBBS / Doctor
5453,7,7,4,7,6,3,4,4,6,4,7,6,4,6,8,5,9,8,5,9,4,2,3,9,4,4,10,7,9,3,8,6,Teaching / Professor
5454,9,7,8,5,8,4,8,7,2,3,10,6,5,8,7,6,6,4,5,4,10,4,5,4,4,3,1,5,4,3,5,8,Engineering
5455,4,5,6,8,5,3,3,2,3,3,5,8,6,7,7,6,5,5,9,3,7,10,3,5,1,4,2,9,10,4,7,8,Pharmacy
5456,5,4,3,4,10,3,9,9,4,3,8,4,6,10,6,10,8,3,3,7,8,1,7,6,6,5,6,8,9,9,9,8,Business / Management
5457,4,3,5,8,2,3,3,4,8,10,8,7,4,9,8,4,7,10,7,6,2,9,5,8,7,5,7,7,6,3,8,8,Psychology
5458,4,5,1,2,6,4,3,5,7,5,6,7,2,8,8,7,7,5,6,5,3,3,4,6,5,10,8,5,5,8,7,9,Law
5459,5,4,1,6,6,3,3,4,5,9,6,3,4,7,9,5,10,10,8,6,6,6,4,7,4,4,7,6,6,6,8,9,Psychology
5460,5,4,6,4,6,2,6,6,5,8,9,6,5,7,7,7,6,7,8,6,4,4,2,9,8,8,6,9,8,7,8,9,Law
5461,9,4,4,2,8,4,10,10,6,6,7,6,6,9,10,8,10,6,4,8,8,1,7,2,3,5,6,5,7,10,10,8,Business / Management
5462,5,4,4,5,5,6,9,9,7,8,9,6,5,9,8,9,8,10,5,9,6,6,7,6,2,7,8,5,10,7,10,9,Business / Management
5463,6,2,2,4,3,4,7,4,10,6,6,5,4,6,8,10,5,7,8,7,4,3,2,7,10,8,6,10,6,4,9,8,Civil Services
5464,3,7,7,9,4,5,2,3,4,4,6,4,9,7,5,4,4,6,7,6,5,9,3,6,3,2,7,9,9,3,7,8,MBBS / Doctor
5465,5,7,6,9,8,4,3,4,7,4,5,4,9,10,6,5,4,7,6,2,5,8,2,8,2,5,9,10,9,6,9,10,MBBS / Doctor
5466,3,2,2,2,4,1,7,5,7,7,10,3,5,6,8,9,5,5,8,4,7,1,5,6,6,8,4,6,7,5,8,8,Law
5467,6,2,6,6,4,1,5,5,7,8,5,7,3,8,8,9,3,6,5,8,3,1,4,9,9,8,3,8,10,4,7,7,Civil Services
5468,4,4,9,9,6,2,3,4,4,8,7,4,10,8,9,4,6,7,9,6,5,8,2,4,9,3,5,10,9,3,8,9,Pharmacy
5469,4,5,6,9,2,1,2,3,1,5,6,5,9,10,8,5,6,10,5,4,3,8,3,7,6,4,6,9,8,6,8,8,MBBS / Doctor
5470,4,1,1,3,4,4,5,1,7,6,3,2,4,5,7,3,7,6,6,10,6,1,3,8,4,4,3,3,5,3,9,8,Journalism / Media
5471,5,3,4,5,6,6,6,4,5,5,9,1,4,7,7,6,9,6,7,10,8,4,4,8,9,10,5,7,7,8,8,10,Journalism / Media
5472,7,6,4,2,8,3,4,10,5,2,4,6,3,6,10,10,8,5,5,5,3,1,6,6,3,5,6,7,7,8,8,7,Business / Management
5473,6,1,3,6,4,10,10,6,1,3,10,6,4,8,5,5,4,4,7,3,6,3,8,6,3,6,4,9,10,5,6,5,CA / Accounting
5474,5,1,4,4,1,2,4,1,4,10,7,9,6,7,7,4,7,10,4,5,2,4,4,8,5,5,6,7,7,1,7,7,Psychology
5475,4,3,7,6,4,3,3,3,2,7,5,6,10,6,7,5,6,6,4,5,4,9,3,2,4,2,6,8,6,5,10,8,MBBS / Doctor
5476,5,5,7,9,3,2,2,2,5,6,6,5,8,8,5,5,3,7,5,4,6,10,4,4,5,3,5,10,10,2,10,7,MBBS / Doctor
5477,3,3,4,3,3,1,6,4,7,4,6,4,3,7,7,6,6,6,6,6,6,1,5,7,8,8,5,7,8,7,7,10,Law
5478,3,4,8,9,4,2,1,5,1,5,7,6,9,8,10,10,6,8,6,5,6,10,1,5,7,4,7,7,9,6,8,7,MBBS / Doctor
5479,10,1,4,4,5,6,8,6,1,1,5,8,4,6,7,6,5,5,5,6,7,1,10,2,3,7,4,5,7,7,7,5,Finance / Banking
5480,4,2,8,8,2,2,6,6,5,6,4,7,7,7,6,5,4,5,10,7,5,10,3,6,4,4,4,7,7,4,8,4,Pharmacy
5481,5,6,7,7,2,2,6,5,7,2,8,5,5,7,7,7,4,7,3,4,6,7,3,4,1,1,5,7,10,3,8,10,Dentist
5482,4,4,4,5,7,1,2,3,4,3,6,5,5,6,8,4,8,7,8,8,3,2,5,6,4,6,10,10,7,5,7,9,Teaching / Professor
5483,8,3,1,1,6,7,8,4,3,5,6,10,4,7,7,5,7,5,5,6,8,1,9,5,4,2,6,7,7,8,6,4,Finance / Banking
5484,4,5,4,4,5,7,6,7,3,8,9,4,6,6,8,7,10,7,6,7,7,1,6,7,5,6,7,5,9,7,10,10,Business / Management
5485,6,3,1,5,4,3,6,2,5,8,6,7,6,8,9,6,8,10,7,5,4,7,2,8,3,3,7,9,6,4,8,10,Psychology
5486,4,3,5,5,6,5,5,6,4,9,8,6,4,9,8,9,8,4,6,8,4,1,3,9,6,10,5,7,6,5,7,6,Law
5487,7,3,8,9,4,3,4,6,3,8,10,4,10,7,4,5,6,5,8,5,3,8,2,3,6,4,9,7,9,5,5,5,Pharmacy
5488,8,7,7,4,7,2,4,5,4,6,8,8,8,8,7,5,7,5,5,6,8,4,5,5,5,4,5,7,5,5,5,5,Engineering
5489,9,7,4,3,5,10,8,5,5,3,9,8,4,4,9,5,4,5,5,8,5,2,10,4,4,8,5,9,8,8,7,5,Finance / Banking
5490,6,5,4,3,5,4,6,7,4,4,7,6,5,7,8,8,9,5,5,5,8,2,6,3,2,4,7,5,4,8,7,9,Business / Management
5491,6,2,1,2,2,9,7,8,1,2,8,10,2,6,4,5,2,1,5,2,6,1,10,2,5,4,2,7,6,4,4,4,CA / Accounting
5492,8,2,5,4,3,9,8,7,6,3,9,9,4,7,7,9,3,8,10,4,9,4,10,3,4,5,4,7,7,7,9,5,CA / Accounting
5493,5,5,5,5,5,8,8,5,4,2,9,10,6,9,6,6,6,7,8,5,9,2,10,4,5,3,2,5,8,5,7,8,Finance / Banking
5494,5,4,6,10,5,1,3,4,3,7,10,4,8,7,7,4,7,6,5,6,7,8,2,5,3,3,4,8,10,6,7,6,MBBS / Doctor
5495,5,4,2,2,4,6,6,9,5,3,10,9,6,9,8,7,4,3,6,5,10,3,8,4,4,4,2,8,7,8,6,6,Finance / Banking
5496,1,1,2,5,2,4,3,5,6,9,5,4,6,7,5,8,7,10,7,6,4,7,3,9,3,2,5,6,7,1,9,10,Psychology
5497,2,2,5,5,7,1,5,4,9,5,6,6,4,5,7,7,9,7,6,9,8,1,3,8,6,8,4,5,8,9,7,8,Journalism / Media
5498,7,3,1,3,2,10,5,7,4,5,6,9,1,7,3,6,6,3,4,5,6,1,7,3,4,4,4,10,7,3,7,7,CA / Accounting
5499,5,3,6,3,5,4,6,9,3,2,7,4,5,7,8,7,6,5,1,8,4,4,7,4,4,5,4,6,8,6,8,4,Business / Management
5500,9,6,5,3,7,5,6,7,7,3,8,6,6,8,5,5,7,3,8,4,10,3,4,3,7,6,5,5,7,5,9,7,Engineering
5501,1,2,6,10,4,2,1,2,3,8,5,3,9,7,7,6,4,4,7,5,3,10,5,6,7,1,6,9,7,3,3,10,MBBS / Doctor
5502,5,3,1,5,4,1,6,4,7,4,4,4,4,8,7,6,6,4,6,9,6,3,5,7,7,9,3,7,7,6,6,7,Law
5503,3,5,4,4,5,10,7,7,5,1,8,7,1,7,4,4,2,3,5,5,8,1,10,4,4,5,5,9,6,5,5,6,CA / Accounting
5504,7,2,2,2,3,6,5,5,4,3,6,8,2,6,4,4,4,3,3,2,5,1,9,5,2,4,1,7,9,4,5,6,CA / Accounting
5505,5,6,4,6,4,4,8,10,8,3,7,6,5,10,9,7,10,8,5,5,7,4,9,3,3,7,7,7,9,9,10,9,Business / Management
5506,5,4,3,2,4,5,5,4,10,6,7,2,3,8,8,9,3,5,6,5,3,2,4,8,10,8,5,8,10,2,7,7,Civil Services
5507,6,5,4,4,5,4,7,5,6,4,6,5,4,6,8,9,5,4,5,8,7,2,8,3,3,3,4,4,8,8,7,10,Business / Management
5508,6,2,10,8,3,3,4,2,1,5,4,5,10,8,5,4,6,5,5,3,6,6,5,3,6,2,7,8,5,4,5,4,Pharmacy
5509,8,7,5,3,6,3,7,6,7,7,10,5,7,6,10,6,5,10,8,10,8,5,1,7,4,9,10,10,7,6,9,8,Teaching / Professor
5510,5,5,7,8,5,2,2,1,5,5,8,3,7,5,8,5,4,10,7,6,3,6,3,1,3,2,4,8,6,2,8,9,MBBS / Doctor
5511,4,7,7,5,6,6,6,3,8,6,6,7,10,8,9,5,6,5,7,8,5,4,4,5,5,7,10,10,9,2,4,9,Teaching / Professor
5512,7,7,3,3,6,4,6,10,5,6,8,4,4,8,8,7,7,6,6,8,9,3,8,6,4,5,3,6,9,10,8,6,Business / Management
5513,6,5,3,5,5,3,9,5,9,5,5,5,3,7,6,8,6,6,8,8,5,4,6,9,10,10,6,6,8,5,10,9,Civil Services
5514,3,3,3,6,8,4,3,3,8,10,9,3,6,7,10,6,8,10,7,7,4,9,2,7,4,3,6,8,9,4,8,9,Psychology
5515,7,4,2,2,9,7,9,5,3,3,10,7,3,6,5,6,5,6,4,3,9,4,9,4,6,8,4,7,7,4,7,8,Finance / Banking
5516,3,2,3,9,5,4,1,5,5,8,7,7,5,4,10,5,5,6,6,6,2,4,2,7,4,4,8,8,6,2,8,9,Psychology
5517,10,9,5,3,9,2,4,5,6,6,5,9,8,10,9,3,7,6,5,8,10,5,4,6,6,5,6,8,6,7,7,7,Engineering
5518,7,5,3,6,8,3,4,5,4,4,9,7,7,8,7,6,7,9,8,9,5,6,4,7,6,2,10,9,7,5,8,10,Teaching / Professor
5519,6,6,4,3,5,5,7,5,10,8,7,6,3,7,7,8,8,8,6,5,7,7,4,8,8,6,8,10,10,4,9,8,Civil Services
5520,5,3,6,7,4,2,2,4,2,2,6,8,9,6,8,6,5,9,6,5,7,9,2,4,3,1,7,10,8,5,6,7,MBBS / Doctor
5521,3,2,4,3,7,6,9,8,5,7,7,8,3,7,6,8,8,8,5,7,5,2,8,7,4,7,4,6,7,10,9,6,Business / Management
5522,8,5,3,4,5,2,8,4,8,7,8,6,6,9,8,10,7,9,7,9,5,2,7,9,10,7,5,9,10,7,9,8,Civil Services
5523,4,4,5,5,5,5,6,5,10,10,8,7,3,9,8,8,8,7,7,10,4,4,4,8,10,8,6,10,8,4,10,10,Civil Services
5524,4,4,4,3,4,1,5,8,8,9,8,6,6,8,10,7,6,6,4,7,3,3,5,7,10,7,3,9,7,3,8,9,Law
5525,6,4,1,1,6,8,7,7,2,6,9,7,3,4,8,4,4,4,3,3,7,1,10,5,3,3,3,6,9,7,4,5,Finance / Banking
5526,4,2,7,9,5,2,3,4,4,6,6,7,8,6,8,7,6,3,3,7,3,10,3,7,4,3,4,10,5,3,7,6,Dentist
5527,4,1,2,2,4,6,2,2,6,7,7,3,5,6,9,5,7,6,3,7,4,1,3,6,4,5,1,4,5,8,6,9,Journalism / Media
5528,10,4,1,3,6,8,6,5,3,1,9,8,6,8,7,7,5,4,5,1,8,3,10,4,4,2,2,5,7,7,6,4,Finance / Banking
5529,7,6,5,4,4,4,6,9,7,8,7,3,3,10,9,9,8,5,3,10,10,2,5,6,4,6,7,5,10,8,10,9,Business / Management
5530,1,3,9,10,4,3,5,3,6,3,8,9,8,7,5,5,5,7,8,4,5,8,3,4,3,4,4,8,7,6,5,6,Pharmacy
5531,5,1,1,4,6,10,4,9,7,2,8,8,4,10,4,4,4,9,5,4,7,3,10,4,3,5,6,10,6,4,4,7,CA / Accounting
5532,6,3,4,5,7,5,7,10,6,7,8,5,5,10,8,10,9,8,5,9,5,4,9,6,6,5,5,4,8,9,10,7,Business / Management
5533,9,4,8,3,9,4,4,3,2,5,7,6,7,7,5,6,6,4,8,4,8,3,4,2,4,4,2,9,8,5,5,6,Engineering
5534,5,3,8,5,3,1,2,5,2,3,6,6,7,7,8,4,6,4,10,1,2,9,3,4,2,4,3,9,10,1,8,8,Pharmacy
5535,6,6,5,7,9,1,1,5,4,6,7,8,8,8,5,6,8,5,8,4,7,6,3,4,4,4,4,7,7,7,4,9,Engineering
5536,6,5,5,3,8,10,9,4,4,1,7,7,4,7,7,8,4,5,2,3,9,1,9,3,2,3,4,6,9,6,7,6,Finance / Banking
5537,5,3,4,5,4,3,3,2,3,2,4,2,7,10,5,7,8,7,6,5,7,6,2,4,1,3,4,7,9,3,8,8,Dentist
5538,5,1,1,7,6,5,7,10,2,8,9,6,5,8,6,10,8,7,5,6,9,3,8,5,6,5,5,8,5,8,8,9,Business / Management
5539,5,5,4,6,9,4,4,4,6,4,8,9,7,7,8,7,8,8,9,8,8,1,2,8,5,6,9,7,8,4,10,9,Teaching / Professor
5540,10,5,4,1,5,7,10,8,3,5,7,6,3,6,4,6,5,3,4,5,7,2,9,6,6,4,3,6,5,5,8,6,Finance / Banking
5541,7,5,3,3,6,1,3,6,9,8,8,6,4,8,7,8,5,6,5,10,5,2,3,10,8,8,7,7,9,4,8,9,Law
5542,8,3,3,1,6,7,8,9,4,4,6,8,3,8,4,5,6,3,1,2,4,1,9,5,6,6,3,7,7,8,6,5,CA / Accounting
5543,6,3,4,9,4,3,2,4,4,3,7,4,8,7,7,3,5,5,7,1,5,9,2,1,3,1,2,7,4,1,7,5,Pharmacy
5544,5,5,7,9,3,1,3,4,3,6,7,1,8,7,7,6,5,5,8,3,1,8,1,6,2,3,5,8,7,3,10,7,Pharmacy
5545,5,3,5,3,7,1,6,3,8,5,9,1,2,10,7,7,3,6,7,10,5,4,5,7,10,7,4,7,9,7,7,8,Civil Services
5546,5,3,2,2,6,4,6,6,8,5,5,1,5,7,8,6,8,7,7,10,6,2,2,8,2,5,5,5,8,5,10,9,Journalism / Media
5547,4,1,10,8,3,3,3,1,3,6,7,4,8,7,6,5,3,5,9,4,3,7,2,3,3,2,4,9,6,3,4,7,Pharmacy
5548,7,2,3,5,5,10,9,9,4,4,8,10,2,6,4,9,6,3,2,3,6,2,7,2,6,5,3,9,8,7,6,4,CA / Accounting
5549,4,3,8,6,5,2,3,2,4,5,6,4,10,5,8,6,5,5,3,5,3,10,1,5,3,2,5,9,8,3,8,7,MBBS / Doctor
5550,4,8,9,9,5,4,2,2,2,5,5,4,8,6,9,8,4,10,7,7,3,8,3,4,4,3,6,9,10,3,8,8,MBBS / Doctor
5551,5,9,5,5,5,3,5,5,6,5,6,6,3,10,8,8,7,10,7,10,6,2,2,7,4,7,8,7,6,4,9,7,Teaching / Professor
5552,10,7,9,2,8,3,7,7,6,3,10,9,6,6,8,6,6,5,8,6,7,7,6,5,4,5,4,8,6,7,6,5,Engineering
5553,4,6,10,8,2,1,1,1,1,1,7,3,9,7,5,5,4,5,6,4,6,7,4,3,4,2,4,6,7,1,6,6,Pharmacy
5554,2,1,2,1,6,2,6,5,9,6,4,4,1,7,10,5,9,10,7,10,6,3,4,5,2,8,8,6,10,6,9,10,Journalism / Media
5555,8,8,5,4,7,5,7,6,3,3,10,9,8,7,7,4,8,7,9,6,7,4,7,3,4,6,6,10,6,5,9,4,Engineering
5556,3,3,2,3,4,4,6,4,7,5,6,7,4,7,9,7,8,8,8,8,8,3,1,8,4,9,7,4,7,9,7,8,Journalism / Media
5557,5,5,8,8,2,1,4,4,3,5,6,7,6,8,6,5,1,6,6,5,3,9,2,1,3,3,4,7,7,4,5,8,Pharmacy
5558,8,3,3,3,4,7,7,8,3,7,7,7,5,8,7,6,4,5,4,7,7,2,8,2,5,3,4,10,4,6,5,6,Finance / Banking
5559,3,4,3,1,7,1,4,4,6,5,6,4,2,5,9,4,10,6,8,8,4,2,4,7,1,6,4,3,8,6,9,10,Journalism / Media
5560,5,5,6,4,5,3,6,4,8,5,7,5,4,10,5,7,7,9,6,6,1,1,4,10,8,8,6,9,9,5,10,6,Civil Services
5561,5,3,2,6,6,1,5,10,2,4,8,6,5,8,7,7,7,4,3,8,5,4,6,4,1,7,4,2,8,7,6,9,Business / Management
5562,2,3,1,2,2,2,4,5,10,6,6,3,4,6,7,8,6,5,5,7,6,2,4,7,7,8,5,6,9,6,5,7,Law
5563,2,5,3,3,3,5,4,3,9,6,6,2,1,7,10,7,10,9,9,7,4,3,1,6,4,6,5,4,8,6,6,10,Journalism / Media
5564,6,3,4,6,7,2,7,4,8,4,9,5,4,7,7,10,8,7,8,8,3,1,4,5,9,9,4,6,7,7,9,8,Civil Services
5565,10,2,5,3,6,8,10,6,4,4,9,8,3,8,4,8,5,4,6,3,7,2,10,4,2,5,5,4,5,9,7,6,Finance / Banking
5566,3,5,4,8,5,2,2,4,4,4,7,5,8,7,9,5,6,8,6,6,5,8,4,2,4,3,5,10,9,2,8,9,Dentist
5567,3,5,9,7,6,1,2,6,4,6,7,5,8,7,8,8,5,8,10,2,5,7,6,2,3,3,5,6,6,3,5,7,Pharmacy
5568,7,2,4,2,7,10,10,5,2,2,10,10,4,8,5,6,5,4,3,6,4,1,10,5,3,2,3,9,8,4,7,6,CA / Accounting
5569,7,6,5,3,10,5,4,6,5,3,9,9,8,6,7,7,10,5,6,5,10,4,5,3,5,3,5,10,5,7,6,7,Engineering
5570,7,6,6,6,6,3,6,4,6,9,5,7,5,5,5,6,10,10,7,7,5,4,6,7,5,5,6,6,5,2,5,9,Teaching / Professor
5571,7,3,7,3,6,7,7,10,2,5,8,8,6,9,10,10,5,8,3,8,7,3,6,2,3,6,3,5,8,7,8,9,Business / Management
5572,10,8,7,5,9,2,5,6,5,6,8,7,7,8,8,3,7,5,4,6,8,3,7,6,5,5,5,10,8,5,5,7,Engineering
5573,2,5,6,6,5,3,5,6,6,7,6,6,7,5,8,9,6,8,9,10,6,3,4,6,3,5,7,9,7,2,10,7,Teaching / Professor
5574,5,4,4,5,5,6,8,9,4,6,10,7,3,8,7,6,7,6,7,9,6,2,6,2,4,6,5,4,7,8,10,9,Business / Management
5575,5,5,1,4,6,5,5,3,9,5,10,3,4,9,9,6,5,8,5,9,7,2,3,10,10,7,4,7,10,7,8,8,Civil Services
5576,3,4,2,2,7,1,6,5,4,5,5,4,1,7,6,5,9,6,6,10,6,2,5,7,6,8,6,4,6,4,8,6,Journalism / Media
5577,3,2,3,3,7,5,4,5,9,9,9,5,3,7,7,6,8,8,8,8,5,7,6,7,5,10,6,7,8,4,10,8,Law
5578,5,2,4,3,6,8,6,8,3,7,6,8,3,7,5,6,7,3,2,5,5,1,10,5,4,3,6,8,8,4,7,6,CA / Accounting
5579,5,3,7,4,9,4,7,6,3,4,10,4,3,5,8,7,9,3,4,4,6,2,6,4,5,7,5,4,7,7,9,8,Business / Management
5580,7,4,8,9,4,3,3,4,5,4,6,5,8,7,8,6,6,8,9,4,6,10,3,3,3,3,5,9,7,2,8,9,Dentist
5581,4,5,8,5,8,5,7,3,6,6,9,6,6,4,7,8,9,8,10,8,7,5,5,8,3,4,9,10,10,5,7,8,Teaching / Professor
5582,4,3,1,2,5,5,7,5,9,8,7,4,3,9,9,7,7,4,4,9,2,1,6,8,7,9,9,10,6,2,6,10,Law
5583,6,6,6,3,10,2,6,4,5,3,8,7,5,9,6,6,9,7,5,5,7,3,3,6,4,3,6,3,3,7,7,6,Engineering
5584,3,2,6,5,6,5,1,5,3,4,4,6,5,6,4,3,6,2,5,2,6,8,5,3,3,1,1,9,6,3,5,7,Pharmacy
5585,6,4,8,7,5,4,1,5,2,4,5,3,9,7,5,5,3,6,8,2,5,9,2,4,3,3,4,6,6,3,4,9,Pharmacy
5586,8,3,1,1,5,9,9,7,3,5,6,9,1,8,7,5,1,5,6,2,4,3,7,1,2,3,5,8,8,4,8,7,CA / Accounting
5587,4,5,4,6,5,2,2,5,4,8,8,2,5,8,8,4,7,7,8,6,5,7,5,7,5,5,7,6,4,1,9,7,Psychology
5588,1,3,3,5,2,4,2,5,9,3,6,4,6,5,8,5,9,5,8,9,3,1,4,7,3,6,4,5,6,8,7,10,Journalism / Media
5589,2,1,5,7,5,2,3,3,4,10,9,4,6,8,9,5,8,10,5,6,5,4,2,10,5,4,8,6,8,4,7,8,Psychology
5590,6,1,2,2,5,7,6,7,1,1,8,7,3,6,4,6,4,3,2,5,5,3,6,5,5,4,1,8,4,3,7,5,CA / Accounting
5591,4,5,4,4,6,4,2,2,7,4,5,5,5,6,8,6,7,7,10,9,5,6,1,8,8,6,9,10,8,2,8,7,Teaching / Professor
5592,5,4,2,2,5,5,3,9,4,5,6,3,2,10,7,9,6,5,3,6,6,5,9,5,3,3,2,8,5,7,8,4,Business / Management
5593,4,4,8,7,5,1,1,2,4,4,6,6,7,8,6,5,8,8,7,5,4,7,4,3,1,3,4,7,8,4,8,6,Dentist
5594,2,4,1,3,6,4,10,10,6,4,9,7,3,8,9,8,8,6,3,6,5,4,6,5,2,3,3,5,7,8,6,8,Business / Management
5595,3,1,5,1,4,1,4,4,7,7,7,2,2,3,10,5,9,5,5,10,7,2,3,9,5,6,1,4,5,5,7,10,Journalism / Media
5596,7,5,9,10,8,5,4,5,4,3,8,5,10,10,7,10,7,7,6,3,7,9,2,5,5,5,5,8,9,4,10,8,MBBS / Doctor
5597,5,4,10,8,5,1,5,3,2,5,9,5,7,7,7,6,5,3,8,4,5,10,6,6,2,3,4,7,7,2,7,4,Pharmacy
5598,5,5,6,3,2,3,2,6,7,8,7,7,6,7,10,4,9,5,7,9,5,4,3,7,4,4,9,8,6,3,8,7,Teaching / Professor
5599,3,6,2,1,3,3,7,7,3,3,5,4,5,10,10,9,6,4,5,6,7,5,7,7,2,5,5,4,8,9,10,8,Business / Management
5600,8,1,2,4,5,9,9,6,3,5,6,8,1,10,6,7,3,6,4,6,6,1,10,4,3,2,5,8,8,5,6,6,CA / Accounting
5601,3,4,3,3,6,2,4,4,6,10,8,3,6,5,6,4,6,9,6,7,3,6,1,6,4,4,10,10,3,1,5,6,Psychology
5602,5,4,3,8,5,2,4,5,2,3,8,2,7,8,7,4,8,4,1,4,4,10,1,3,4,3,6,7,7,4,8,7,Dentist
5603,3,4,6,5,2,6,9,7,8,6,10,4,4,9,9,9,6,10,6,9,4,1,5,10,10,9,6,9,10,5,8,9,Civil Services
5604,3,1,2,9,4,1,5,6,6,9,3,3,6,10,8,7,8,9,6,6,7,3,2,7,4,5,8,8,6,4,9,10,Psychology
5605,4,4,3,2,7,3,6,8,2,6,7,8,4,7,7,9,8,7,5,10,8,1,6,6,2,6,6,7,6,9,9,8,Business / Management
5606,5,7,5,9,4,1,3,2,5,6,6,5,8,5,6,6,5,9,7,4,4,10,2,4,2,2,7,10,7,3,10,7,MBBS / Doctor
5607,4,2,1,1,4,10,7,8,2,2,10,10,2,6,9,5,5,5,4,2,5,1,9,4,3,4,4,6,6,4,6,4,CA / Accounting
5608,5,5,9,7,5,2,5,5,1,6,7,2,8,9,6,7,6,6,8,3,7,8,3,6,4,3,4,7,7,1,8,5,Pharmacy
5609,3,3,1,4,7,1,7,9,5,4,8,6,5,8,8,10,8,6,6,7,5,4,9,7,5,1,4,5,7,10,7,10,Business / Management
5610,7,5,10,8,3,3,5,5,4,6,7,8,10,7,8,5,6,4,9,4,5,10,5,7,5,3,4,8,10,4,7,7,Pharmacy
5611,5,2,3,2,5,3,5,5,9,8,8,6,3,3,9,8,10,7,6,6,5,4,9,8,7,10,6,8,5,6,7,9,Law
5612,8,10,8,5,7,2,4,7,7,5,8,10,6,9,7,5,7,4,9,8,9,3,3,5,4,4,6,7,7,7,7,6,Engineering
5613,5,3,10,7,5,1,2,3,3,6,5,4,9,7,8,5,5,6,8,8,6,10,4,3,1,2,5,8,8,4,3,5,Pharmacy
5614,1,5,7,2,2,3,3,5,6,6,5,2,6,7,9,7,10,7,2,8,7,1,4,8,5,8,3,8,7,7,9,9,Journalism / Media
5615,2,2,1,1,4,5,3,4,7,5,6,2,6,5,9,7,6,6,8,8,5,4,5,4,3,9,3,7,7,7,6,7,Law
5616,6,7,5,4,8,5,7,8,2,4,10,8,9,9,9,8,9,5,7,5,7,6,5,4,6,3,3,9,6,7,8,7,Engineering
5617,2,2,5,4,4,2,4,4,7,7,8,4,4,6,8,6,7,10,9,7,3,5,2,8,5,3,5,7,6,2,6,6,Psychology
5618,5,4,4,5,6,2,2,5,4,8,8,6,5,6,9,5,8,9,8,9,4,4,4,6,3,2,8,7,6,4,5,7,Psychology
5619,4,4,3,4,4,2,5,4,8,6,9,3,4,9,8,10,5,9,7,8,4,4,3,9,10,7,7,9,9,5,10,10,Civil Services
5620,7,4,4,4,6,2,3,5,8,6,4,7,3,5,8,7,6,9,8,8,3,5,3,4,3,7,9,8,5,4,5,8,Teaching / Professor
5621,7,4,3,1,7,2,4,5,5,4,4,8,7,8,7,4,9,3,7,2,7,5,3,5,4,3,6,6,4,5,7,6,Engineering
5622,2,1,1,3,5,1,5,5,7,6,7,4,4,4,7,7,7,5,5,8,5,2,2,8,4,7,3,7,6,6,8,10,Journalism / Media
5623,1,2,2,7,5,4,6,3,6,6,8,5,3,9,9,5,10,5,7,10,7,4,1,7,5,7,5,4,8,6,10,10,Journalism / Media
5624,5,3,5,3,4,1,4,5,6,5,8,4,1,6,8,6,7,5,6,9,6,3,2,10,8,8,6,6,6,7,7,9,Law
5625,6,2,3,2,5,3,5,7,10,5,6,4,3,9,10,5,7,9,7,7,3,3,7,8,5,8,8,5,7,4,7,8,Law
5626,5,1,7,7,1,5,5,3,4,5,8,6,9,10,9,8,10,10,5,7,5,10,4,5,1,3,3,6,6,5,7,7,Dentist
5627,1,4,1,4,6,3,5,6,4,10,9,6,6,7,8,9,7,10,5,7,5,4,5,10,6,5,8,7,7,5,8,8,Psychology
5628,4,1,2,6,3,3,2,2,4,9,6,3,7,6,7,4,8,10,9,5,4,8,3,7,4,6,8,5,7,3,8,9,Psychology
5629,3,1,1,3,6,1,5,5,6,5,6,3,4,7,8,7,10,4,9,9,5,4,3,7,7,7,7,7,8,6,6,9,Journalism / Media
5630,7,4,2,1,6,8,7,9,4,5,10,8,3,7,7,4,3,4,5,6,4,2,10,2,3,2,5,7,9,5,6,5,CA / Accounting
5631,4,3,4,3,4,4,5,3,8,6,9,4,3,8,8,7,5,5,4,7,5,2,2,6,7,4,6,7,9,5,9,10,Civil Services
5632,7,5,4,10,8,2,2,4,5,7,6,4,6,6,8,6,6,8,7,5,7,10,2,5,4,2,8,8,8,5,8,8,MBBS / Doctor
5633,3,3,4,4,6,4,3,6,9,6,6,2,1,6,8,5,8,6,7,8,5,3,6,10,6,8,8,7,4,6,9,5,Journalism / Media
5634,7,2,4,3,5,3,6,5,8,6,8,6,3,10,9,10,5,8,10,9,5,2,3,7,10,7,5,9,9,4,6,8,Civil Services
5635,2,3,1,1,3,3,4,4,7,5,9,1,3,9,8,7,8,4,6,6,5,4,5,6,9,10,3,7,6,5,8,7,Law
5636,6,8,4,4,10,5,5,9,3,6,6,8,5,9,6,6,9,4,7,6,7,3,4,6,6,4,5,6,8,6,7,6,Engineering
5637,9,5,5,3,8,4,3,5,5,4,8,8,7,9,6,4,8,6,6,2,8,3,2,4,2,5,5,4,7,6,8,5,Engineering
5638,4,3,6,3,4,2,6,6,10,6,8,4,4,8,9,5,7,8,6,10,6,2,3,9,6,9,5,9,4,7,7,10,Law
5639,6,5,9,9,6,3,5,7,4,6,7,5,8,9,7,6,1,10,9,7,5,8,1,6,7,4,8,10,7,6,10,7,MBBS / Doctor
5640,5,3,6,8,4,1,1,5,4,7,10,7,8,8,6,5,7,5,5,6,5,10,3,3,6,4,7,8,8,5,8,7,Dentist
5641,4,1,4,4,6,2,4,3,6,3,8,5,2,9,10,6,10,6,4,9,4,4,1,10,5,7,6,7,5,7,7,9,Journalism / Media
5642,5,5,1,5,5,4,5,4,7,8,7,5,3,9,6,6,4,5,7,6,3,1,4,7,6,10,2,8,7,6,6,10,Law
5643,5,4,2,2,6,1,4,5,7,7,10,7,2,10,7,8,7,9,7,10,4,4,7,9,5,9,6,9,6,4,9,10,Law
5644,10,6,7,5,9,3,7,8,3,6,5,9,5,8,5,6,9,3,7,5,10,5,3,4,7,6,4,7,7,6,5,6,Engineering
5645,9,4,7,3,7,3,7,5,10,6,5,5,4,9,10,8,5,9,7,8,5,2,3,7,10,9,5,7,7,5,10,7,Civil Services
5646,7,3,5,5,6,2,7,5,5,6,9,6,8,8,7,5,6,9,10,9,6,5,3,6,5,7,9,7,8,1,6,8,Teaching / Professor
5647,1,2,4,2,5,1,3,4,6,4,8,3,3,7,6,7,9,6,10,9,7,2,4,10,6,6,6,5,5,6,7,10,Journalism / Media
5648,5,6,5,8,6,3,7,4,5,3,6,6,7,7,7,7,4,9,10,5,4,4,6,6,5,5,7,8,5,4,6,8,Teaching / Professor
5649,1,1,1,1,5,2,5,5,4,4,7,3,3,6,7,5,9,5,6,9,5,4,4,8,6,5,5,6,5,8,9,8,Journalism / Media
5650,8,5,5,2,5,7,8,10,3,2,9,9,3,7,9,5,3,4,4,3,7,4,7,2,5,4,3,8,6,4,8,6,Finance / Banking
5651,4,3,2,2,2,1,3,6,8,5,7,3,1,7,8,7,5,5,6,8,4,2,7,5,7,9,4,7,5,3,6,10,Law
5652,6,4,5,8,6,3,5,2,5,7,7,5,6,8,10,3,7,7,10,8,5,3,5,4,5,6,10,7,6,5,7,6,Teaching / Professor
5653,5,4,3,9,6,2,1,4,2,5,7,6,9,8,8,4,7,3,8,4,6,10,3,5,5,1,4,9,7,4,9,9,MBBS / Doctor
5654,10,9,2,2,7,1,5,5,2,5,9,7,7,5,5,6,7,5,7,4,9,5,4,5,4,3,6,6,7,6,7,5,Engineering
5655,4,2,10,7,5,4,1,3,6,7,7,4,10,9,8,5,4,8,8,5,6,10,4,5,4,1,4,9,7,4,10,6,Pharmacy
5656,5,7,7,8,4,5,4,3,2,5,7,7,9,10,7,6,9,7,7,4,7,8,1,3,3,3,6,10,10,4,7,6,Dentist
5657,8,7,6,8,6,3,5,5,7,5,8,4,6,8,10,10,7,9,10,10,7,2,2,5,5,8,9,8,9,3,9,8,Teaching / Professor
5658,2,2,8,8,5,4,2,2,2,3,5,5,7,8,3,4,3,6,8,6,6,5,4,3,4,1,6,7,5,2,4,4,Pharmacy
5659,3,1,2,7,4,3,2,6,3,8,4,5,5,8,8,6,7,8,8,7,8,4,4,10,3,5,9,10,4,3,10,10,Psychology
5660,3,3,3,1,4,4,7,4,7,6,6,5,2,8,10,8,7,6,8,8,6,4,3,8,8,8,7,8,8,4,5,8,Civil Services
5661,1,1,3,2,4,1,2,3,9,5,8,6,4,6,7,6,5,5,6,5,3,3,5,8,7,10,4,8,7,4,4,8,Civil Services
5662,2,3,1,3,2,3,7,8,2,3,5,3,3,6,6,9,5,2,2,6,5,1,4,2,2,3,5,5,5,8,8,5,Business / Management
5663,9,7,6,4,7,3,6,4,3,3,9,9,8,10,6,7,8,5,6,9,8,3,5,5,2,6,5,6,9,8,6,9,Engineering
5664,6,6,8,8,9,4,3,3,5,4,9,5,10,10,10,8,8,10,7,10,7,10,2,6,6,5,10,9,10,4,10,7,MBBS / Doctor
5665,4,2,3,3,2,3,3,5,5,9,9,3,6,5,8,3,5,8,7,6,5,2,4,6,2,5,7,7,8,4,8,6,Psychology
5666,1,1,3,4,4,3,4,4,7,6,7,6,1,4,5,4,10,6,4,8,7,4,4,8,2,9,6,5,7,5,10,9,Journalism / Media
5667,9,3,4,1,5,6,8,7,4,4,9,10,5,5,6,6,3,6,8,3,9,3,9,5,3,6,6,7,7,5,8,6,Finance / Banking
5668,7,6,7,10,5,3,5,4,4,6,7,6,6,9,5,6,6,8,8,6,3,10,3,5,4,1,7,10,8,4,9,10,MBBS / Doctor
5669,9,8,5,5,7,3,5,4,3,4,8,6,8,7,5,5,7,2,8,4,10,3,4,7,3,6,5,7,7,7,6,4,Engineering
5670,9,7,4,3,9,5,2,8,4,5,7,8,7,7,5,7,5,5,6,3,10,2,2,4,3,4,5,7,7,5,8,6,Engineering
5671,2,3,9,7,5,3,2,6,1,4,6,6,10,6,6,3,4,6,8,4,4,8,2,3,2,1,3,8,5,1,7,4,Pharmacy
5672,2,2,2,2,4,2,5,5,8,6,7,5,4,7,7,4,7,5,4,7,5,3,5,7,7,9,5,6,8,6,6,9,Law
5673,5,5,7,8,5,1,4,2,4,7,6,7,10,7,7,8,3,8,6,7,5,10,1,6,3,5,7,6,8,5,6,7,MBBS / Doctor
5674,8,4,2,3,5,4,7,9,2,7,4,5,6,8,7,10,7,3,5,4,5,3,6,5,2,6,2,7,6,10,7,10,Business / Management
5675,6,7,6,10,5,1,1,4,3,5,8,8,8,9,7,6,5,10,7,6,5,10,2,8,5,4,7,10,9,4,9,10,MBBS / Doctor
5676,6,6,6,8,5,1,4,5,1,3,8,4,7,9,8,8,6,7,9,4,6,10,2,4,2,4,6,7,6,3,4,9,Dentist
5677,3,4,7,7,5,2,2,5,2,5,8,4,10,5,8,5,4,7,6,1,3,6,1,4,4,2,7,6,8,2,7,5,Pharmacy
5678,4,4,4,6,2,3,3,4,4,9,9,5,2,9,6,4,7,10,8,4,4,5,2,7,3,3,8,6,4,2,7,9,Psychology
5679,6,3,3,4,4,8,8,5,4,3,7,4,3,9,4,6,5,3,5,5,6,2,9,5,1,6,6,7,6,6,6,3,CA / Accounting
5680,6,5,1,3,6,4,5,8,8,5,8,5,1,9,9,9,7,4,6,10,5,3,2,8,9,8,6,8,9,5,8,10,Civil Services
5681,2,4,4,5,2,4,6,3,6,6,8,5,2,7,10,6,7,4,8,8,5,5,5,10,8,9,4,6,6,3,8,9,Law
5682,6,6,8,6,3,3,3,3,4,5,6,5,6,8,7,7,9,7,8,6,7,9,5,6,6,2,7,9,7,4,8,9,MBBS / Doctor
5683,4,5,6,10,5,3,4,4,5,8,8,1,10,9,10,6,8,7,4,5,7,9,3,7,2,3,3,10,9,3,6,10,Dentist
5684,7,4,2,1,5,10,6,5,2,2,6,9,4,7,7,2,5,5,3,2,5,3,8,3,2,6,3,8,8,4,4,6,CA / Accounting
5685,8,10,9,5,10,4,7,4,4,4,6,10,7,8,5,6,10,9,5,5,8,6,5,4,5,4,8,8,9,3,8,10,Engineering
5686,3,2,3,2,6,5,4,9,4,4,6,7,4,10,10,9,7,5,3,7,8,1,8,6,4,4,5,7,7,8,10,8,Business / Management
5687,7,5,1,3,4,7,6,9,5,4,9,8,4,7,7,6,5,2,4,7,7,1,9,2,3,4,5,7,9,5,5,6,Finance / Banking
5688,5,4,8,9,5,6,6,4,3,5,8,5,9,7,7,4,8,6,4,5,6,9,3,3,2,2,6,9,5,6,4,7,Dentist
5689,2,5,6,9,5,2,5,7,3,4,10,3,8,10,6,8,7,10,2,4,2,7,6,4,4,1,4,10,10,4,7,7,Dentist
5690,8,6,5,6,7,4,5,2,2,3,6,7,7,10,6,5,3,4,6,4,10,5,4,2,2,3,3,7,7,4,8,5,Engineering
5691,1,1,2,2,3,4,4,3,9,5,7,3,1,5,8,7,5,5,5,7,3,3,3,7,5,9,4,5,6,5,6,6,Law
5692,4,3,2,4,5,3,3,2,5,7,7,5,8,6,7,6,9,9,6,3,4,4,2,6,6,3,7,7,5,5,10,7,Psychology
5693,5,4,7,2,3,3,6,5,10,6,7,6,7,6,10,10,7,8,8,9,3,1,6,7,9,9,5,10,4,6,8,9,Civil Services
5694,5,4,4,6,7,2,2,6,7,6,6,6,5,6,10,8,8,9,6,10,7,5,4,6,6,7,9,10,2,1,9,9,Teaching / Professor
5695,5,3,9,10,5,2,3,4,4,6,5,3,8,8,7,7,6,6,6,4,6,8,3,4,4,5,4,9,6,3,7,8,Pharmacy
5696,7,2,3,4,7,9,9,6,1,5,10,10,2,7,6,5,3,5,5,3,4,2,9,5,4,6,5,10,8,4,6,6,CA / Accounting
5697,6,3,4,5,5,3,7,5,8,4,5,3,3,10,9,9,7,7,6,6,3,2,5,6,7,10,3,9,7,4,7,7,Law
5698,5,2,4,8,4,4,3,4,4,8,5,4,6,9,9,7,5,5,6,4,6,8,1,8,5,5,5,7,9,6,6,7,MBBS / Doctor
5699,5,4,3,4,6,4,4,5,9,4,10,4,5,7,9,7,10,7,8,9,5,1,3,9,8,7,7,3,5,5,10,8,Journalism / Media
5700,7,6,1,6,3,2,3,5,6,5,7,5,6,7,8,7,6,9,7,9,6,2,6,8,9,6,8,6,4,3,9,8,Civil Services
5701,3,4,5,5,4,3,5,4,10,5,6,3,4,8,7,7,6,5,4,8,3,1,4,10,5,9,5,7,5,3,7,9,Civil Services
5702,4,1,5,2,6,2,3,7,7,5,8,2,1,5,7,9,8,9,7,9,7,2,7,8,6,9,7,10,5,7,7,8,Law
5703,7,4,7,8,4,1,2,4,4,5,6,5,7,9,10,6,7,8,4,4,4,7,5,4,1,4,4,9,9,4,7,9,Dentist
5704,4,4,10,9,4,3,4,4,1,7,4,8,8,9,5,6,3,6,6,4,8,9,4,4,2,6,2,10,7,3,8,6,Pharmacy
5705,6,4,5,4,7,1,4,5,7,5,9,7,7,7,10,8,10,5,9,9,6,5,5,7,5,2,10,6,8,5,6,10,Teaching / Professor
5706,8,2,2,3,5,9,4,6,2,6,10,7,4,10,5,4,7,4,7,4,8,3,9,4,4,5,5,9,7,7,9,7,CA / Accounting
5707,7,3,4,6,3,3,4,6,4,4,7,5,6,6,7,5,8,5,4,3,4,8,1,2,1,2,3,7,5,3,3,8,Dentist
5708,5,5,5,9,6,2,1,3,2,3,6,7,8,7,8,7,3,10,6,6,4,6,2,3,6,1,6,10,8,3,5,5,MBBS / Doctor
5709,10,4,3,1,5,8,5,8,1,3,5,9,4,6,5,7,6,4,3,3,5,1,7,5,4,2,5,10,8,3,9,6,CA / Accounting
5710,9,10,6,4,10,6,5,5,6,5,10,10,7,10,7,5,6,5,9,7,10,5,5,6,5,5,4,7,6,9,10,4,Engineering
5711,5,6,9,3,10,7,7,8,9,7,7,7,6,9,9,10,7,8,5,7,9,2,5,6,5,4,3,10,9,9,10,10,Business / Management
5712,3,1,9,7,2,1,5,6,5,7,6,4,10,8,7,6,5,7,8,6,4,6,3,4,3,1,4,6,5,3,4,5,Pharmacy
5713,1,1,6,5,4,1,4,3,5,9,5,5,8,7,8,4,6,8,4,5,3,6,4,8,3,5,6,7,6,3,7,6,Psychology
5714,3,4,9,9,4,4,2,8,5,2,5,4,6,6,5,5,7,8,6,4,5,7,4,1,2,1,9,8,10,4,8,8,Dentist
5715,6,5,2,2,6,6,10,9,5,2,9,10,2,6,5,4,7,6,5,4,6,5,8,3,4,2,4,9,7,8,4,5,Finance / Banking
5716,4,5,2,3,8,6,6,5,10,10,7,7,5,7,10,6,7,7,5,9,4,3,7,10,8,10,8,6,8,5,7,7,Law
5717,5,4,1,1,7,2,7,4,8,5,5,2,1,10,8,8,4,4,4,7,2,2,4,7,9,8,4,9,8,2,8,8,Civil Services
5718,3,6,9,9,7,4,4,4,6,4,7,6,7,10,9,8,6,7,5,5,7,10,5,5,4,4,5,10,8,5,9,7,MBBS / Doctor
5719,6,4,8,9,6,6,5,4,3,3,7,6,9,6,5,4,6,7,8,5,5,7,3,4,4,2,2,8,4,3,4,7,Pharmacy
5720,6,3,2,1,7,2,6,5,8,3,8,7,4,9,10,5,8,10,7,8,8,3,7,10,8,7,7,7,10,6,9,6,Civil Services
5721,4,3,7,9,4,5,5,5,2,4,8,5,8,9,6,7,8,7,8,5,4,9,3,5,1,3,3,8,7,6,7,10,Dentist
5722,6,6,5,1,8,4,5,2,3,5,5,6,8,8,6,8,7,5,10,4,7,4,4,3,2,7,5,5,8,6,6,6,Engineering
5723,5,5,1,4,5,6,10,5,7,8,7,7,5,10,10,9,8,7,10,9,5,2,6,8,8,9,4,10,8,8,9,10,Civil Services
5724,6,1,1,1,3,8,9,6,1,4,8,7,3,3,6,6,7,5,5,7,6,1,10,5,5,3,3,4,5,4,6,9,Finance / Banking
5725,4,3,1,3,3,4,5,4,8,8,6,6,2,8,6,8,7,9,7,6,5,3,3,5,4,10,5,9,9,7,8,10,Law
5726,5,6,5,3,5,7,9,9,7,4,8,8,4,6,5,6,6,7,3,6,7,2,7,5,4,7,4,9,7,6,5,8,Finance / Banking
5727,6,8,6,7,7,2,6,5,3,4,9,6,6,8,7,5,4,2,4,3,8,1,3,3,3,6,6,7,6,5,7,6,Engineering
5728,5,2,3,4,3,2,6,1,9,5,7,7,4,7,5,8,4,5,7,7,3,2,4,7,8,7,6,8,8,5,6,8,Civil Services
5729,3,1,1,4,3,2,4,5,7,6,6,3,2,5,9,6,7,6,5,5,5,4,5,8,5,6,2,4,5,7,9,9,Journalism / Media
5730,8,4,2,1,6,7,7,8,6,7,8,6,1,7,5,6,5,2,5,2,6,5,8,4,4,3,4,7,9,5,9,7,CA / Accounting
5731,7,7,8,6,5,4,5,4,7,9,5,3,4,6,7,6,6,9,7,7,3,5,5,7,5,7,10,7,7,5,7,9,Teaching / Professor
5732,10,8,3,1,6,10,8,8,5,3,10,9,4,8,5,5,4,8,7,3,10,4,8,5,3,6,5,6,5,7,8,9,Finance / Banking
5733,8,10,5,3,10,2,2,3,2,2,7,7,9,9,6,4,8,7,7,5,6,5,6,5,3,3,4,6,8,7,8,6,Engineering
5734,9,4,2,2,5,9,8,6,1,4,8,6,3,8,6,8,7,2,4,6,7,3,8,1,5,3,7,8,5,7,7,7,Finance / Banking
5735,6,2,4,1,6,7,6,5,4,5,7,9,2,7,7,3,2,2,3,3,5,1,8,3,2,1,2,9,3,5,5,6,CA / Accounting
5736,7,4,9,9,2,2,3,4,6,7,10,5,6,9,7,5,5,7,6,8,6,9,5,5,3,2,7,7,7,4,10,10,MBBS / Doctor
5737,6,6,4,2,5,1,5,4,4,8,7,6,7,6,9,4,6,6,7,7,4,4,3,5,8,3,7,10,7,5,9,10,Teaching / Professor
5738,7,4,9,10,5,5,6,5,3,8,7,5,9,9,7,5,3,9,3,7,7,9,4,5,5,1,4,9,9,6,8,9,MBBS / Doctor
5739,8,7,5,2,8,2,7,3,3,3,10,7,8,10,6,4,5,6,5,6,9,4,5,3,3,5,4,3,8,5,8,8,Engineering
5740,3,3,3,6,1,3,1,6,1,5,7,5,7,7,2,5,5,6,3,3,5,7,2,1,1,2,4,6,7,1,6,4,Dentist
5741,6,2,2,2,3,10,8,6,3,3,9,9,3,10,6,4,5,4,6,4,5,2,6,4,4,2,4,7,6,5,4,5,CA / Accounting
5742,5,6,9,6,7,2,6,4,2,3,4,6,8,8,4,5,5,5,8,5,6,10,1,2,2,3,2,6,7,3,4,6,Pharmacy
5743,7,2,5,2,6,10,7,8,2,3,8,8,4,7,6,5,6,4,4,3,4,3,9,8,4,3,4,10,8,4,6,6,CA / Accounting
5744,7,4,7,6,8,5,7,4,5,9,9,9,6,8,9,6,5,8,7,10,7,3,5,8,5,6,8,9,7,6,9,8,Teaching / Professor
5745,5,4,4,4,6,1,3,3,6,4,5,4,4,6,5,8,6,4,6,7,5,1,4,7,2,5,7,6,4,4,5,8,Teaching / Professor
5746,3,4,2,3,7,5,5,6,5,7,5,3,2,10,9,8,5,8,6,7,4,5,4,8,6,9,6,9,7,6,6,6,Law
5747,7,4,3,3,3,10,6,6,2,3,8,10,3,8,7,5,2,3,7,3,5,3,10,3,6,6,4,6,9,5,7,4,CA / Accounting
5748,4,1,1,6,1,3,7,6,5,10,8,6,5,10,10,6,6,7,9,9,5,7,5,7,4,4,7,9,7,3,6,10,Psychology
5749,6,3,7,9,7,2,2,3,2,7,6,7,9,8,7,6,5,4,7,3,7,9,1,2,2,4,4,9,5,1,7,3,Pharmacy
5750,6,2,3,2,5,10,10,3,4,2,10,9,6,6,5,6,4,4,7,5,7,2,7,1,6,3,6,6,7,8,8,6,Finance / Banking
5751,8,5,2,1,3,7,5,8,4,1,9,8,1,7,5,2,3,1,1,2,5,1,9,3,5,4,5,9,4,6,7,5,CA / Accounting
5752,7,1,3,3,4,10,5,9,3,5,6,6,3,6,4,5,5,4,5,3,7,2,7,4,4,3,4,8,8,2,2,5,CA / Accounting
5753,6,3,7,8,5,3,1,6,4,6,9,4,10,6,6,6,5,7,7,4,6,9,1,3,3,3,7,6,5,6,8,6,Pharmacy
5754,1,2,6,3,5,3,2,1,4,8,9,2,5,6,8,6,5,9,6,5,3,8,4,5,3,5,7,7,5,2,6,6,Psychology
5755,6,7,7,9,2,1,6,4,6,6,7,5,9,10,7,7,5,5,8,8,7,10,5,6,6,4,7,9,9,3,9,7,MBBS / Doctor
5756,7,4,4,4,5,3,4,6,7,6,7,3,5,7,9,7,10,10,10,9,6,3,4,10,5,6,7,6,6,8,6,9,Journalism / Media
5757,5,5,6,10,3,2,4,5,2,6,5,4,10,6,5,3,9,8,3,4,4,10,4,2,2,4,6,7,8,4,8,10,Dentist
5758,3,5,4,2,3,4,7,7,10,7,8,5,2,6,9,10,6,4,9,8,4,5,2,7,8,7,6,8,7,6,5,10,Civil Services
5759,1,1,3,3,10,2,6,5,7,6,6,2,3,6,9,6,9,7,5,8,6,3,4,7,4,9,7,8,5,6,7,8,Journalism / Media
5760,2,3,2,9,5,1,4,4,6,8,5,3,3,7,7,4,7,10,8,5,4,6,2,8,4,4,9,9,5,2,8,9,Psychology
5761,5,5,7,8,5,1,5,4,4,8,6,5,7,10,9,9,8,8,6,3,4,9,1,4,5,5,6,10,10,2,10,9,MBBS / Doctor
5762,6,3,9,8,5,4,3,5,3,5,8,5,8,9,5,6,5,9,4,5,6,7,6,5,3,1,4,7,8,5,7,7,Dentist
5763,2,3,4,2,6,4,6,6,8,8,7,5,4,7,10,3,10,8,4,9,2,1,5,9,5,9,6,6,9,8,7,10,Journalism / Media
5764,6,5,7,9,3,4,4,5,2,5,6,5,8,10,9,5,10,8,8,5,6,10,1,7,3,3,6,8,7,3,9,8,MBBS / Doctor
5765,7,3,6,6,6,1,3,4,5,7,6,5,8,7,6,6,7,6,5,4,7,10,2,3,1,1,4,6,5,3,5,8,Dentist
5766,5,7,6,5,8,3,5,4,8,2,8,9,4,5,9,8,7,7,7,7,5,1,6,6,3,6,6,6,7,3,8,6,Teaching / Professor
5767,4,5,8,8,3,4,3,5,4,5,7,4,7,4,4,3,6,7,7,4,4,8,1,3,3,1,5,7,4,2,7,3,Pharmacy
5768,3,4,1,7,6,2,6,5,6,9,7,5,7,7,8,6,8,10,9,5,5,8,5,8,9,6,7,6,8,3,6,9,Psychology
5769,1,2,3,3,6,1,4,4,7,3,4,1,4,6,9,4,9,7,3,7,5,4,4,10,4,3,5,3,7,6,7,8,Journalism / Media
5770,5,4,2,7,5,5,6,4,9,8,5,4,6,7,10,6,9,8,9,6,5,6,3,9,6,8,9,10,8,2,8,9,Psychology
5771,6,4,5,6,6,1,6,5,7,7,5,7,5,6,10,7,7,7,8,7,2,2,3,7,5,6,8,9,8,5,7,9,Teaching / Professor
5772,8,5,1,1,5,8,8,8,1,6,8,9,4,6,7,6,5,5,5,2,7,4,8,4,5,7,3,5,8,5,7,7,Finance / Banking
5773,9,7,6,4,9,4,6,5,7,5,10,8,9,8,8,5,8,5,7,5,8,3,7,5,2,6,4,8,8,8,10,5,Engineering
5774,3,2,5,6,5,1,6,6,10,4,9,10,1,9,9,6,8,6,7,8,5,3,4,7,6,9,5,6,6,3,9,9,Law
5775,4,5,7,6,7,3,5,1,3,5,7,5,10,8,7,10,5,7,4,6,7,8,3,5,2,4,6,7,9,6,6,9,MBBS / Doctor
5776,7,5,6,5,4,6,3,6,7,9,8,4,5,7,9,9,6,8,7,8,7,2,4,10,8,4,6,10,9,5,8,8,Civil Services
5777,4,6,1,3,6,6,8,10,5,5,7,6,5,7,8,10,8,5,4,4,7,5,6,3,3,6,8,7,6,8,10,8,Business / Management
5778,6,4,5,4,8,1,4,5,3,5,7,4,5,8,10,7,5,7,6,6,3,4,2,7,6,2,10,9,7,4,7,6,Teaching / Professor
5779,3,2,1,1,7,3,5,6,6,3,10,4,3,8,8,8,7,6,6,10,2,2,2,5,5,7,5,4,8,5,8,7,Law
5780,5,2,7,7,5,3,2,4,7,2,6,5,10,6,2,6,6,5,8,5,5,8,3,2,2,4,3,8,6,2,9,5,Pharmacy
5781,8,6,6,7,5,4,4,6,3,6,10,7,5,8,10,8,9,7,7,9,6,4,2,9,5,7,7,10,6,4,9,10,Teaching / Professor
5782,8,5,3,4,8,7,9,5,4,5,9,9,5,9,4,7,5,5,8,3,8,5,10,3,5,7,7,7,10,8,4,7,Finance / Banking
5783,6,5,4,3,8,6,8,8,3,6,9,8,6,8,7,9,8,8,4,7,10,5,6,7,3,5,5,6,9,8,10,8,Business / Management
5784,6,2,8,5,1,1,2,4,1,5,3,3,8,7,4,4,1,6,5,3,6,6,2,4,3,3,5,7,6,3,8,6,Pharmacy
5785,4,3,6,4,6,6,4,8,5,5,10,5,6,9,8,9,7,3,5,8,8,3,9,4,6,3,5,7,7,9,8,9,Business / Management
5786,6,4,6,4,10,3,5,10,4,7,5,6,5,7,8,7,9,8,3,5,9,1,8,5,3,7,6,6,4,9,7,8,Business / Management
5787,4,4,3,5,4,4,3,4,5,10,7,4,5,6,10,5,5,10,6,5,3,6,4,6,4,3,8,6,8,3,7,7,Psychology
5788,4,3,10,7,3,1,3,1,2,5,7,7,9,8,7,4,7,6,7,5,3,8,3,5,3,3,6,8,4,4,5,6,Pharmacy
5789,8,9,8,2,10,5,5,3,6,3,8,8,9,8,6,7,9,9,5,6,8,6,3,4,4,4,6,8,8,5,9,6,Engineering
5790,4,4,5,2,1,4,5,4,6,5,4,7,2,8,8,9,5,5,8,5,5,1,1,7,9,5,5,7,8,6,7,10,Civil Services
5791,3,8,9,9,2,5,1,1,3,2,7,5,6,6,6,6,4,7,9,3,4,6,3,3,3,3,6,8,5,2,5,7,Pharmacy
5792,3,5,3,1,4,3,4,4,5,6,9,2,6,7,9,8,5,6,8,7,7,1,5,9,6,10,4,8,9,4,8,7,Law
5793,8,1,2,2,9,8,8,8,2,4,7,8,5,4,6,3,6,3,2,3,4,3,10,2,5,4,4,10,7,6,9,5,CA / Accounting
5794,5,2,2,3,6,3,8,6,5,5,5,5,4,9,8,4,10,10,5,9,6,1,4,7,5,5,3,5,7,5,9,7,Journalism / Media
5795,3,5,5,7,4,4,2,1,2,5,9,5,7,8,9,6,5,7,7,4,6,10,3,4,2,3,5,7,7,5,7,6,MBBS / Doctor
5796,5,3,4,7,1,2,1,3,4,7,6,7,7,9,9,4,5,7,7,6,4,6,4,9,4,4,8,7,5,2,8,10,Psychology
5797,6,3,8,10,6,3,4,8,5,7,6,4,9,8,5,6,7,8,5,5,5,10,4,4,4,1,6,9,8,3,8,8,Dentist
5798,4,4,5,7,5,5,5,2,5,10,6,7,8,6,7,6,5,9,10,5,2,7,2,7,7,4,8,10,5,3,10,9,Psychology
5799,3,3,10,10,6,3,3,4,3,4,6,8,9,6,6,6,8,5,5,3,5,10,4,5,1,4,6,10,4,5,5,4,Dentist
5800,4,5,4,2,4,6,8,3,6,7,4,3,3,7,10,8,8,6,7,10,7,5,4,9,5,6,4,5,8,8,8,8,Journalism / Media
5801,6,6,4,8,6,3,7,4,6,8,7,6,4,6,10,7,6,7,7,9,7,3,2,4,7,5,10,7,6,2,9,9,Teaching / Professor
5802,6,5,3,6,7,1,5,5,4,5,6,6,4,5,9,8,7,5,6,7,6,2,3,5,6,3,9,8,7,2,8,7,Teaching / Professor
5803,6,8,6,7,7,3,4,3,6,5,8,7,7,8,4,6,7,4,7,6,8,4,7,8,3,3,4,9,7,7,10,6,Engineering
5804,5,1,3,2,5,10,8,7,4,2,9,10,4,8,8,6,5,6,3,5,4,1,8,1,3,5,4,6,3,3,5,8,CA / Accounting
5805,3,2,3,1,6,1,4,6,8,5,7,3,2,3,10,8,8,6,7,8,5,2,4,8,2,9,2,4,7,6,5,10,Journalism / Media
5806,4,3,8,7,4,1,2,2,2,5,8,5,9,6,4,4,5,6,8,4,7,8,4,5,3,2,3,5,7,4,7,5,Pharmacy
5807,5,7,2,2,5,5,8,10,6,6,7,9,1,9,9,10,6,6,3,5,7,5,9,5,5,5,6,8,8,10,7,10,Business / Management
5808,3,5,5,5,8,4,6,5,9,6,8,6,5,6,9,9,7,7,7,7,5,6,4,6,5,6,9,10,9,2,8,9,Teaching / Professor
5809,4,6,3,5,7,4,5,5,6,5,8,1,6,6,8,9,7,6,4,6,6,2,2,5,3,7,9,9,9,3,6,7,Teaching / Professor
5810,2,3,5,4,4,3,4,3,5,8,8,4,7,5,9,6,6,10,8,5,4,5,4,8,7,5,10,9,6,2,7,10,Psychology
5811,4,2,10,9,7,3,4,7,1,5,9,4,7,8,9,5,8,7,4,6,4,10,1,2,4,3,6,6,8,5,7,7,Dentist
5812,5,6,7,6,10,1,6,6,2,5,9,7,5,8,6,6,6,4,7,6,8,3,4,2,5,4,5,8,4,4,8,6,Engineering
5813,4,1,3,1,4,3,4,8,9,6,7,4,4,7,7,7,7,5,5,6,5,1,4,4,7,10,6,8,6,8,6,10,Law
5814,8,8,8,5,8,5,7,5,7,6,10,7,9,6,10,8,5,9,10,8,6,3,6,4,2,7,10,10,8,6,8,8,Teaching / Professor
5815,5,1,2,5,5,8,9,9,5,4,9,10,2,7,5,5,6,3,9,6,7,2,8,2,4,6,2,9,7,7,8,8,Finance / Banking
5816,4,6,8,10,4,1,2,2,3,3,6,1,7,8,6,5,5,9,7,5,5,9,4,5,4,4,6,7,8,4,7,8,MBBS / Doctor
5817,5,4,3,7,4,4,3,5,7,9,7,3,5,7,9,7,8,10,7,5,3,9,1,10,3,5,10,9,7,3,8,10,Psychology
5818,2,4,3,5,3,4,2,3,5,9,9,5,6,10,5,5,6,6,8,4,1,7,1,9,3,4,9,9,5,2,7,9,Psychology
5819,4,5,2,3,3,2,4,8,8,6,10,5,3,8,8,8,6,5,5,10,6,2,5,10,7,8,4,8,9,6,6,10,Law
5820,2,8,6,5,7,5,9,5,6,6,5,7,7,8,9,3,6,4,8,7,6,3,6,5,4,4,8,8,6,4,5,6,Teaching / Professor
5821,2,2,4,5,4,3,1,1,7,10,7,4,5,6,7,5,9,9,7,3,2,6,3,7,1,4,8,10,6,3,7,9,Psychology
5822,4,2,6,2,3,8,5,6,2,5,6,4,3,7,9,9,6,5,5,9,5,4,6,2,1,6,6,4,6,5,9,8,Business / Management
5823,7,2,4,4,2,5,8,4,8,7,8,7,5,10,8,8,7,7,6,8,6,2,3,6,10,8,6,9,9,3,10,8,Civil Services
5824,6,4,5,8,8,4,1,6,5,6,8,8,6,8,6,7,9,7,8,10,5,5,2,6,3,3,9,10,7,5,6,10,Teaching / Professor
5825,6,2,1,2,6,7,9,7,4,4,8,9,1,6,6,6,3,5,7,6,6,3,8,4,5,6,3,5,9,6,2,7,Finance / Banking
5826,5,2,1,5,8,3,8,5,8,5,5,7,7,7,8,7,8,6,8,9,8,2,2,6,6,5,5,4,6,8,9,8,Journalism / Media
5827,3,1,2,7,4,2,4,1,4,7,6,6,6,8,9,4,5,10,6,8,4,6,7,7,1,3,6,6,6,1,10,8,Psychology
5828,5,2,6,7,2,5,2,3,2,4,8,7,6,6,7,5,5,4,2,3,6,6,3,3,3,1,3,8,8,3,7,8,Dentist
5829,6,4,1,5,6,2,5,5,7,4,5,5,3,5,8,3,4,8,5,10,4,1,1,5,4,5,8,9,6,2,7,5,Teaching / Professor
5830,6,5,4,4,7,3,7,8,9,6,7,2,4,7,8,10,5,4,3,6,2,2,1,7,7,6,8,9,10,5,10,6,Civil Services
5831,5,5,4,7,6,4,6,10,5,6,6,8,8,8,10,10,10,7,5,8,7,4,9,6,4,5,6,7,9,9,8,8,Business / Management
5832,3,2,1,3,7,3,2,6,8,6,8,1,4,10,9,8,8,8,7,10,5,6,6,9,4,8,5,5,3,4,8,10,Journalism / Media
5833,6,4,6,6,3,5,5,5,5,6,4,6,6,8,6,5,6,8,8,10,5,2,5,5,5,3,8,10,8,4,9,8,Teaching / Professor
5834,5,7,3,6,6,1,5,3,2,7,7,7,7,9,6,5,7,4,7,3,10,2,4,3,2,3,3,6,5,7,6,5,Engineering
5835,1,1,2,2,6,1,2,3,9,6,5,4,2,3,10,6,10,9,6,9,4,1,2,8,3,9,3,5,7,3,10,10,Journalism / Media
5836,4,3,9,8,4,3,2,6,1,4,6,5,9,7,5,4,5,5,7,3,5,9,1,5,3,2,6,9,5,5,6,4,Pharmacy
5837,3,4,9,9,5,1,4,2,1,4,8,5,10,8,5,7,5,6,3,4,7,9,3,2,3,2,4,6,8,6,10,10,Dentist
5838,6,6,6,3,7,7,10,6,6,5,8,8,5,7,8,7,5,6,5,5,7,1,9,3,4,2,3,6,8,6,6,7,Finance / Banking
5839,7,1,1,1,6,9,4,6,4,4,6,9,3,9,4,7,3,2,3,3,6,1,8,2,4,4,4,8,8,5,7,5,CA / Accounting
5840,4,2,1,2,5,6,6,9,1,3,8,8,3,8,8,5,5,4,3,4,4,2,5,2,4,4,3,5,5,5,7,5,Finance / Banking
5841,5,6,6,7,7,6,6,2,5,9,7,6,5,5,9,9,7,5,8,8,6,3,1,5,3,6,10,10,6,3,7,7,Teaching / Professor
5842,10,4,6,6,7,6,8,9,7,5,7,6,3,10,10,9,10,4,5,7,8,4,8,5,4,8,5,10,7,9,10,9,Business / Management
5843,5,4,3,3,7,5,9,8,5,9,7,6,3,7,8,10,9,7,6,6,8,3,7,5,3,3,5,7,7,8,7,9,Business / Management
5844,6,5,4,8,3,4,3,6,1,6,8,8,7,7,8,7,6,8,4,3,5,8,1,4,2,1,5,5,7,4,5,10,Dentist
5845,7,3,3,1,8,9,7,7,5,5,8,8,4,7,7,6,4,6,6,3,6,3,8,4,4,3,3,7,6,6,8,6,Finance / Banking
5846,5,6,5,2,7,5,9,10,1,5,8,7,7,9,8,8,7,6,4,8,7,3,6,5,4,5,7,9,6,10,10,9,Business / Management
5847,5,5,6,4,5,2,5,3,5,5,5,5,7,5,6,6,6,5,5,9,4,5,4,8,5,4,10,5,8,6,6,8,Teaching / Professor
5848,6,5,3,9,7,4,3,4,3,6,6,7,9,9,6,6,4,10,6,6,3,7,2,5,5,6,4,10,9,4,7,10,MBBS / Doctor
5849,6,5,2,5,2,2,7,6,8,5,8,3,4,8,10,10,9,8,5,7,6,4,4,7,9,8,4,6,10,3,7,8,Civil Services
5850,4,4,10,7,4,4,5,3,5,6,6,6,10,7,4,6,8,7,8,4,4,6,5,6,5,3,7,8,7,1,7,3,Pharmacy
5851,5,3,5,4,7,4,5,6,8,4,8,2,5,8,9,10,8,7,6,10,3,3,7,8,10,8,5,8,8,4,8,10,Civil Services
5852,5,5,7,10,5,3,3,2,6,5,10,4,7,10,6,4,4,8,5,5,3,10,4,4,2,3,8,10,8,4,8,9,MBBS / Doctor
5853,2,1,2,5,5,3,3,4,2,9,6,3,5,6,8,8,6,8,9,6,4,9,4,7,1,3,8,9,8,1,9,7,Psychology
5854,9,7,6,1,7,2,6,3,4,4,9,7,8,6,3,2,8,5,7,4,7,3,6,6,5,4,6,6,6,6,5,5,Engineering
5855,6,4,3,7,5,7,7,5,9,9,7,6,1,7,7,6,9,6,6,8,6,6,6,9,8,10,3,10,7,3,8,10,Law
5856,5,1,10,6,3,5,3,5,2,5,5,5,6,7,7,5,5,4,9,5,6,6,4,4,2,3,4,8,7,4,9,5,Pharmacy
5857,5,2,2,5,4,8,10,10,5,5,7,7,3,6,7,8,10,5,5,8,9,3,8,3,5,7,2,8,6,9,9,8,Business / Management
5858,5,5,2,4,5,3,5,1,7,5,4,4,3,7,7,5,9,8,8,7,5,3,4,7,4,3,10,8,3,6,7,7,Teaching / Professor
5859,1,3,2,6,2,4,3,3,6,10,5,2,5,9,7,4,3,8,6,7,4,5,1,8,3,5,6,8,6,2,7,10,Psychology
5860,5,3,1,6,4,1,3,5,5,7,10,5,3,6,10,7,9,6,9,7,7,6,3,10,5,2,8,7,6,4,7,9,Psychology
5861,5,3,5,1,4,6,5,7,4,4,8,7,4,9,6,9,10,7,6,6,8,2,8,7,3,2,7,6,7,8,5,9,Business / Management
5862,4,2,1,1,2,2,3,2,8,8,5,1,3,7,9,7,9,6,4,5,5,3,1,9,6,8,7,7,7,7,6,10,Journalism / Media
5863,4,4,7,6,3,4,1,1,2,3,8,3,6,9,7,2,8,7,4,3,2,9,1,2,1,1,6,8,8,2,7,8,Dentist
5864,8,1,2,3,5,8,6,6,3,3,9,10,4,3,6,7,4,4,6,5,7,1,7,4,1,6,4,5,6,8,5,3,Finance / Banking
5865,8,5,3,3,6,10,7,8,6,5,9,8,4,5,7,8,4,4,6,3,7,1,10,4,1,4,4,10,7,4,7,2,CA / Accounting
5866,5,5,8,7,4,2,1,3,3,3,7,9,8,9,9,7,7,6,6,5,4,10,4,1,3,3,3,8,5,4,5,7,Pharmacy
5867,3,2,1,3,4,2,3,2,4,10,4,2,4,8,7,6,7,10,7,6,5,4,1,7,4,4,7,8,6,3,8,7,Psychology
5868,2,6,6,9,7,3,4,3,4,4,3,3,9,5,8,6,9,9,5,4,5,10,3,4,4,1,6,9,6,6,7,7,Dentist
5869,3,2,9,10,6,3,5,5,3,6,10,6,7,10,4,3,6,7,4,6,5,6,1,2,3,2,5,8,8,6,9,8,Dentist
5870,4,4,3,7,6,2,4,3,4,10,7,5,5,6,7,5,10,10,8,6,4,7,2,8,5,5,7,7,7,5,7,10,Psychology
5871,4,5,1,5,6,5,6,3,5,7,8,6,4,7,7,4,7,6,10,6,2,3,5,6,3,3,7,7,5,3,7,8,Teaching / Professor
5872,6,1,1,5,6,3,1,2,4,9,8,6,4,7,9,8,8,7,10,7,5,6,2,8,4,1,8,7,6,5,5,5,Psychology
5873,4,4,4,5,5,1,2,3,5,9,6,4,3,8,8,5,10,9,5,1,5,5,3,9,6,4,7,6,6,2,5,8,Psychology
5874,7,3,2,2,4,10,9,9,5,3,7,8,3,9,5,4,3,4,4,3,7,1,10,2,2,3,4,7,7,4,7,7,Finance / Banking
5875,4,4,2,3,7,4,6,5,10,8,9,4,5,6,9,8,10,9,10,7,7,4,5,8,9,10,5,10,9,7,6,6,Law
5876,5,5,7,8,2,3,4,3,2,4,5,6,10,7,6,4,5,5,5,6,8,10,5,2,1,1,2,7,5,4,8,2,Pharmacy
5877,3,4,4,2,4,6,7,7,9,6,8,5,3,8,10,9,4,9,6,6,4,3,3,5,8,9,5,8,6,4,10,10,Civil Services
5878,2,6,6,5,3,3,4,6,7,9,6,1,5,9,9,6,8,8,5,8,1,7,6,6,4,3,6,6,5,4,8,8,Psychology
5879,4,6,7,7,5,1,2,4,4,3,8,1,10,10,5,6,9,6,1,6,5,8,4,5,2,3,3,7,9,6,5,10,Dentist
5880,4,3,4,5,3,4,1,2,3,10,6,4,5,8,6,7,4,10,3,4,2,8,4,6,7,3,8,6,8,2,7,6,Psychology
5881,5,2,2,5,4,1,6,6,7,6,5,3,7,7,9,6,7,7,5,10,7,2,3,10,4,9,7,5,7,4,7,9,Journalism / Media
5882,3,4,4,5,4,4,3,4,4,10,8,4,5,5,9,5,5,9,6,4,5,7,3,10,5,5,7,10,5,6,6,8,Psychology
5883,4,4,5,5,3,3,9,4,8,7,9,4,4,6,7,8,5,8,7,10,7,3,2,8,6,10,4,6,6,8,7,8,Law
5884,8,6,7,7,4,4,2,6,3,7,8,8,5,10,7,7,10,7,6,5,2,9,5,5,3,5,2,7,8,4,7,8,Dentist
5885,2,5,2,4,5,4,7,7,8,5,8,2,4,8,9,7,7,10,4,8,7,1,6,10,5,5,6,6,8,8,8,8,Journalism / Media
5886,6,2,4,6,5,3,7,7,10,8,8,7,3,10,8,9,8,7,6,7,5,2,4,10,10,6,4,6,6,8,8,9,Civil Services
5887,10,10,5,7,7,1,4,4,7,4,7,6,9,10,5,3,5,7,7,5,10,6,4,4,3,3,3,5,4,8,5,8,Engineering
5888,5,3,5,9,5,1,1,8,4,5,9,8,9,8,8,7,8,7,3,6,5,9,4,3,4,2,4,9,8,4,8,10,Dentist
5889,2,7,8,8,3,2,1,6,4,5,5,5,10,5,7,3,5,8,4,4,7,9,1,3,2,3,4,9,7,5,7,7,Dentist
5890,8,8,6,3,7,2,3,5,5,3,8,6,5,10,4,4,7,5,7,7,7,2,6,5,5,3,6,8,7,5,7,8,Engineering
5891,4,5,3,3,6,6,6,3,7,8,7,2,5,7,10,7,10,7,8,9,6,3,3,10,5,10,7,6,8,8,10,10,Journalism / Media
5892,5,1,2,6,4,1,4,7,5,9,5,2,4,8,9,7,7,8,6,4,3,5,5,9,3,4,3,8,6,4,8,9,Psychology
5893,5,7,6,10,3,4,1,4,5,5,7,8,7,7,4,4,4,5,6,3,5,9,2,3,2,2,1,7,7,1,7,8,Pharmacy
5894,7,5,5,5,7,4,5,2,6,6,6,5,8,8,8,6,6,8,7,10,5,5,2,8,8,8,10,10,5,2,8,9,Teaching / Professor
5895,6,7,5,3,8,4,6,5,4,4,7,7,7,7,6,4,5,6,6,4,7,4,6,4,4,5,2,10,10,2,7,5,Engineering
5896,4,4,6,10,2,2,3,1,7,4,6,7,7,8,6,6,6,7,2,5,5,9,2,3,3,5,6,9,6,3,6,9,MBBS / Doctor
5897,5,6,8,7,5,6,7,6,6,5,9,5,4,8,10,5,10,7,8,10,6,5,3,8,7,5,9,8,7,2,9,8,Teaching / Professor
5898,8,3,4,1,5,9,7,8,5,3,7,9,3,9,6,5,7,4,5,1,6,3,9,4,1,5,6,8,8,4,6,6,CA / Accounting
5899,4,2,2,5,3,2,3,3,4,8,7,5,7,7,9,4,7,9,7,4,2,6,3,8,6,3,8,6,7,4,8,9,Psychology
5900,5,5,7,8,3,2,4,4,1,4,6,5,8,10,1,4,2,5,9,8,6,8,4,3,4,3,7,8,7,3,7,6,Pharmacy
5901,2,3,3,3,5,1,7,4,8,5,8,3,1,7,6,6,7,6,6,10,1,2,5,8,4,10,4,10,8,5,7,8,Law
5902,7,1,3,3,6,6,10,5,2,3,10,10,4,9,4,3,4,6,6,3,5,4,9,1,2,5,2,5,5,8,7,9,Finance / Banking
5903,3,5,7,10,4,3,4,5,3,7,7,3,8,9,7,8,9,10,5,4,4,10,3,6,2,4,7,8,9,4,6,10,Dentist
5904,10,4,1,1,6,8,6,7,3,5,9,7,3,7,7,6,6,4,7,4,4,3,9,1,4,6,5,9,7,4,5,7,CA / Accounting
5905,5,3,3,5,5,5,6,7,6,7,5,9,9,6,10,5,6,8,7,9,7,2,4,5,5,6,9,9,7,3,5,9,Teaching / Professor
5906,6,3,8,7,6,1,4,3,4,7,6,5,9,8,8,7,5,10,7,4,4,9,3,2,3,3,4,7,8,4,7,6,MBBS / Doctor
5907,5,1,6,10,5,1,3,2,5,5,4,4,7,4,7,6,5,9,5,3,4,8,4,4,4,2,6,10,7,3,7,6,MBBS / Doctor
5908,5,3,3,2,5,3,4,1,4,4,5,4,4,10,7,3,8,7,8,7,7,3,4,7,3,5,10,9,7,6,6,7,Teaching / Professor
5909,6,5,6,3,8,2,6,5,5,7,7,6,7,7,9,5,5,9,6,10,4,3,4,7,5,8,7,5,4,1,5,7,Teaching / Professor
5910,7,3,7,10,6,3,1,4,1,6,7,5,9,6,9,4,9,5,5,8,5,9,1,3,4,1,6,7,8,6,7,8,Dentist
5911,7,2,1,3,3,7,7,7,4,6,4,7,2,9,5,3,2,3,4,6,4,2,10,2,6,3,2,10,6,2,5,4,CA / Accounting
5912,4,5,4,7,4,3,1,5,6,4,10,5,8,9,8,6,4,7,7,6,7,8,2,4,6,3,5,9,5,5,7,10,MBBS / Doctor
5913,4,5,4,4,2,3,8,5,8,6,5,3,6,9,7,5,3,7,5,5,5,1,1,7,9,5,3,6,8,5,6,6,Civil Services
5914,3,5,2,1,6,4,4,5,9,9,9,3,4,7,7,7,8,7,4,7,2,4,5,8,6,9,5,8,6,7,9,8,Law
5915,6,5,4,7,2,3,3,3,7,5,7,7,4,8,8,8,6,8,8,5,6,4,2,8,3,3,8,7,7,4,6,7,Teaching / Professor
5916,6,4,6,5,5,1,6,5,7,5,6,7,7,10,10,6,6,8,9,10,6,3,3,5,7,5,5,10,7,3,8,9,Teaching / Professor
5917,3,4,6,5,6,4,4,4,6,6,8,6,5,9,10,7,6,7,7,8,8,6,4,2,3,3,10,7,4,6,7,8,Teaching / Professor
5918,5,4,5,8,3,4,5,6,3,4,5,4,5,8,7,7,4,5,3,5,7,8,2,4,3,1,2,9,7,3,6,5,Dentist
5919,3,2,5,8,2,1,4,4,5,8,7,2,8,10,9,8,8,4,6,10,5,6,3,7,5,5,8,9,5,3,10,10,Psychology
5920,6,4,5,3,5,1,5,4,5,4,6,5,7,5,10,6,6,6,7,6,6,5,6,6,5,6,10,9,5,3,6,10,Teaching / Professor
5921,10,3,6,5,7,6,7,10,6,10,9,8,6,10,7,9,6,8,6,6,10,3,7,6,7,5,6,8,9,10,10,8,Business / Management
5922,7,3,4,7,6,5,3,7,9,7,7,6,7,7,8,5,4,7,4,8,8,3,2,5,3,7,8,6,10,3,6,8,Teaching / Professor
5923,1,5,5,8,3,1,2,2,4,4,7,7,6,7,8,6,7,7,1,3,6,8,3,4,3,1,5,7,8,2,8,7,Dentist
5924,10,9,4,3,9,2,5,5,3,3,9,9,9,10,7,5,6,5,8,6,6,3,6,5,2,8,5,8,8,6,7,10,Engineering
5925,3,1,1,1,2,3,7,6,9,9,7,7,5,8,6,8,10,8,5,9,4,3,3,8,5,6,5,6,5,3,6,8,Law
5926,6,4,1,2,5,9,5,7,1,4,8,7,1,6,7,6,5,5,5,3,1,2,10,2,3,7,4,8,6,4,6,6,CA / Accounting
5927,6,1,4,3,6,3,4,6,7,5,6,5,4,6,10,7,8,8,3,9,4,4,3,8,7,8,8,9,9,4,8,9,Civil Services
5928,3,6,8,9,5,2,2,3,5,2,5,5,5,7,6,6,7,3,8,5,6,9,2,3,2,3,6,8,5,2,5,4,Pharmacy
5929,4,4,4,6,1,2,5,3,5,7,4,2,5,7,8,7,8,6,7,8,5,2,1,5,5,1,9,6,6,2,7,8,Teaching / Professor
5930,5,1,1,2,5,8,4,7,4,2,5,9,4,7,4,3,4,1,1,3,7,2,9,1,1,3,6,6,7,4,4,4,CA / Accounting
5931,6,3,4,6,8,5,8,8,4,4,8,7,5,7,8,10,10,6,8,10,7,3,9,4,6,5,6,5,7,5,10,10,Business / Management
5932,6,7,9,9,3,1,1,3,4,6,9,2,9,9,3,7,10,9,7,5,6,10,2,7,5,6,8,9,8,4,9,7,MBBS / Doctor
5933,5,5,5,3,6,3,6,10,5,4,9,6,5,8,8,6,9,2,6,7,8,3,8,5,4,5,7,7,5,7,9,10,Business / Management
5934,6,5,6,7,7,7,6,2,7,7,7,6,5,8,9,6,7,10,9,9,5,5,5,8,6,7,10,8,8,5,8,9,Teaching / Professor
5935,3,5,4,4,5,2,5,4,8,5,6,1,5,9,10,4,10,9,9,10,8,2,2,9,6,9,4,10,6,8,9,8,Journalism / Media
5936,8,4,1,2,5,6,7,8,4,2,7,9,4,7,8,7,5,4,5,2,8,1,10,2,5,2,3,7,9,8,8,8,Finance / Banking
5937,3,5,1,3,7,1,4,5,7,7,8,3,1,6,10,7,9,9,8,10,9,1,3,6,7,7,5,6,5,9,10,6,Journalism / Media
5938,5,5,2,3,7,10,7,5,1,3,10,9,5,6,8,7,4,5,3,4,4,1,8,2,2,8,2,10,5,3,6,8,CA / Accounting
5939,9,7,4,4,6,3,5,3,4,2,8,6,10,8,4,3,8,4,5,5,9,4,3,4,4,4,5,8,6,5,6,6,Engineering
5940,5,3,1,1,6,7,7,6,1,2,7,8,3,8,6,6,6,3,5,4,6,1,7,5,1,6,2,3,6,3,4,6,Finance / Banking
5941,6,9,4,5,7,3,3,3,2,4,8,8,6,7,6,4,8,4,6,5,8,1,2,6,4,1,5,6,5,4,8,3,Engineering
5942,5,4,5,7,6,6,10,9,6,4,10,6,6,9,9,9,9,9,8,7,7,3,10,6,6,7,9,6,7,10,10,10,Business / Management
5943,4,2,3,5,1,1,4,3,1,10,5,2,7,4,7,8,8,10,6,6,5,4,2,6,2,2,7,6,6,3,7,10,Psychology
5944,5,5,8,4,5,2,4,6,10,7,5,6,6,7,8,5,7,6,7,8,6,1,3,5,5,8,8,8,6,2,5,8,Teaching / Professor
5945,3,5,7,8,4,3,3,6,5,3,7,7,7,9,8,6,9,6,5,5,8,9,3,4,4,5,5,8,9,5,8,7,Dentist
5946,3,4,3,6,3,3,4,5,7,6,8,4,4,5,9,6,10,9,10,8,8,2,6,9,8,8,6,4,10,6,6,10,Journalism / Media
5947,5,6,5,7,5,5,6,2,7,4,7,6,6,8,10,4,7,8,8,6,8,4,5,7,5,4,10,7,9,6,9,8,Teaching / Professor
5948,5,4,4,4,5,4,6,7,9,4,9,4,2,6,8,5,7,8,7,7,4,6,5,8,7,7,3,6,7,5,7,10,Law
5949,5,6,5,9,4,5,2,3,3,7,5,4,6,8,7,5,7,6,2,4,4,10,1,2,2,1,7,9,7,4,7,9,Dentist
5950,8,3,3,3,5,8,5,8,2,1,8,8,5,8,5,8,2,5,7,2,10,2,9,5,4,2,1,5,5,5,6,2,Finance / Banking
5951,7,4,1,1,4,7,7,7,3,3,8,7,2,5,3,4,5,4,4,3,9,2,8,2,6,1,2,5,6,6,6,5,Finance / Banking
5952,6,4,1,5,5,6,9,8,5,6,8,6,4,7,10,9,9,7,6,6,7,4,9,9,5,4,3,5,6,4,8,10,Business / Management
5953,2,3,3,1,6,1,3,5,8,4,7,1,1,5,7,6,7,4,7,9,8,3,1,5,4,6,5,3,8,6,4,7,Journalism / Media
5954,5,2,1,2,5,10,8,5,3,4,6,7,4,6,5,5,4,3,3,3,6,2,8,2,2,5,4,7,6,2,6,6,CA / Accounting
5955,9,9,5,4,9,3,3,3,4,6,10,9,7,9,5,6,6,3,7,5,9,4,4,5,4,4,4,7,8,5,7,5,Engineering
5956,7,7,10,9,3,3,2,1,3,4,5,5,10,9,9,5,3,3,6,7,6,9,3,5,2,2,2,8,8,3,4,5,Pharmacy
5957,3,1,1,3,3,3,5,6,6,6,7,5,3,8,9,10,5,9,8,8,6,6,3,8,5,10,7,6,6,6,9,10,Law
5958,3,3,1,4,3,9,7,6,4,4,8,9,3,5,5,3,3,4,1,4,5,1,8,3,1,4,2,7,8,3,4,5,CA / Accounting
5959,2,2,3,1,7,9,8,8,4,5,7,7,2,8,5,6,4,5,6,5,4,2,9,4,3,3,5,6,9,6,7,5,Finance / Banking
5960,5,6,3,3,7,2,5,3,8,4,6,6,3,7,7,8,7,8,5,9,7,4,2,7,10,9,5,10,10,3,10,8,Civil Services
5961,4,7,6,6,5,3,2,5,3,7,7,5,6,10,9,6,7,7,6,4,6,10,5,3,2,3,6,7,7,5,6,10,Dentist
5962,5,5,5,5,4,6,4,5,4,4,6,4,5,6,10,6,4,8,7,10,6,6,3,5,6,3,10,8,4,4,7,6,Teaching / Professor
5963,5,4,6,9,5,3,1,3,2,7,8,6,8,9,8,6,6,9,9,3,5,8,6,4,1,3,4,9,8,5,8,10,Dentist
5964,8,3,1,2,4,10,5,8,3,4,9,8,3,10,7,7,6,7,5,4,7,1,10,5,4,5,5,7,6,4,6,7,CA / Accounting
5965,1,3,1,1,5,2,4,2,7,7,6,5,7,8,10,7,9,8,6,10,7,3,4,8,3,9,2,5,6,7,5,10,Journalism / Media
5966,8,1,3,4,5,8,9,5,1,1,8,7,1,7,4,6,5,4,3,5,3,3,9,3,5,6,4,7,8,6,8,6,CA / Accounting
5967,6,3,5,2,6,7,8,8,1,4,7,9,3,7,7,5,8,3,7,3,6,2,8,2,3,5,4,9,8,6,3,4,Finance / Banking
5968,3,4,1,3,3,2,7,7,9,3,6,7,6,9,8,8,7,10,6,7,5,1,5,8,8,6,5,9,9,4,7,9,Civil Services
5969,7,5,7,8,7,2,2,5,3,3,4,5,6,8,6,3,6,5,6,1,3,8,2,3,2,5,6,10,5,4,5,2,Pharmacy
5970,9,7,3,4,3,8,8,9,3,3,9,7,3,8,3,6,8,3,4,6,9,2,9,7,5,3,5,7,7,4,7,8,Finance / Banking
5971,7,5,3,3,5,8,7,6,3,1,5,8,1,8,5,6,3,7,4,4,5,1,10,4,5,6,7,9,7,4,5,5,CA / Accounting
5972,9,2,2,3,9,7,6,8,2,2,9,8,2,9,5,4,5,1,4,4,5,1,9,3,4,4,3,7,7,10,8,5,Finance / Banking
5973,5,5,3,6,2,3,6,6,6,10,8,3,6,8,8,3,8,8,9,8,5,6,2,9,4,3,5,8,5,5,7,10,Psychology
5974,9,5,4,1,6,6,6,4,2,2,9,8,3,9,7,5,5,3,2,5,8,2,9,3,6,4,4,8,9,7,8,7,Finance / Banking
5975,6,4,5,4,5,5,5,5,5,7,7,5,3,10,9,9,8,5,3,7,6,2,10,5,1,4,4,6,6,9,8,8,Business / Management
5976,3,5,6,4,3,2,5,5,7,5,4,8,8,6,9,7,7,10,6,6,5,2,3,5,3,4,7,6,6,4,5,8,Teaching / Professor
5977,3,4,1,3,3,6,6,10,4,4,4,6,5,9,9,9,9,7,6,5,6,1,8,7,5,4,6,6,8,6,10,7,Business / Management
5978,5,5,3,3,6,10,6,6,4,3,9,6,2,9,7,5,5,4,7,2,6,1,10,3,3,6,3,8,8,2,5,8,CA / Accounting
5979,8,6,5,2,7,8,9,4,3,5,10,9,5,9,6,4,7,7,5,6,7,1,9,3,5,5,3,5,7,9,6,8,Finance / Banking
5980,10,7,6,3,8,6,5,8,4,7,6,8,7,10,7,3,6,4,8,7,9,3,6,3,5,5,5,8,8,8,6,7,Engineering
5981,6,3,4,4,6,5,9,10,2,7,7,7,7,4,9,10,7,4,7,5,8,5,8,6,4,6,4,5,8,6,9,5,Business / Management
5982,4,4,7,8,5,2,7,2,2,3,7,2,6,6,8,8,4,8,2,4,6,8,3,1,3,4,7,9,8,2,6,10,MBBS / Doctor
5983,7,8,6,6,10,5,5,5,3,5,7,5,9,6,6,4,8,6,7,6,8,6,5,3,4,3,4,4,7,4,3,5,Engineering
5984,6,4,3,1,6,9,8,8,5,3,8,9,4,6,5,8,6,5,7,3,7,2,8,3,6,3,5,7,9,8,7,5,Finance / Banking
5985,2,2,1,5,6,3,2,3,6,8,7,5,3,8,9,6,10,9,7,10,9,4,4,10,4,4,6,7,5,5,9,9,Journalism / Media
5986,5,5,6,3,5,3,6,4,8,8,8,3,5,8,10,10,8,9,6,10,6,3,5,9,10,8,6,8,7,5,10,7,Civil Services
5987,5,4,4,5,4,5,7,6,8,6,8,5,3,10,8,8,6,8,7,7,5,3,7,10,10,10,7,7,6,6,10,7,Civil Services
5988,2,2,4,4,5,4,8,2,6,4,7,5,2,9,8,10,7,7,4,5,3,1,1,7,10,8,3,8,7,3,8,6,Civil Services
5989,6,5,10,10,5,4,3,2,3,6,6,4,6,7,8,8,7,8,4,4,5,10,1,3,6,2,5,9,8,4,8,6,MBBS / Doctor
5990,6,2,3,2,8,10,8,7,5,1,9,7,1,7,5,3,2,1,3,4,5,2,8,5,3,6,4,7,10,6,6,7,CA / Accounting
5991,4,5,4,3,6,2,9,6,9,4,6,5,4,9,5,8,10,10,7,10,5,1,6,10,9,7,6,9,10,6,9,10,Civil Services
5992,1,4,3,1,3,4,5,4,5,7,5,4,3,8,8,7,9,6,4,8,5,4,1,6,5,6,4,5,6,4,9,8,Journalism / Media
5993,7,3,3,3,5,7,9,8,3,4,7,10,2,8,7,5,4,4,4,5,6,2,6,3,4,6,2,8,8,4,8,5,Finance / Banking
5994,4,7,6,3,6,3,3,4,5,3,6,3,4,7,9,6,7,5,6,9,7,3,3,8,3,5,8,5,5,3,5,8,Teaching / Professor
5995,2,2,1,2,4,1,1,7,8,4,8,6,5,5,7,7,8,4,6,7,4,2,3,7,6,10,4,8,7,6,4,6,Law
5996,8,5,2,1,7,5,8,8,4,2,10,9,4,9,7,6,7,4,7,3,7,3,10,5,3,6,3,8,8,5,8,5,Finance / Banking
5997,1,2,1,5,6,1,4,2,6,4,8,5,1,9,10,6,5,7,6,8,4,3,8,7,6,7,2,9,6,6,8,9,Law
5998,3,2,3,6,4,3,4,5,6,10,8,2,5,7,7,6,8,9,7,6,4,5,5,8,3,7,6,7,6,4,9,10,Psychology
5999,9,6,1,5,5,8,10,6,6,6,8,10,3,8,8,6,10,3,8,2,3,3,10,7,7,5,5,7,10,5,7,8,Finance / Banking
6000,5,4,2,2,5,3,3,5,7,5,9,1,3,9,9,6,9,5,6,10,4,2,5,9,10,10,5,8,5,7,10,10,Law
6001,2,3,3,4,7,2,4,4,8,6,8,1,4,9,10,6,9,6,8,8,5,1,1,8,5,7,6,4,7,5,9,10,Journalism / Media
6002,3,7,4,5,3,4,5,5,5,6,6,6,6,7,7,6,5,7,6,8,6,3,2,6,5,6,10,10,9,4,6,8,Teaching / Professor
6003,4,5,10,9,5,4,4,4,6,2,8,4,8,8,7,7,6,8,7,5,5,9,1,7,4,3,7,9,10,6,8,9,MBBS / Doctor
6004,9,5,5,1,5,7,9,5,2,4,5,5,3,10,6,5,5,5,5,3,5,3,8,5,5,3,2,6,7,7,6,5,Finance / Banking
6005,4,2,2,3,5,10,7,4,4,4,7,10,4,6,6,8,4,2,4,3,5,1,9,3,5,6,4,7,6,4,6,5,CA / Accounting
6006,6,3,5,3,9,6,8,9,5,5,6,7,6,6,10,10,8,6,7,9,9,3,8,6,4,5,7,8,7,6,10,10,Business / Management
6007,8,4,4,2,8,7,7,6,1,2,9,10,2,9,3,5,5,6,8,4,7,4,10,6,2,5,3,9,8,5,9,7,Finance / Banking
6008,4,4,7,9,5,3,2,4,3,5,8,5,9,6,6,3,10,7,6,4,5,8,2,1,5,2,6,6,8,3,6,4,Pharmacy
6009,3,1,2,4,4,1,3,2,4,10,6,4,6,9,7,6,6,10,5,6,2,9,2,7,1,4,5,6,2,2,5,8,Psychology
6010,2,3,4,3,6,3,6,5,7,5,8,2,5,8,8,9,5,5,8,5,6,2,4,6,7,8,6,7,7,2,6,6,Civil Services
6011,8,2,2,2,4,3,5,6,8,6,8,2,4,8,9,7,5,6,3,7,4,1,4,6,7,7,6,8,6,5,8,5,Law
6012,2,5,5,3,5,1,1,5,3,3,5,5,5,8,10,6,6,8,8,5,6,2,2,7,3,6,7,8,4,2,8,5,Teaching / Professor
6013,3,4,10,7,1,1,3,2,3,3,6,4,8,6,3,6,4,7,7,4,4,8,2,3,3,1,5,8,9,3,6,3,Pharmacy
6014,6,4,7,10,5,4,3,2,6,6,6,6,10,9,6,9,6,8,6,7,4,8,5,4,6,6,7,8,9,7,9,7,MBBS / Doctor
6015,8,2,2,1,5,6,7,6,5,5,5,10,5,7,8,8,4,3,6,3,7,1,10,3,3,3,2,8,9,6,6,6,Finance / Banking
6016,7,6,3,4,6,7,9,5,5,7,5,8,4,7,7,10,4,5,4,3,8,1,7,4,5,3,3,4,8,7,7,5,Finance / Banking
6017,5,4,1,4,1,10,7,7,4,4,10,10,3,7,8,8,4,3,2,4,6,3,10,5,5,4,3,9,8,5,4,4,CA / Accounting
6018,7,4,4,3,4,6,6,6,4,3,7,7,3,8,6,8,4,4,5,5,8,2,10,6,3,6,6,5,4,7,7,3,Finance / Banking
6019,6,1,6,4,5,5,6,8,3,6,7,6,6,7,8,6,9,6,4,7,6,6,7,5,2,6,5,6,9,8,7,5,Business / Management
6020,7,5,4,5,4,6,8,6,9,5,9,5,6,6,10,10,8,10,7,8,3,3,3,8,9,7,3,9,7,6,6,10,Civil Services
6021,4,2,3,2,6,2,4,5,6,5,9,4,2,5,10,8,10,8,6,8,7,1,4,9,5,6,4,6,8,9,6,8,Journalism / Media
6022,7,7,8,8,4,1,4,6,5,5,8,5,9,6,9,7,5,7,9,5,5,7,5,6,3,1,3,9,7,3,7,5,Pharmacy
6023,9,3,1,1,3,9,8,8,4,3,10,10,1,7,7,8,5,3,3,2,5,1,7,5,4,5,2,10,8,6,6,5,CA / Accounting
6024,9,7,7,4,8,3,8,2,5,2,8,7,4,9,6,3,8,7,9,6,9,6,7,6,3,4,6,4,8,10,8,8,Engineering
6025,6,2,1,4,5,9,7,8,8,7,9,7,2,8,2,5,5,1,5,3,5,3,10,4,6,5,3,10,9,5,4,4,CA / Accounting
6026,2,4,3,3,2,1,3,1,4,8,6,3,6,6,6,2,7,8,4,6,2,7,1,9,3,4,7,8,6,1,10,6,Psychology
6027,5,6,8,10,5,2,4,5,5,6,7,7,10,8,9,6,6,10,7,8,5,9,4,2,5,5,7,6,6,4,9,9,MBBS / Doctor
6028,5,4,4,1,8,2,5,2,9,7,5,5,4,9,10,10,6,5,6,7,4,2,2,8,9,6,5,10,7,6,8,9,Civil Services
6029,2,2,7,8,4,1,4,3,2,3,6,3,7,8,6,6,7,5,6,5,5,8,4,4,1,4,4,5,9,1,6,8,Dentist
6030,5,2,3,5,5,4,5,8,6,3,6,3,3,8,5,8,8,6,4,5,7,1,8,1,3,5,6,5,7,8,10,7,Business / Management
6031,4,5,5,1,5,4,4,7,10,6,10,5,2,8,6,8,8,8,6,9,6,2,4,10,6,8,6,7,9,6,7,9,Law
6032,4,3,5,5,4,4,5,6,10,6,8,4,4,9,8,8,6,4,6,6,2,2,5,7,9,8,5,9,7,3,8,9,Civil Services
6033,4,1,5,4,3,4,3,1,7,6,6,2,3,8,9,8,4,5,5,9,3,1,4,6,9,9,2,9,6,2,8,7,Civil Services
6034,3,5,4,3,6,2,4,5,5,6,7,2,4,6,10,9,9,8,7,8,7,1,3,10,6,9,3,6,7,5,6,9,Journalism / Media
6035,8,4,3,2,5,10,7,7,4,3,9,9,2,9,4,4,4,2,6,3,4,2,10,3,4,6,6,7,6,2,6,6,CA / Accounting
6036,5,4,2,7,4,4,4,4,5,5,5,7,7,7,9,7,5,8,7,8,4,1,2,5,6,6,10,8,6,3,7,8,Teaching / Professor
6037,3,3,6,3,3,4,6,5,9,8,5,3,4,10,8,5,6,9,10,8,3,3,5,7,8,10,6,10,5,3,4,8,Civil Services
6038,6,3,1,1,3,9,7,8,5,2,7,10,3,7,7,7,4,4,5,5,5,3,8,4,5,5,4,7,8,4,6,6,CA / Accounting
6039,4,2,3,5,6,3,6,5,7,4,8,1,3,3,8,7,6,8,7,8,6,5,2,8,5,7,4,3,5,8,9,7,Journalism / Media
6040,6,5,4,1,6,9,4,5,4,1,10,10,4,5,7,7,5,5,7,2,5,1,10,3,2,5,1,8,7,3,7,3,CA / Accounting
6041,2,3,1,6,4,2,5,3,4,10,6,2,4,5,7,5,7,10,7,8,4,5,3,9,3,4,7,7,4,2,10,8,Psychology
6042,6,3,4,7,4,2,5,5,6,3,5,8,7,5,8,9,7,7,6,8,7,7,5,7,4,4,9,6,8,4,7,6,Teaching / Professor
6043,9,9,7,5,8,3,4,5,3,4,9,10,8,10,5,3,8,4,6,3,7,1,3,4,4,6,6,5,8,7,7,6,Engineering
6044,5,5,3,7,5,8,7,6,7,1,8,10,1,7,8,4,5,3,7,6,6,1,10,5,5,4,4,6,6,6,7,7,Finance / Banking
6045,4,7,7,8,6,2,1,4,3,4,7,7,7,7,6,5,3,5,7,3,7,5,5,2,1,2,6,9,6,3,6,5,Pharmacy
6046,6,4,9,7,6,4,4,6,4,5,10,8,5,9,8,5,10,8,4,5,8,10,8,6,1,2,5,9,7,3,7,9,Dentist
6047,2,2,1,1,5,4,5,5,8,6,5,2,5,5,7,7,7,7,2,9,3,2,3,10,4,7,5,4,7,6,8,10,Journalism / Media
6048,3,4,4,5,6,4,6,7,9,4,7,4,5,5,10,7,7,7,3,8,5,4,6,8,8,9,6,9,6,6,7,8,Law
6049,6,5,7,9,5,3,1,3,7,7,9,6,9,8,8,10,6,10,7,6,7,10,2,6,3,5,8,10,8,6,10,9,MBBS / Doctor
6050,4,4,6,4,5,6,7,10,5,8,6,5,6,6,8,10,5,7,3,5,6,3,7,7,5,5,4,7,10,8,8,7,Business / Management
6051,6,1,1,3,5,2,4,8,6,4,8,8,3,7,9,9,9,7,7,10,5,6,5,8,8,10,8,10,6,7,8,9,Law
6052,8,5,4,6,2,1,5,3,7,6,7,5,7,6,6,8,8,8,10,6,7,4,1,6,5,3,8,8,5,5,10,7,Teaching / Professor
6053,2,1,1,2,7,2,5,7,6,7,6,4,3,7,10,7,6,7,7,8,4,2,3,10,9,6,6,6,6,5,6,9,Journalism / Media
6054,5,3,7,8,6,3,1,5,5,5,8,5,7,10,6,6,5,7,5,5,5,8,2,4,3,3,6,9,6,5,9,9,Dentist
6055,6,1,3,1,6,9,7,8,5,5,10,8,2,7,8,3,3,3,5,2,6,4,7,2,4,6,5,10,9,3,6,3,CA / Accounting
6056,6,4,2,5,5,9,6,7,4,5,8,10,3,9,6,5,4,4,6,7,8,2,8,5,3,6,5,5,9,5,7,8,Finance / Banking
6057,5,1,3,3,8,4,3,4,8,5,6,4,1,8,10,4,9,5,8,8,5,4,1,7,6,10,8,7,7,5,8,7,Journalism / Media
6058,2,3,6,8,3,1,3,4,4,5,6,1,9,8,9,4,6,8,5,4,5,9,3,5,2,2,8,9,8,4,10,7,Dentist
6059,6,1,2,1,4,9,8,7,3,4,8,5,5,9,5,3,2,2,5,3,5,2,8,4,3,6,6,6,6,6,8,7,Finance / Banking
6060,7,3,7,8,6,1,1,4,5,4,9,6,8,9,9,5,6,7,3,9,7,10,3,3,1,4,6,7,6,4,6,8,Dentist
6061,6,5,8,10,7,2,5,3,5,7,9,6,9,10,8,7,4,9,6,6,7,8,2,4,5,3,10,10,10,3,9,7,MBBS / Doctor
6062,8,10,5,6,5,3,5,8,3,6,10,7,7,9,4,6,10,6,7,6,10,5,4,7,6,6,4,6,7,7,5,7,Engineering
6063,5,5,7,6,3,4,3,4,4,6,7,4,7,7,7,7,5,9,9,4,7,9,3,5,6,4,6,8,6,3,9,9,MBBS / Doctor
6064,5,2,2,3,4,4,5,4,8,3,8,3,3,8,6,5,8,8,9,7,3,1,4,5,5,9,2,7,8,5,7,6,Law
6065,6,3,8,9,4,2,2,4,3,5,6,5,8,9,8,6,7,6,7,5,3,7,1,2,4,1,3,7,5,6,9,10,Dentist
6066,8,3,1,2,7,7,7,8,4,3,8,5,4,10,8,6,5,5,6,4,4,1,8,4,3,5,7,8,7,9,8,7,Finance / Banking
6067,10,3,3,3,6,5,9,8,4,3,10,8,6,5,6,8,5,1,4,5,9,2,10,5,4,5,6,6,6,4,8,6,Finance / Banking
6068,5,3,7,9,3,2,2,2,5,5,7,6,8,9,9,8,6,9,7,7,4,9,3,5,8,3,4,9,9,3,8,8,MBBS / Doctor
6069,4,3,6,9,1,3,1,1,3,4,7,3,4,8,6,6,6,8,3,3,4,8,2,5,2,3,5,9,9,4,4,8,Dentist
6070,5,8,4,2,8,5,6,3,5,1,7,6,7,8,6,6,7,6,6,4,9,4,3,4,5,2,7,5,6,5,10,5,Engineering
6071,5,3,8,10,3,3,1,5,2,4,7,3,7,8,6,3,7,6,7,5,6,6,1,2,1,2,5,10,6,3,8,8,Dentist
6072,6,4,3,3,5,8,6,8,5,4,10,8,3,8,10,6,9,5,4,8,8,2,10,6,4,6,4,6,6,5,8,7,Finance / Banking
6073,4,5,7,10,5,2,4,5,6,3,6,7,9,8,3,6,5,6,8,2,4,10,3,7,5,3,5,8,6,4,10,6,Pharmacy
6074,8,3,2,5,7,5,8,9,3,3,7,5,4,7,5,5,9,5,4,6,5,1,8,4,4,6,5,7,7,10,9,9,Business / Management
6075,4,4,3,5,6,3,3,7,10,7,5,6,4,8,6,6,7,6,9,6,5,1,2,6,4,10,4,6,7,5,7,8,Law
6076,10,3,4,5,5,8,10,7,4,6,8,8,3,10,8,7,6,3,6,4,7,2,10,7,3,6,4,8,8,6,6,7,Finance / Banking
6077,5,2,10,8,7,4,2,3,4,4,9,6,10,8,5,6,6,6,9,3,6,9,4,1,4,1,3,6,7,4,9,7,Pharmacy
6078,7,4,5,4,9,9,5,9,1,6,10,10,4,8,9,5,5,4,5,4,7,3,10,4,4,1,6,5,8,7,9,5,Finance / Banking
6079,4,3,2,1,5,6,6,6,2,4,6,6,1,10,5,3,5,4,5,4,8,1,8,1,3,4,2,9,6,3,7,9,Finance / Banking
6080,6,4,7,9,5,1,5,3,5,6,10,7,10,10,7,6,4,8,7,5,4,10,2,4,5,3,4,8,9,4,5,9,MBBS / Doctor
6081,4,4,5,7,4,7,2,2,4,2,4,5,9,5,6,3,3,7,6,3,6,9,1,5,2,1,4,6,4,2,10,6,Pharmacy
6082,4,5,10,9,4,1,1,1,3,5,6,7,10,8,4,7,7,3,8,4,3,9,5,2,3,3,7,8,6,3,7,6,Pharmacy
6083,4,6,7,9,2,4,4,5,5,5,10,4,8,9,6,6,7,7,6,6,7,8,3,6,3,3,4,6,8,1,7,10,Dentist
6084,4,2,9,8,3,2,3,7,3,2,8,6,10,4,4,2,6,4,4,5,6,6,3,4,2,5,5,6,5,3,5,5,Pharmacy
6085,3,4,8,6,3,1,5,1,1,3,5,4,8,8,4,3,5,7,8,1,5,9,1,3,2,5,5,8,8,1,7,4,Pharmacy
6086,5,2,10,9,4,1,3,5,2,2,5,9,9,6,9,6,7,6,9,4,4,8,3,3,2,2,4,7,8,4,4,3,Pharmacy
6087,7,8,4,4,9,4,4,5,4,7,6,7,10,8,3,5,3,5,8,4,8,5,2,3,4,3,5,5,7,6,8,6,Engineering
6088,5,3,5,2,5,5,8,9,4,5,8,6,3,6,10,7,8,7,5,5,5,5,5,4,4,4,5,3,7,9,9,7,Business / Management
6089,6,2,7,8,7,1,4,6,1,5,9,2,8,7,6,4,10,8,4,4,3,8,3,2,1,3,5,9,8,4,7,8,Dentist
6090,6,3,4,2,5,4,6,8,5,8,6,4,4,7,5,10,8,6,2,6,5,3,7,5,3,4,5,6,6,6,7,7,Business / Management
6091,2,1,3,2,5,4,4,6,8,4,8,6,3,5,6,7,7,3,5,7,5,1,4,6,9,10,7,8,5,3,9,7,Civil Services
6092,4,3,6,4,4,1,7,2,8,2,5,6,6,10,8,8,4,6,6,5,5,3,1,9,8,7,7,10,9,5,5,8,Civil Services
6093,7,3,5,3,4,7,7,5,10,4,9,6,6,7,10,7,7,4,7,10,4,4,5,8,10,7,6,9,8,5,7,7,Civil Services
6094,4,5,4,1,4,1,4,5,6,7,6,6,5,5,7,6,9,9,4,9,7,2,6,6,5,5,5,7,4,6,10,10,Journalism / Media
6095,7,1,2,3,6,10,5,5,2,3,5,8,3,7,5,5,3,4,4,2,8,3,9,5,4,3,5,8,8,6,3,6,CA / Accounting
6096,4,3,5,1,4,5,4,7,4,5,4,6,5,6,10,9,6,8,3,7,6,3,6,4,3,4,6,3,7,7,8,9,Business / Management
6097,4,4,6,6,4,4,2,3,1,1,3,6,8,7,4,5,6,5,5,5,3,7,3,2,4,2,5,5,8,3,7,6,Pharmacy
6098,6,3,3,4,5,3,6,4,9,3,7,4,3,7,10,8,4,5,7,6,4,1,4,7,8,6,7,8,8,2,7,8,Civil Services
6099,3,4,3,5,7,4,6,2,5,7,7,7,6,8,9,6,7,9,7,7,5,9,2,9,4,5,6,8,6,4,6,8,Psychology
6100,8,2,2,3,7,7,5,6,5,2,9,7,2,6,6,6,3,3,2,4,4,1,9,4,5,5,2,7,6,4,7,4,CA / Accounting
6101,5,4,3,3,6,4,8,5,10,5,6,5,3,10,10,7,6,8,5,6,7,4,2,6,10,10,7,7,7,2,10,6,Civil Services
6102,6,2,2,1,3,7,6,6,2,3,5,10,1,7,4,6,6,4,2,3,5,1,10,6,5,2,7,7,6,2,6,2,CA / Accounting
6103,9,5,7,1,6,3,7,4,4,4,6,7,5,6,6,4,7,3,6,4,10,3,5,3,4,2,4,6,5,4,5,2,Engineering
6104,4,2,1,4,8,7,6,7,5,5,7,6,4,9,9,8,6,2,3,5,7,2,6,6,4,4,7,7,6,7,9,8,Business / Management
6105,2,4,2,3,3,5,7,5,9,6,9,8,6,10,7,8,5,9,9,7,4,2,1,9,9,9,4,10,9,2,7,7,Civil Services
6106,6,6,7,3,9,1,4,3,3,5,5,8,7,7,3,5,6,5,6,7,8,1,4,4,5,5,5,9,5,5,5,5,Engineering
6107,4,2,1,4,5,5,5,6,9,4,10,2,4,7,8,8,9,7,6,7,3,2,6,8,6,9,7,9,8,4,7,10,Law
6108,2,5,4,2,5,3,7,8,9,6,7,6,3,8,8,8,5,6,6,7,4,2,4,6,9,7,7,7,8,5,7,8,Civil Services
6109,9,6,4,4,9,5,3,4,6,7,7,7,8,8,5,6,9,3,9,4,9,6,4,4,5,4,6,7,8,4,6,4,Engineering
6110,7,9,6,4,8,2,5,4,2,2,8,10,7,8,6,8,7,4,8,5,10,4,2,2,6,6,5,6,9,5,6,7,Engineering
6111,5,2,2,2,2,1,5,2,3,10,6,3,6,5,7,5,5,9,6,7,3,6,3,7,3,5,8,5,7,2,7,10,Psychology
6112,6,3,5,5,6,5,10,7,6,7,7,6,4,8,10,9,10,6,7,8,7,5,5,6,3,5,5,5,5,9,9,8,Business / Management
6113,3,6,1,1,2,8,4,3,2,2,7,9,4,7,6,5,5,5,3,1,4,1,8,3,3,2,3,8,9,3,6,5,CA / Accounting
6114,6,4,9,9,2,1,4,5,7,5,6,7,7,10,4,5,5,4,7,2,5,10,1,1,3,1,6,8,8,1,7,10,Pharmacy
6115,4,4,4,5,9,7,8,9,5,4,8,6,7,9,10,9,8,8,6,8,8,5,9,3,4,7,4,4,8,10,9,10,Business / Management
6116,9,3,1,4,5,10,6,7,4,4,7,9,3,5,9,8,4,5,4,3,7,1,10,3,3,5,6,8,7,1,6,3,CA / Accounting
6117,9,8,6,4,9,3,10,3,4,4,10,7,9,10,7,8,10,5,7,3,10,3,4,3,5,2,6,6,6,9,9,8,Engineering
6118,6,1,3,4,7,2,6,4,3,6,8,2,3,6,8,5,9,7,6,8,4,1,4,5,4,8,4,6,6,4,9,6,Journalism / Media
6119,6,6,2,3,5,6,9,8,1,7,7,6,6,7,7,8,8,7,7,7,7,4,6,7,4,4,3,7,7,8,6,8,Business / Management
6120,7,2,1,4,3,8,7,6,1,4,7,10,3,8,6,3,3,2,5,3,5,1,10,2,4,6,4,7,7,1,4,5,CA / Accounting
6121,4,3,2,5,5,3,5,8,7,4,8,4,4,8,9,8,6,8,6,9,4,1,4,10,4,10,2,8,9,3,6,10,Law
6122,4,2,6,6,1,4,5,7,3,7,8,3,5,9,7,5,7,6,5,6,4,9,4,4,3,4,5,8,6,6,7,7,Dentist
6123,8,2,1,2,6,6,7,9,4,3,9,8,6,7,6,6,4,5,5,5,7,2,10,5,2,5,6,3,6,8,9,7,Finance / Banking
6124,7,3,3,6,6,3,5,4,6,5,5,6,6,8,7,8,9,7,5,6,4,1,3,6,5,3,6,9,9,5,7,6,Teaching / Professor
6125,6,5,6,6,5,1,4,4,6,6,7,5,7,7,9,5,6,8,6,10,6,4,4,4,5,3,10,7,8,2,8,8,Teaching / Professor
6126,4,1,4,2,4,6,7,7,3,1,8,10,2,8,5,5,4,2,3,3,6,1,8,3,6,3,4,9,6,5,7,6,CA / Accounting
6127,4,9,5,4,4,4,7,5,9,9,7,7,5,6,8,7,7,8,7,8,5,2,5,10,10,8,7,8,10,5,8,7,Civil Services
6128,6,5,10,10,8,1,3,3,2,7,7,3,8,10,9,6,5,10,4,7,3,10,4,3,4,4,4,9,9,2,9,8,MBBS / Doctor
6129,4,1,2,4,5,3,7,6,5,4,8,2,4,8,8,7,8,9,3,8,5,3,3,9,4,7,6,7,7,2,7,10,Journalism / Media
6130,6,3,2,3,6,8,7,6,1,2,8,7,2,8,6,5,4,5,3,4,6,2,9,3,5,4,3,6,7,7,4,7,Finance / Banking
6131,8,4,2,2,3,9,4,4,3,4,6,9,2,9,8,2,7,5,5,3,6,2,10,4,5,6,1,8,7,4,8,8,CA / Accounting
6132,3,3,7,6,2,3,4,2,1,1,8,6,7,5,8,7,5,8,3,5,3,8,2,2,1,3,6,10,8,4,5,8,Dentist
6133,8,6,6,10,5,6,4,5,6,9,7,7,8,8,8,8,5,10,9,6,5,10,1,7,4,6,5,8,9,6,8,8,MBBS / Doctor
6134,4,6,7,4,6,1,6,3,5,3,8,6,6,6,7,7,6,8,9,7,5,1,2,5,5,6,9,10,6,2,9,6,Teaching / Professor
6135,5,2,2,5,4,3,5,5,10,4,7,5,4,6,9,8,5,5,6,10,7,4,4,8,7,8,5,10,6,6,7,7,Law
6136,2,3,7,9,3,2,2,5,2,4,10,4,6,9,5,3,6,9,4,4,4,10,2,2,3,1,4,7,7,4,4,6,Dentist
6137,3,3,1,4,3,1,5,7,7,5,6,2,4,8,7,8,10,6,7,6,9,1,4,7,7,6,4,5,7,8,8,8,Journalism / Media
6138,7,5,4,2,5,10,9,9,4,5,8,8,1,6,7,8,5,3,5,5,4,4,10,2,4,3,6,6,5,6,5,8,Finance / Banking
6139,5,4,3,2,6,8,7,6,4,4,6,9,4,9,7,5,6,6,3,4,4,1,10,3,5,5,3,6,9,8,10,3,Finance / Banking
6140,5,7,4,5,6,3,5,3,4,4,7,4,6,7,10,6,8,5,8,9,7,2,4,8,3,5,9,7,6,2,7,7,Teaching / Professor
6141,6,5,8,10,5,2,4,2,5,6,10,3,9,7,6,7,5,10,6,5,8,7,1,1,4,5,7,9,7,4,8,8,MBBS / Doctor
6142,2,1,3,3,4,1,6,5,6,4,7,3,3,7,10,10,6,5,3,6,5,1,5,9,8,5,5,6,9,1,8,7,Civil Services
6143,6,1,1,2,4,8,6,5,3,2,7,9,3,6,4,7,4,4,6,5,7,1,8,1,6,4,3,8,8,4,6,7,CA / Accounting
6144,5,3,4,6,5,3,5,6,9,5,9,4,3,8,6,6,6,7,5,7,5,1,1,9,7,6,3,9,9,7,10,10,Civil Services
6145,3,2,2,4,5,1,5,4,7,7,5,3,3,5,8,6,9,6,8,8,4,3,2,10,4,5,6,5,6,5,7,8,Journalism / Media
6146,5,3,1,1,6,8,8,10,2,5,7,9,1,8,6,9,1,3,5,5,6,4,9,4,2,6,7,7,7,2,7,6,CA / Accounting
6147,3,3,2,5,6,3,6,5,10,3,10,6,2,9,8,6,8,9,5,10,6,1,4,7,7,9,5,9,8,5,9,10,Law
6148,3,2,8,9,5,2,3,3,1,3,4,8,7,7,6,4,5,4,8,2,4,8,2,4,1,4,6,7,7,3,4,7,Pharmacy
6149,7,5,4,9,5,4,5,6,3,6,6,6,5,6,6,6,5,9,5,3,4,8,3,7,6,4,5,8,8,3,6,8,MBBS / Doctor
6150,6,4,10,9,6,4,5,2,6,6,10,5,8,9,7,3,5,5,7,4,4,10,2,3,2,3,3,9,9,3,9,6,Pharmacy
6151,7,6,4,1,4,8,8,6,3,6,8,9,4,7,9,7,9,5,4,6,7,4,8,2,4,6,3,7,6,8,6,7,Finance / Banking
6152,5,3,1,5,8,3,6,10,3,6,10,7,5,9,9,8,5,7,6,7,9,5,8,5,1,5,2,3,8,10,6,8,Business / Management
6153,2,6,7,6,1,1,2,5,3,4,4,4,7,8,6,1,3,7,1,4,1,9,4,4,2,2,3,7,5,2,7,7,Dentist
6154,7,7,6,4,7,4,4,3,3,6,8,7,9,10,6,8,9,4,7,3,9,3,4,4,4,5,5,4,6,4,8,7,Engineering
6155,9,7,9,5,6,2,3,5,4,4,10,9,9,8,5,6,8,3,7,5,9,3,4,5,4,5,7,7,7,7,8,6,Engineering
6156,4,4,6,10,6,4,1,3,4,8,7,5,10,8,8,7,4,7,6,5,3,10,3,4,3,4,9,10,9,4,8,7,MBBS / Doctor
6157,6,5,5,6,4,4,6,3,5,5,6,4,5,8,7,6,8,8,8,9,6,2,3,5,6,4,10,9,7,4,9,9,Teaching / Professor
6158,4,7,4,5,6,1,3,3,6,7,7,5,4,3,8,5,6,8,5,10,6,3,3,5,3,2,5,8,4,4,7,7,Teaching / Professor
6159,5,4,8,9,4,3,5,4,3,2,7,2,9,6,5,3,4,2,9,3,4,5,2,2,1,3,4,10,6,3,9,5,Pharmacy
6160,8,10,6,4,7,5,4,6,4,4,8,10,8,8,7,6,10,6,7,8,7,4,7,5,2,4,8,8,6,6,7,7,Engineering
6161,3,3,6,3,1,1,5,1,3,6,8,4,4,7,6,3,9,7,4,4,3,7,2,8,4,3,4,7,5,4,4,9,Psychology
6162,6,5,8,9,7,2,3,4,5,6,8,5,8,9,5,5,8,7,6,7,5,8,4,4,4,1,6,10,7,3,7,7,MBBS / Doctor
6163,3,3,1,1,4,6,8,5,2,4,8,10,3,8,5,7,3,4,5,5,8,1,10,1,4,1,3,9,7,5,7,6,Finance / Banking
6164,5,5,8,7,4,4,4,3,2,5,7,5,10,10,9,5,7,8,5,4,4,8,3,4,5,4,4,8,10,5,9,7,Dentist
6165,6,3,5,7,1,1,2,6,1,3,7,3,6,7,6,5,8,7,4,5,2,7,3,4,1,1,6,10,8,6,4,7,Dentist
6166,5,4,2,3,6,7,4,5,4,2,7,8,3,8,7,5,2,9,5,6,3,1,8,3,5,4,3,6,7,5,8,6,Finance / Banking
6167,4,2,9,7,4,4,1,3,4,6,5,4,10,9,4,4,5,6,6,3,10,9,3,2,3,2,4,6,5,3,4,2,Pharmacy
6168,3,2,4,6,4,3,3,6,9,6,7,6,4,9,6,7,6,7,6,8,7,2,6,8,10,8,3,10,8,4,8,9,Civil Services
6169,2,3,1,1,7,4,4,4,6,6,5,5,2,8,8,7,9,9,4,9,7,5,5,9,5,7,4,6,5,9,9,7,Journalism / Media
6170,5,5,5,3,4,3,6,4,6,6,8,3,5,4,8,5,8,9,10,7,5,3,4,5,3,2,10,8,6,5,7,5,Teaching / Professor
6171,5,5,9,6,2,5,5,7,4,6,8,5,8,8,8,9,5,7,6,5,5,9,4,4,5,4,4,7,7,5,8,9,Dentist
6172,8,4,6,3,5,7,4,4,8,5,9,7,6,10,7,7,10,10,8,8,7,1,4,7,4,6,10,7,7,2,7,8,Teaching / Professor
6173,4,5,6,7,3,1,2,4,5,3,5,6,9,10,6,4,8,6,4,8,5,9,2,3,1,1,4,9,8,3,6,10,Dentist
6174,4,2,4,6,6,3,3,5,7,6,6,4,3,8,9,8,6,8,6,6,4,3,4,5,10,8,6,9,8,4,6,7,Civil Services
6175,7,4,3,1,6,8,8,6,1,1,10,7,4,8,7,4,3,2,5,6,5,5,9,3,4,5,2,8,7,4,6,7,CA / Accounting
6176,6,6,4,6,7,7,9,8,5,7,9,8,5,10,7,7,8,8,3,5,5,4,6,6,4,4,4,7,7,8,10,10,Business / Management
6177,3,5,9,10,4,3,4,3,6,8,8,6,7,10,9,8,5,8,8,8,9,9,3,3,1,5,6,7,7,6,9,6,MBBS / Doctor
6178,5,1,2,6,1,1,3,4,3,6,7,6,6,6,7,5,6,9,7,4,3,7,2,7,2,7,6,6,5,2,5,8,Psychology
6179,4,4,4,6,1,2,3,5,6,10,7,4,7,5,8,7,6,8,7,4,3,5,2,5,4,4,6,7,4,4,8,10,Psychology
6180,5,3,2,7,4,2,2,4,5,7,4,5,5,8,9,4,3,9,6,7,6,6,1,7,5,7,6,7,5,3,9,7,Psychology
6181,7,4,5,6,4,3,5,6,9,6,6,5,2,6,8,9,6,7,7,5,5,3,3,9,8,7,6,9,8,4,8,7,Civil Services
6182,4,5,10,10,7,3,6,3,4,5,8,4,10,8,4,5,5,8,8,3,4,9,4,4,4,3,7,7,5,3,7,6,Pharmacy
6183,7,3,3,3,8,1,4,2,4,4,9,9,7,9,5,10,5,4,7,6,9,4,1,6,3,5,2,7,6,7,7,6,Engineering
6184,5,5,3,7,5,3,3,1,6,6,6,4,5,7,9,7,8,5,8,8,4,1,2,8,4,4,7,9,8,4,5,6,Teaching / Professor
6185,8,4,4,4,5,5,8,7,1,5,7,8,3,7,8,6,8,5,6,4,7,3,10,4,5,4,4,7,7,8,7,5,Finance / Banking
6186,3,2,2,3,6,3,6,6,5,5,5,3,1,7,7,7,7,5,5,8,5,1,3,9,7,10,6,7,4,5,9,8,Law
6187,4,7,8,10,5,2,5,5,3,3,7,7,10,7,7,4,6,6,8,7,5,6,4,7,1,3,4,8,6,4,5,7,Pharmacy
6188,9,8,5,2,7,2,4,5,4,5,7,10,8,8,7,5,4,4,7,5,8,2,1,6,3,3,4,9,8,5,9,6,Engineering
6189,4,4,1,7,2,4,4,7,6,9,7,5,4,7,8,7,7,7,8,7,4,6,2,8,2,6,10,10,5,4,8,9,Psychology
6190,7,8,6,4,7,1,6,6,4,3,9,9,9,7,5,7,7,3,7,5,8,3,3,6,2,3,5,8,4,4,4,6,Engineering
6191,5,6,2,3,7,5,7,9,6,8,7,5,7,7,10,10,10,7,2,6,8,2,7,6,4,3,6,7,7,9,9,10,Business / Management
6192,9,8,6,6,10,5,5,2,4,4,9,7,8,7,5,8,6,6,8,7,10,4,6,7,5,2,5,9,7,9,8,7,Engineering
6193,8,4,2,2,5,10,7,8,5,2,6,9,2,6,5,9,6,3,2,3,4,3,9,3,4,3,4,10,6,5,5,5,CA / Accounting
6194,6,7,6,6,6,4,6,4,10,8,8,4,5,9,7,10,7,9,10,7,6,1,6,8,9,7,7,10,9,6,6,8,Civil Services
6195,7,7,5,9,5,1,3,6,3,5,7,6,8,8,4,7,6,9,4,5,7,8,3,4,4,5,4,9,8,6,8,9,MBBS / Doctor
6196,3,3,3,3,6,1,3,4,7,6,8,1,5,7,9,6,9,4,2,8,7,1,3,10,7,6,4,8,6,6,10,9,Journalism / Media
6197,6,5,10,9,6,4,2,6,3,4,8,7,10,10,7,7,5,3,6,4,4,9,4,3,4,4,3,8,10,4,5,4,Pharmacy
6198,10,4,4,4,5,8,10,9,5,5,8,7,6,6,5,6,3,4,4,2,5,2,10,4,2,3,4,8,8,7,9,5,Finance / Banking
6199,4,2,3,4,4,3,3,3,6,8,7,6,5,8,8,8,7,10,7,5,5,8,4,10,1,3,6,6,6,3,7,8,Psychology
6200,1,1,1,3,2,1,3,5,8,8,4,4,7,7,9,6,8,8,6,3,1,6,3,6,4,6,6,6,7,5,7,8,Psychology
6201,6,3,7,9,5,2,3,4,4,4,7,4,9,4,5,3,3,5,8,5,6,6,3,3,1,2,5,8,5,2,6,2,Pharmacy
6202,6,4,4,2,4,4,5,4,8,9,9,3,6,7,10,9,3,3,6,9,6,4,5,6,6,7,5,10,10,5,8,6,Law
6203,5,3,3,3,6,6,7,5,7,6,10,4,3,8,10,8,8,5,6,10,5,4,3,8,3,9,5,9,7,6,6,8,Law
6204,7,3,3,1,4,9,7,6,2,3,10,9,1,9,8,6,6,7,4,5,7,1,10,4,5,6,3,10,6,4,7,6,CA / Accounting
6205,4,4,10,7,4,3,2,6,4,6,9,6,10,5,6,3,6,8,6,1,5,10,4,3,4,1,5,7,8,2,7,6,Pharmacy
6206,4,4,4,4,5,1,5,3,4,6,6,5,4,6,8,4,9,8,7,7,1,5,5,8,6,5,8,8,6,5,8,9,Psychology
6207,7,4,2,1,7,10,8,9,5,3,7,7,5,9,7,6,6,6,7,6,8,4,8,4,3,4,7,6,7,5,9,7,Finance / Banking
6208,8,1,1,4,4,8,7,10,2,3,9,8,2,6,6,5,5,7,8,7,7,3,9,3,1,1,4,5,6,7,4,9,Finance / Banking
6209,6,4,5,5,5,1,3,4,6,9,6,4,5,7,10,4,6,8,8,9,4,6,3,8,3,4,7,9,6,4,7,8,Psychology
6210,4,4,6,6,4,1,4,8,5,6,6,4,7,7,8,6,5,7,5,2,7,8,5,2,2,1,4,9,8,2,5,8,Dentist
6211,6,3,3,4,5,7,8,6,2,3,8,10,3,6,6,4,6,7,5,6,6,3,9,6,3,4,3,8,6,6,6,6,Finance / Banking
6212,6,4,6,3,3,5,7,6,8,4,6,6,5,9,8,7,5,6,9,9,4,6,5,8,9,9,5,10,8,5,10,7,Civil Services
6213,6,5,6,9,6,1,4,5,5,6,9,5,7,8,9,5,2,9,6,9,6,10,2,6,5,5,7,8,9,3,7,8,MBBS / Doctor
6214,3,4,4,4,5,3,6,5,8,8,7,6,6,7,8,4,10,9,8,7,6,9,2,10,6,3,7,10,6,4,10,10,Psychology
6215,6,1,2,4,5,8,7,9,1,3,8,8,5,4,5,5,4,1,4,3,6,3,8,4,5,5,1,7,7,5,5,4,Finance / Banking
6216,2,5,5,8,5,1,4,7,1,3,5,4,8,8,4,5,6,5,4,4,4,8,1,4,1,1,6,8,4,4,8,9,Dentist
6217,7,5,5,4,7,1,6,7,5,5,7,7,5,4,10,7,7,8,7,8,6,4,3,3,4,5,10,8,10,3,8,8,Teaching / Professor
6218,8,4,5,2,8,8,10,8,1,4,7,10,3,10,8,5,3,7,5,5,8,1,9,6,2,6,4,5,8,7,10,6,Finance / Banking
6219,9,9,6,6,7,2,6,5,3,3,8,6,9,9,5,4,6,4,6,6,7,6,2,2,6,6,4,7,7,6,5,2,Engineering
6220,2,3,2,1,3,4,6,7,8,5,4,3,2,6,9,8,3,4,5,7,5,1,4,8,7,6,6,4,8,5,7,7,Civil Services
6221,2,3,1,3,5,4,6,7,7,7,8,3,2,6,9,6,8,7,7,8,2,2,5,7,7,9,6,7,8,7,6,10,Law
6222,3,1,1,2,5,4,5,7,7,3,4,3,4,5,8,6,8,6,7,5,7,3,4,10,6,8,4,5,5,8,7,10,Journalism / Media
6223,4,2,10,9,5,5,1,7,7,4,10,8,10,8,7,6,7,10,8,5,7,7,5,4,5,4,8,7,5,7,8,8,Pharmacy
6224,5,2,3,4,4,3,7,2,8,5,10,4,6,8,8,10,6,7,4,6,6,4,2,10,10,8,5,6,9,4,7,5,Civil Services
6225,2,5,6,10,6,3,2,6,3,5,7,4,6,9,8,7,5,9,5,5,5,8,6,3,1,1,4,7,9,2,4,9,Dentist
6226,3,4,5,5,3,3,4,3,6,7,6,6,6,5,5,6,6,6,6,6,5,2,2,5,2,5,9,10,5,6,7,7,Teaching / Professor
6227,4,1,1,3,3,4,3,4,10,5,7,4,1,10,6,8,5,4,4,4,3,3,4,5,6,8,4,4,5,4,6,8,Law
6228,8,4,2,3,7,4,8,6,4,4,9,6,5,6,6,3,4,4,4,3,5,3,6,5,6,7,2,7,6,8,7,6,Finance / Banking
6229,4,6,3,5,8,7,7,10,5,6,7,4,6,7,9,10,9,5,4,3,7,4,7,4,4,7,5,9,7,8,8,10,Business / Management
6230,5,4,3,4,4,3,5,6,8,5,9,5,4,6,9,6,9,6,6,9,5,4,6,5,6,9,4,6,7,4,9,7,Law
6231,5,5,5,3,7,5,9,8,2,5,7,7,2,7,9,8,7,9,3,9,8,2,7,5,4,4,4,5,7,7,5,8,Business / Management
6232,5,5,9,9,5,3,2,4,5,6,9,4,6,10,5,6,8,9,6,4,6,10,4,5,3,2,5,10,10,4,4,6,Dentist
6233,7,3,1,3,4,6,9,9,5,3,8,9,4,7,8,5,3,4,4,7,6,3,9,1,4,2,7,5,5,3,5,7,Finance / Banking
6234,6,5,5,7,2,3,3,3,5,3,9,9,6,9,7,8,6,7,8,10,7,6,1,4,4,7,10,6,6,2,7,10,Teaching / Professor
6235,7,8,2,5,8,2,4,4,6,9,10,7,8,9,4,4,7,6,4,4,9,3,6,2,7,1,2,7,5,6,7,5,Engineering
6236,4,6,7,9,7,4,5,4,5,6,8,4,6,10,8,8,5,8,9,6,9,10,2,6,7,4,8,10,5,6,10,7,MBBS / Doctor
6237,7,3,4,2,7,9,8,5,5,4,9,10,3,7,4,6,7,4,4,6,4,1,9,6,5,4,4,9,8,5,6,8,CA / Accounting
6238,3,4,10,8,3,7,5,5,3,6,8,4,10,8,5,4,7,5,8,2,3,10,5,5,4,1,5,8,7,5,9,5,Pharmacy
6239,4,3,3,1,2,6,7,7,5,6,6,6,6,6,8,9,10,6,4,6,10,2,8,4,5,6,5,5,7,5,8,8,Business / Management
6240,4,5,8,10,5,5,4,7,5,5,9,4,7,7,6,5,9,6,3,1,7,9,2,2,4,1,5,10,6,3,6,9,Dentist
6241,4,5,2,2,5,2,2,3,10,6,5,1,5,6,7,7,9,9,7,10,7,2,3,10,6,6,7,7,7,7,9,8,Journalism / Media
6242,1,6,5,9,7,1,3,5,3,3,7,6,9,7,5,6,8,9,7,7,5,9,3,3,4,4,5,10,7,3,10,9,Dentist
6243,3,6,7,4,3,4,4,4,5,2,7,6,6,7,5,6,7,8,4,4,5,7,1,4,1,3,4,7,7,4,7,7,Dentist
6244,6,4,2,4,6,6,8,8,6,7,6,5,4,6,9,10,10,5,6,8,4,3,7,7,3,6,5,4,7,10,9,10,Business / Management
6245,9,4,1,3,5,8,8,7,2,1,7,9,4,6,8,6,6,3,7,5,9,1,6,2,5,2,6,5,7,7,6,6,Finance / Banking
6246,2,2,2,1,4,4,7,6,8,4,8,3,2,7,8,8,6,8,7,7,7,1,6,8,5,9,5,7,8,2,6,9,Law
6247,4,3,4,2,6,2,3,6,8,7,8,3,5,9,9,5,5,5,6,10,2,3,3,6,5,10,1,5,6,5,6,7,Law
6248,2,2,2,1,5,4,7,5,7,5,10,3,3,7,9,6,4,5,6,9,6,1,4,7,6,7,5,6,8,8,8,7,Law
6249,1,5,4,4,5,3,6,6,8,6,9,4,5,7,7,7,5,6,6,9,5,1,4,6,8,10,6,9,7,6,6,8,Law
6250,4,5,10,8,5,1,3,4,3,6,5,5,7,8,6,6,4,9,8,4,6,8,3,3,4,2,5,9,7,1,6,4,Pharmacy
6251,7,2,2,1,3,1,4,4,9,4,7,5,3,5,9,5,6,8,7,6,3,2,3,8,10,7,3,10,7,4,6,4,Civil Services
6252,4,3,6,9,4,2,2,4,4,4,7,4,6,9,9,9,8,9,8,5,5,10,3,6,2,3,5,7,7,6,9,6,Dentist
6253,5,2,2,2,5,10,7,7,2,3,8,10,4,2,3,8,3,3,3,2,4,1,8,2,5,4,4,8,6,3,4,6,CA / Accounting
6254,2,6,3,5,4,2,7,4,10,6,9,5,4,7,9,10,8,6,5,7,6,2,7,8,7,10,5,7,8,5,7,7,Law
6255,6,3,4,3,8,1,6,2,6,5,6,6,5,4,8,8,7,6,10,8,4,6,1,4,6,3,10,9,9,5,6,6,Teaching / Professor
6256,3,7,5,5,4,4,7,5,10,7,6,7,3,8,10,8,5,8,5,7,6,4,3,9,9,9,5,8,8,6,9,9,Civil Services
6257,5,7,5,5,4,2,4,5,8,6,7,6,6,7,9,7,9,7,6,8,4,6,4,6,4,6,10,10,5,5,10,9,Teaching / Professor
6258,5,1,2,2,8,10,6,7,2,5,8,8,3,8,6,6,5,7,6,2,6,5,10,6,8,3,4,8,5,6,7,3,CA / Accounting
6259,4,5,3,2,6,4,7,8,6,7,6,5,3,9,8,9,4,8,4,9,4,3,2,10,8,7,4,8,10,5,7,9,Civil Services
6260,8,4,6,8,7,2,6,4,4,4,5,6,6,7,7,5,7,9,8,7,5,4,2,7,4,5,10,9,5,1,5,8,Teaching / Professor
6261,9,7,6,6,7,3,5,4,6,6,9,10,5,9,7,5,8,4,8,7,9,1,3,5,4,1,7,7,6,8,6,5,Engineering
6262,4,2,3,7,5,4,4,2,3,8,6,3,6,10,9,5,6,9,9,9,2,8,2,7,4,5,7,9,7,3,7,8,Psychology
6263,8,6,3,1,4,7,8,7,1,1,6,5,2,8,8,2,3,5,4,4,7,1,10,7,2,5,7,8,6,6,4,5,Finance / Banking
6264,7,4,1,1,7,9,8,8,4,3,7,10,3,9,6,8,4,3,5,4,7,2,8,4,1,6,3,7,4,5,8,9,Finance / Banking
6265,4,4,2,7,3,6,6,8,5,5,9,4,7,7,10,8,6,6,6,6,5,3,2,6,6,4,8,10,7,3,6,9,Teaching / Professor
6266,4,2,2,8,5,4,5,5,6,9,10,3,4,8,9,9,8,10,9,10,5,5,6,8,5,2,7,7,6,5,5,6,Psychology
6267,3,3,8,6,2,2,3,6,2,5,6,8,9,5,6,4,4,4,7,2,4,8,3,3,2,1,5,7,5,1,7,3,Pharmacy
6268,1,3,5,7,2,3,4,4,7,10,7,6,7,6,7,6,8,9,7,8,4,6,3,5,3,6,8,8,4,2,6,10,Psychology
6269,4,2,5,9,6,4,2,3,2,5,7,3,8,8,4,4,3,8,2,3,3,4,4,3,1,1,7,8,5,5,8,10,Dentist
6270,5,5,9,8,5,3,2,4,2,5,5,9,10,8,6,4,3,6,6,3,3,5,2,4,1,2,7,7,8,2,10,6,Pharmacy
6271,5,4,10,8,6,4,4,4,1,1,7,5,7,7,7,3,4,3,7,4,4,8,1,5,4,1,5,8,9,5,8,5,Pharmacy
6272,7,5,6,10,4,1,6,2,4,5,7,9,9,10,10,6,8,9,8,5,7,10,5,5,8,5,7,10,9,4,10,9,MBBS / Doctor
6273,7,3,4,1,7,8,10,8,5,5,10,7,2,8,7,5,6,3,5,5,8,2,10,7,7,7,6,8,7,6,9,5,Finance / Banking
6274,5,6,6,7,6,3,1,3,3,5,4,7,9,8,8,4,5,5,9,5,4,7,2,5,3,1,5,6,5,3,7,6,Pharmacy
6275,9,3,2,3,5,9,9,6,1,4,8,10,2,6,5,5,3,2,1,5,6,5,7,6,4,2,1,7,8,4,6,7,CA / Accounting
6276,3,5,6,7,3,4,7,2,4,7,6,7,10,7,10,6,4,8,8,5,7,10,5,6,7,2,6,9,7,3,9,9,MBBS / Doctor
6277,6,4,5,7,5,4,3,4,3,4,7,5,6,8,8,5,8,7,6,4,7,7,5,7,3,4,4,10,7,4,10,9,Dentist
6278,5,5,8,6,5,3,3,2,3,5,8,7,10,6,6,7,7,6,7,4,6,8,3,3,2,8,6,10,10,2,8,6,MBBS / Doctor
6279,4,1,2,1,6,1,4,4,7,7,5,3,4,6,6,5,9,8,5,7,6,1,2,7,5,6,5,5,7,4,8,9,Journalism / Media
6280,7,3,2,2,4,8,9,10,1,3,6,9,5,7,5,5,4,4,5,6,6,3,7,2,5,4,3,5,6,6,7,4,Finance / Banking
6281,3,5,9,7,2,2,2,2,2,5,5,4,7,5,4,4,5,6,7,1,5,6,1,5,3,2,3,8,8,4,7,5,Pharmacy
6282,9,3,1,2,6,10,7,7,6,4,5,10,3,3,5,4,4,4,6,6,8,4,8,1,1,5,3,8,7,3,6,7,Finance / Banking
6283,4,5,9,10,5,3,5,5,4,7,3,8,6,9,7,5,7,6,9,3,6,10,4,5,4,3,4,8,5,3,6,8,Pharmacy
6284,3,3,3,5,4,4,4,4,7,4,10,4,2,9,9,5,6,2,7,9,5,5,5,8,6,8,8,10,6,4,7,8,Law
6285,4,5,9,9,6,3,5,3,6,7,8,6,8,8,8,5,5,7,8,7,8,9,2,3,5,6,7,9,8,5,10,10,MBBS / Doctor
6286,5,8,3,7,7,2,5,1,7,6,8,7,6,6,7,5,8,8,5,10,6,3,2,6,7,7,10,10,8,4,10,10,Teaching / Professor
6287,5,3,7,5,8,2,6,5,7,7,9,5,6,8,10,10,7,7,8,7,6,4,4,7,5,3,8,7,8,1,10,9,Teaching / Professor
6288,8,4,1,2,3,7,8,6,2,4,8,8,4,6,4,4,6,3,4,6,4,2,9,4,5,5,4,10,5,2,6,6,CA / Accounting
6289,4,3,10,8,4,3,5,5,5,4,8,4,6,6,5,3,8,4,7,2,6,8,3,4,2,4,4,4,5,6,8,5,Pharmacy
6290,8,3,1,3,7,8,6,5,3,5,9,8,1,9,8,6,4,4,6,5,6,5,7,3,3,4,5,8,7,4,8,5,Finance / Banking
6291,5,2,1,8,5,2,3,3,2,8,6,5,4,7,10,5,7,9,6,5,2,3,1,5,3,5,9,6,5,1,4,8,Psychology
6292,4,6,6,8,5,4,3,1,3,6,6,6,7,7,6,5,7,8,8,9,5,4,4,7,5,5,10,9,6,3,5,9,Teaching / Professor
6293,7,5,4,6,9,1,4,5,3,4,9,8,7,7,5,4,5,5,7,3,9,4,1,4,6,5,2,8,6,7,6,6,Engineering
6294,8,9,6,3,6,3,4,4,5,7,8,9,5,9,6,8,7,5,8,5,7,7,3,5,5,5,5,7,7,5,10,6,Engineering
6295,5,5,1,5,5,5,9,8,3,5,4,9,4,10,7,8,9,4,4,8,6,2,8,7,6,4,4,5,8,6,6,7,Business / Management
6296,5,2,1,2,6,7,10,10,3,1,7,8,5,6,4,6,4,4,4,4,7,1,9,5,5,7,3,6,9,7,9,8,Finance / Banking
6297,6,5,10,10,6,4,5,4,2,8,7,4,10,5,7,5,3,6,7,4,5,7,4,2,2,3,5,7,6,3,8,6,Pharmacy
6298,3,1,3,3,2,2,4,5,6,2,9,3,1,8,6,6,4,6,6,7,2,2,2,7,2,10,4,7,7,2,5,6,Law
6299,5,5,4,3,8,3,8,8,2,4,7,7,6,10,6,10,9,7,6,5,6,5,7,9,3,8,4,8,7,9,10,8,Business / Management
6300,7,3,2,2,4,10,6,5,5,1,9,10,3,8,7,5,4,5,5,6,7,3,9,5,6,1,5,6,7,7,7,6,Finance / Banking
6301,2,4,10,6,4,3,4,4,3,3,4,4,8,4,6,2,5,4,7,4,5,6,4,2,1,2,2,5,5,3,5,4,Pharmacy
6302,5,5,1,1,7,3,6,8,3,3,6,7,4,8,7,10,7,3,5,8,6,4,6,6,6,5,4,6,10,8,10,9,Business / Management
6303,6,9,6,2,7,2,8,6,3,5,6,7,7,9,6,6,7,5,6,4,9,4,4,3,3,5,7,7,6,7,6,8,Engineering
6304,4,1,10,9,4,2,2,4,4,5,4,4,7,8,7,7,9,7,3,4,3,4,3,1,2,1,6,6,10,4,6,9,Dentist
6305,4,5,8,6,6,5,5,6,4,8,8,4,10,9,10,9,5,9,8,7,6,10,2,8,3,4,8,8,8,6,6,10,MBBS / Doctor
6306,2,5,8,8,5,3,4,4,5,6,9,7,7,8,8,6,8,5,3,7,8,9,5,4,2,2,5,8,5,2,5,10,Dentist
6307,4,4,6,6,7,3,6,7,5,4,7,6,6,8,8,6,8,9,8,10,5,3,4,4,8,8,10,6,6,4,8,9,Teaching / Professor
6308,10,2,3,6,7,7,8,5,5,3,7,7,2,7,8,6,6,1,6,2,8,1,9,5,2,3,5,7,4,7,9,8,Finance / Banking
6309,5,3,2,3,4,8,8,7,4,4,4,7,6,8,5,6,6,6,4,3,6,1,8,4,3,4,6,5,7,4,8,8,Finance / Banking
6310,3,3,4,5,5,4,5,4,6,6,7,2,1,9,6,9,10,7,8,10,8,2,4,7,6,7,5,4,8,9,9,10,Journalism / Media
6311,2,2,6,4,7,3,5,8,6,5,10,6,2,6,10,5,10,7,9,9,8,1,4,10,5,10,4,5,9,7,10,10,Journalism / Media
6312,6,5,10,8,4,3,3,2,3,4,9,4,8,5,3,4,7,5,7,4,6,7,3,3,1,1,5,8,4,4,8,6,Pharmacy
6313,4,4,5,3,5,2,7,4,8,5,7,4,3,10,9,9,4,7,8,7,2,3,5,9,10,9,7,8,5,6,7,6,Civil Services
6314,6,4,6,2,6,6,8,9,1,6,7,8,6,9,9,10,10,7,8,6,6,3,7,2,3,6,5,5,8,9,10,8,Business / Management
6315,4,4,2,3,6,4,4,6,9,5,10,7,5,6,10,6,10,8,8,10,6,1,5,9,5,7,6,6,6,9,9,9,Journalism / Media
6316,5,2,2,4,6,5,4,3,9,4,8,2,5,7,7,3,10,9,8,7,7,3,6,7,6,5,6,4,8,7,8,8,Journalism / Media
6317,6,4,1,2,8,6,5,6,3,3,9,9,2,8,7,6,5,5,5,4,8,3,10,5,1,5,2,8,5,9,4,7,Finance / Banking
6318,6,3,3,5,6,4,7,6,9,3,9,3,6,7,7,7,7,6,7,4,4,4,4,10,9,10,7,8,9,2,7,9,Civil Services
6319,5,2,4,6,5,2,4,5,6,9,8,3,5,8,10,5,6,9,7,7,3,4,3,8,4,4,8,7,7,1,9,5,Psychology
6320,3,1,2,2,2,3,4,6,7,4,8,2,5,8,8,7,9,6,6,7,7,3,7,5,5,9,6,9,7,4,6,10,Law
6321,5,2,1,6,2,1,5,3,6,10,6,4,5,6,8,6,8,10,7,8,3,6,6,9,4,5,7,10,5,1,7,8,Psychology
6322,5,1,2,1,8,10,3,9,2,5,9,10,5,5,4,7,4,4,3,5,4,4,10,1,6,2,5,6,8,2,6,5,CA / Accounting
6323,6,6,7,9,4,2,3,6,3,5,9,2,7,8,9,3,8,7,4,2,6,7,5,3,1,2,4,8,8,4,9,7,Dentist
6324,2,5,8,8,2,1,1,2,4,5,6,3,8,8,4,3,4,8,7,5,4,10,1,3,1,2,4,10,9,3,8,6,MBBS / Doctor
6325,6,6,6,7,6,4,8,3,7,4,9,6,4,8,10,8,8,6,6,7,4,3,3,9,8,7,4,10,6,4,10,8,Civil Services
6326,4,3,5,8,4,2,4,3,5,5,7,2,9,10,9,6,4,10,6,5,5,10,3,6,4,4,6,10,8,3,9,8,MBBS / Doctor
6327,9,4,1,3,6,9,5,6,4,3,5,8,3,7,8,6,5,4,3,6,5,1,9,1,4,6,3,7,6,6,6,7,CA / Accounting
6328,7,4,1,1,5,5,9,6,4,5,6,8,3,10,7,4,3,3,3,3,5,1,8,5,2,1,2,5,8,7,8,7,Finance / Banking
6329,4,4,10,6,5,4,1,3,3,2,4,4,7,6,5,6,5,5,5,1,4,9,5,3,5,1,4,5,5,5,5,4,Pharmacy
6330,7,4,10,6,4,2,1,6,4,3,8,3,8,7,5,6,5,4,8,2,4,9,2,4,2,3,5,10,7,5,6,4,Pharmacy
6331,9,9,8,1,6,1,5,3,3,4,8,5,5,8,7,5,6,1,7,3,7,1,1,3,3,2,5,6,10,4,7,6,Engineering
6332,8,8,4,3,9,1,3,4,6,4,8,7,9,6,7,5,8,3,6,4,7,1,3,4,3,3,2,6,8,7,7,6,Engineering
6333,4,5,7,10,4,1,4,3,3,6,8,5,8,9,4,5,9,5,5,3,6,9,3,3,1,4,4,8,8,2,7,9,Dentist
6334,5,3,1,4,4,10,7,6,4,4,7,7,3,6,7,6,5,4,6,3,5,1,10,3,3,4,4,5,5,7,5,8,Finance / Banking
6335,3,2,4,8,5,1,3,2,4,5,5,6,7,6,8,4,7,6,6,4,5,8,1,2,4,4,7,8,7,4,8,8,MBBS / Doctor
6336,5,5,8,7,7,1,1,3,4,4,8,6,5,7,5,6,8,7,3,5,4,9,2,2,2,3,6,5,5,2,4,9,Dentist
6337,3,4,5,3,6,5,5,6,8,7,8,7,2,9,10,9,10,7,7,10,7,2,5,9,7,7,5,8,10,3,8,8,Civil Services
6338,3,3,9,7,6,2,1,6,1,3,5,6,9,7,5,4,5,6,6,2,5,6,2,2,1,3,4,9,5,4,5,5,Pharmacy
6339,5,1,3,2,7,3,4,6,10,9,9,6,4,10,6,10,7,6,6,10,8,5,4,9,6,9,6,9,9,7,6,10,Law
6340,5,1,5,5,4,3,1,2,2,8,8,4,5,8,3,3,7,7,6,6,4,8,3,7,2,7,8,6,8,2,8,9,Psychology
6341,3,5,2,3,4,2,7,4,8,5,10,4,1,6,6,8,6,7,8,9,5,3,3,10,5,10,6,5,5,6,5,10,Law
6342,5,3,2,5,5,3,4,4,6,8,6,5,5,5,7,4,5,7,9,6,6,7,1,7,2,5,7,5,5,3,7,7,Psychology
6343,5,3,3,4,5,4,8,5,9,5,9,7,3,9,10,9,7,5,7,7,5,1,2,4,9,6,4,8,7,5,8,7,Civil Services
6344,2,5,10,7,6,3,2,5,4,5,7,3,7,8,6,2,6,6,4,3,4,8,6,3,3,2,5,10,10,4,7,8,Dentist
6345,4,5,3,6,3,1,4,2,3,10,6,4,2,7,7,7,7,9,4,6,5,8,5,8,5,5,6,8,6,4,8,7,Psychology
6346,9,7,5,3,10,3,5,4,5,6,9,9,8,6,5,6,6,3,4,3,8,3,3,5,3,6,5,8,7,4,7,4,Engineering
6347,8,5,6,5,6,6,7,5,4,3,6,7,5,7,5,7,7,4,4,3,7,3,9,2,6,4,4,7,8,5,5,6,Finance / Banking
6348,5,4,2,7,3,4,4,5,6,5,7,5,6,6,9,5,9,8,9,7,8,4,5,5,2,4,10,10,5,5,8,9,Teaching / Professor
6349,6,4,8,9,2,3,4,5,2,5,8,6,10,6,5,6,4,6,10,4,7,10,3,6,3,1,6,8,5,3,6,7,Pharmacy
6350,7,5,2,5,5,9,10,8,3,3,8,10,2,7,7,9,8,5,4,5,8,4,9,3,4,4,4,6,6,8,8,6,Finance / Banking
6351,4,1,3,4,5,1,2,6,5,2,8,1,7,5,9,5,9,8,4,9,4,3,3,10,3,8,4,4,6,8,10,9,Journalism / Media
6352,3,5,3,5,4,3,6,2,5,10,8,4,3,8,7,5,7,9,4,8,1,6,3,4,4,4,6,8,5,1,8,8,Psychology
6353,4,1,3,6,6,3,3,5,4,9,7,3,6,7,7,5,9,10,6,6,3,7,3,8,4,8,6,6,6,4,5,8,Psychology
6354,4,3,1,3,2,3,7,9,7,4,5,6,6,9,5,7,8,6,4,5,7,3,5,6,4,3,5,6,8,9,7,8,Business / Management
6355,8,1,4,3,5,9,8,8,3,6,8,10,5,8,5,6,7,3,2,3,6,3,10,3,7,6,6,10,7,7,8,6,CA / Accounting
6356,7,5,6,6,6,4,4,4,2,4,10,8,9,10,6,8,8,6,6,5,7,5,2,5,3,5,6,9,8,4,7,4,Engineering
6357,10,6,1,1,7,6,8,7,5,5,8,6,5,7,7,6,6,4,3,5,8,2,9,2,5,5,4,5,7,7,7,5,Finance / Banking
6358,9,4,1,1,9,6,9,6,2,3,10,6,4,9,5,7,6,3,3,4,7,1,10,3,2,4,4,8,7,7,6,6,Finance / Banking
6359,4,3,3,6,4,4,2,3,6,7,7,4,7,7,9,7,5,10,9,6,4,6,4,8,6,5,5,8,6,3,5,6,Psychology
6360,8,9,6,6,9,4,5,5,6,5,9,8,8,10,8,6,8,4,7,6,10,5,3,6,4,3,7,9,8,8,9,8,Engineering
6361,6,2,1,5,5,4,7,4,7,6,8,5,8,7,8,6,8,5,5,7,5,3,5,10,10,8,3,10,8,7,9,8,Civil Services
6362,4,8,9,8,3,3,2,2,4,3,7,8,10,5,5,3,5,7,6,4,7,9,3,6,5,3,5,8,9,3,8,8,Pharmacy
6363,4,4,5,8,4,2,2,7,3,4,7,9,8,10,8,8,8,7,6,4,7,8,4,5,1,3,6,7,6,6,10,7,Dentist
6364,4,4,7,9,3,1,3,4,5,7,7,4,8,9,10,6,5,8,6,4,5,8,3,7,4,6,6,8,9,3,9,8,MBBS / Doctor
6365,6,3,1,3,6,7,6,7,4,7,7,5,2,8,7,6,3,4,5,4,5,3,10,4,6,4,6,8,6,4,3,6,CA / Accounting
6366,5,4,2,3,7,6,8,8,4,9,6,8,5,7,6,8,9,5,7,7,8,4,10,5,4,3,5,8,8,10,9,8,Business / Management
6367,6,4,6,9,6,2,5,3,1,8,6,7,9,10,5,4,7,4,5,6,7,9,2,1,2,4,6,9,10,4,7,9,Dentist
6368,6,3,1,2,4,9,5,7,2,1,7,8,1,4,5,5,4,5,4,4,6,1,10,3,3,2,4,8,8,2,7,5,CA / Accounting
6369,3,4,6,10,4,1,3,7,1,5,8,4,7,8,8,7,10,9,5,3,5,10,4,3,1,3,6,8,9,3,6,7,Dentist
6370,4,4,1,6,3,4,1,4,3,7,8,4,6,4,9,5,7,7,7,7,2,5,3,4,5,2,8,9,4,3,6,8,Psychology
6371,3,1,1,4,6,5,6,2,7,10,5,6,7,10,10,4,8,10,8,9,3,7,2,9,5,6,10,7,8,6,5,10,Psychology
6372,5,2,7,10,6,3,4,4,2,6,8,3,7,9,10,4,8,5,6,4,3,7,5,3,1,2,8,5,8,8,5,8,Dentist
6373,3,1,1,5,7,5,5,7,6,2,8,5,3,8,8,7,6,7,9,8,7,2,4,9,8,8,2,7,9,6,5,7,Law
6374,3,4,1,8,5,2,3,4,4,10,8,2,6,4,5,3,4,10,7,6,2,7,4,7,4,3,5,6,4,3,8,6,Psychology
6375,4,2,1,3,3,1,3,4,9,2,9,2,3,10,8,6,4,6,5,7,7,2,3,7,4,8,4,8,6,7,8,6,Law
6376,3,4,3,7,4,3,3,4,5,8,8,3,10,8,9,5,8,10,5,7,7,3,5,10,2,3,8,5,7,4,8,8,Psychology
6377,5,2,2,3,4,7,6,7,2,5,9,7,3,7,9,5,5,6,1,6,5,1,9,4,5,6,4,10,9,5,7,7,CA / Accounting
6378,9,7,4,5,10,2,3,2,3,5,8,7,8,9,7,7,6,4,6,4,6,3,6,6,5,4,7,6,6,8,7,5,Engineering
6379,3,3,2,1,8,9,7,5,3,4,9,8,1,7,5,8,4,4,3,4,4,2,10,3,6,6,6,8,6,3,7,6,CA / Accounting
6380,4,5,7,5,3,2,4,5,3,5,9,7,7,6,7,7,6,5,5,5,9,10,4,6,6,2,6,7,8,4,7,8,Dentist
6381,6,3,5,9,1,1,3,4,1,4,10,4,6,5,5,6,6,6,4,3,3,6,3,3,2,2,3,8,9,2,7,9,Dentist
6382,4,3,4,2,3,1,6,3,7,8,7,5,2,9,7,9,5,4,5,6,3,3,6,4,7,7,3,9,6,4,6,8,Civil Services
6383,4,5,4,4,8,4,7,9,8,5,8,9,4,9,7,6,7,6,4,7,7,2,8,7,6,5,7,5,7,9,8,7,Business / Management
6384,6,4,6,7,2,3,6,3,5,9,6,4,6,7,6,6,9,9,8,5,4,7,2,7,5,5,8,10,6,4,7,8,Psychology
6385,4,4,8,5,7,2,4,3,4,4,7,3,7,6,7,6,6,8,7,3,4,9,3,6,2,4,5,9,5,1,7,5,Pharmacy
6386,2,4,3,5,5,6,9,8,5,8,7,7,4,9,8,6,8,4,5,6,8,3,5,4,5,7,4,5,10,8,9,8,Business / Management
6387,7,6,4,8,9,5,6,5,6,4,9,4,6,7,10,8,7,8,8,10,5,5,3,10,4,7,9,9,9,5,8,8,Teaching / Professor
6388,7,10,7,5,10,2,8,7,4,5,7,9,8,8,8,9,8,6,8,6,8,4,5,6,5,6,4,9,8,10,8,8,Engineering
6389,5,2,4,4,4,5,5,2,5,10,8,4,7,6,8,8,7,8,8,6,1,7,3,5,5,4,9,8,6,3,7,9,Psychology
6390,7,2,2,1,3,9,7,4,3,4,6,8,1,7,4,7,5,4,6,5,6,3,8,2,5,4,5,6,5,1,4,5,CA / Accounting
6391,8,2,1,1,4,10,7,5,3,3,10,8,2,7,6,6,5,6,2,3,5,1,7,3,3,4,1,6,6,3,6,5,CA / Accounting
6392,7,6,7,9,6,1,1,4,5,9,8,6,8,7,8,8,7,10,7,5,8,10,3,6,6,3,7,8,8,6,10,9,MBBS / Doctor
6393,3,4,3,2,1,3,7,3,5,10,7,2,5,7,10,8,9,10,9,6,3,8,1,9,3,4,5,10,4,2,8,9,Psychology
6394,8,9,5,6,7,1,5,4,3,4,7,8,7,8,6,8,10,6,7,5,10,4,6,2,4,5,5,6,6,8,6,4,Engineering
6395,5,2,4,1,5,10,7,6,3,2,7,10,2,7,4,6,2,3,1,3,5,1,8,2,5,3,6,10,7,6,8,6,CA / Accounting
6396,4,3,7,5,6,2,3,4,9,5,8,8,6,7,8,6,6,4,7,7,5,7,4,6,4,6,9,7,7,2,7,8,Teaching / Professor
6397,7,1,3,1,5,6,5,5,7,5,8,5,4,7,9,5,7,5,6,9,7,2,5,8,3,10,8,9,6,5,6,9,Law
6398,4,4,7,10,6,2,4,3,4,7,5,7,10,9,7,9,6,8,5,5,6,10,3,6,4,5,7,10,7,5,10,10,MBBS / Doctor
6399,4,4,4,8,6,4,4,5,6,8,8,8,8,6,10,9,5,7,6,9,6,4,2,4,3,6,8,6,5,5,6,9,Teaching / Professor
6400,2,1,3,3,6,1,6,3,9,5,6,6,3,6,8,2,10,6,5,7,5,1,5,5,2,5,6,3,7,3,7,8,Journalism / Media
6401,5,3,2,7,2,2,5,4,7,10,7,3,7,8,8,8,6,10,7,6,5,7,3,9,7,3,8,8,5,5,8,8,Psychology
6402,8,4,4,1,6,2,5,2,9,4,6,4,3,6,9,7,5,5,9,7,4,1,6,8,10,8,7,8,9,6,9,9,Civil Services
6403,7,4,7,6,7,4,5,4,7,6,5,9,5,5,8,5,10,8,9,9,3,6,2,7,3,6,10,9,7,3,5,10,Teaching / Professor
6404,4,5,6,9,6,4,4,4,4,8,5,4,9,10,7,6,4,8,8,8,5,8,3,3,7,2,7,10,9,5,8,9,MBBS / Doctor
6405,6,3,7,9,4,3,2,3,2,5,5,3,7,6,7,5,5,7,2,4,5,7,2,4,4,2,4,7,5,3,4,8,Dentist
6406,6,5,4,6,4,3,3,3,4,6,7,7,8,6,7,7,9,6,6,7,8,2,4,6,6,5,10,8,5,4,8,7,Teaching / Professor
6407,5,5,4,3,6,1,8,5,9,5,8,7,5,6,7,8,4,6,6,8,5,3,3,7,8,10,4,7,4,4,7,9,Civil Services
6408,3,4,3,4,6,1,5,5,8,6,4,4,5,6,8,6,8,5,5,7,4,1,4,8,8,6,5,10,7,3,5,6,Civil Services
6409,3,4,8,8,4,4,4,4,5,6,7,6,10,9,10,7,4,10,7,5,7,10,1,6,8,4,7,7,10,4,6,9,MBBS / Doctor
6410,10,4,6,7,6,5,7,5,5,7,8,7,4,9,6,9,7,5,7,9,2,7,6,8,9,6,7,10,7,7,9,9,Civil Services
6411,2,3,5,7,2,1,2,3,4,9,6,3,3,10,8,6,3,8,4,5,2,4,3,8,2,6,4,9,7,3,7,10,Psychology
6412,2,1,3,2,6,3,5,4,5,4,3,3,6,6,10,7,10,7,5,10,6,5,1,9,6,6,4,4,9,7,7,9,Journalism / Media
6413,6,4,10,7,3,3,4,4,4,3,8,4,6,5,8,6,6,5,9,3,4,8,4,3,5,1,5,9,4,3,8,6,Pharmacy
6414,7,6,6,6,8,3,2,4,5,6,7,6,6,9,9,6,9,8,6,7,8,4,3,8,5,5,9,8,7,4,8,8,Teaching / Professor
6415,7,5,4,2,5,9,8,6,4,2,6,8,4,8,6,6,1,4,2,2,10,2,9,3,6,3,3,9,7,4,5,6,CA / Accounting
6416,5,1,2,3,9,3,3,4,10,5,7,4,6,8,10,8,6,6,7,4,3,1,5,6,5,9,2,5,8,5,4,8,Law
6417,2,2,1,3,2,1,6,4,4,7,5,5,2,8,9,6,6,8,3,5,2,7,4,8,4,4,6,9,5,4,6,8,Psychology
6418,6,4,2,5,3,1,4,6,6,10,5,6,6,8,10,5,5,10,7,6,6,8,3,6,10,5,7,7,6,2,6,9,Psychology
6419,8,2,3,2,6,5,8,7,2,1,7,8,1,8,6,6,4,1,2,5,5,1,9,1,1,4,3,3,6,6,5,4,Finance / Banking
6420,4,2,7,9,4,4,4,6,3,6,6,5,8,10,9,6,9,5,4,2,3,10,2,4,4,2,5,9,8,4,5,8,Dentist
6421,3,3,2,5,7,3,9,4,9,8,8,3,3,6,10,7,9,7,10,9,5,2,6,9,5,8,8,6,7,6,7,10,Journalism / Media
6422,5,4,2,6,5,1,6,4,7,8,7,4,8,4,8,6,8,7,5,9,7,5,3,9,8,7,7,2,7,9,9,10,Journalism / Media
6423,8,3,1,1,8,6,9,8,2,6,8,9,2,10,5,5,6,3,8,3,8,5,10,3,5,6,2,8,8,10,8,7,Finance / Banking
6424,10,8,8,3,7,2,6,5,4,3,7,8,7,8,9,6,9,5,7,5,7,6,4,6,3,4,4,9,8,7,10,8,Engineering
6425,1,1,4,6,4,2,3,6,7,10,4,7,6,7,9,7,8,10,7,5,3,9,2,9,2,4,9,6,5,4,7,9,Psychology
6426,4,2,4,4,1,2,5,3,5,7,8,4,6,5,7,5,6,10,6,6,5,7,4,5,4,1,5,7,6,3,7,10,Psychology
6427,6,3,2,4,7,6,8,9,4,5,7,4,5,10,6,9,9,7,3,8,6,1,9,6,3,4,4,4,9,9,8,9,Business / Management
6428,8,3,1,5,7,6,9,10,3,3,8,5,4,6,9,9,8,4,6,7,8,1,7,4,4,6,5,6,7,6,7,10,Business / Management
6429,4,4,8,10,5,2,2,5,3,4,8,3,9,7,6,4,8,7,5,4,7,10,3,4,2,4,6,9,9,5,6,8,Dentist
6430,4,3,6,8,5,1,2,2,4,6,5,5,8,9,6,7,6,8,9,6,8,10,1,6,5,3,5,7,6,7,8,6,MBBS / Doctor
6431,7,6,7,8,8,2,3,4,3,5,7,6,10,10,5,8,4,7,6,5,4,6,5,6,4,2,8,9,7,2,9,8,MBBS / Doctor
6432,6,7,6,4,8,2,3,4,4,4,9,9,8,8,4,8,8,4,7,7,10,4,6,3,4,4,6,10,8,5,6,9,Engineering
6433,6,4,9,7,3,2,5,3,1,3,6,6,9,7,4,4,2,6,5,3,4,9,1,1,2,3,6,6,7,3,6,5,Pharmacy
6434,6,5,1,6,7,8,9,6,4,6,9,9,4,10,8,4,5,5,4,3,10,1,9,3,5,5,7,6,8,4,5,9,Finance / Banking
6435,7,5,6,6,5,8,3,4,7,7,7,5,7,6,10,7,7,8,9,10,6,4,5,4,4,5,8,10,7,2,6,8,Teaching / Professor
6436,8,3,1,3,6,5,9,7,3,4,9,10,3,7,7,4,6,2,2,6,3,3,10,4,4,1,3,6,7,7,7,6,Finance / Banking
6437,6,6,6,7,4,1,3,3,1,8,7,4,7,7,6,5,6,7,7,5,6,9,3,4,6,2,6,7,8,6,9,9,MBBS / Doctor
6438,2,3,2,1,5,5,8,6,4,7,6,6,6,5,8,10,7,7,5,9,7,5,7,2,2,6,6,5,10,7,9,9,Business / Management
6439,1,1,2,6,4,3,5,3,3,7,4,5,4,4,9,5,7,9,5,9,3,3,5,8,1,2,10,7,4,5,10,7,Psychology
6440,8,9,6,6,9,1,5,5,4,6,8,7,6,8,6,3,6,2,6,7,7,5,8,7,4,5,3,5,7,7,9,5,Engineering
6441,2,3,2,4,5,5,5,7,10,6,7,5,5,9,6,7,6,7,7,7,6,2,7,7,10,8,5,7,8,3,7,7,Civil Services
6442,2,4,4,1,5,3,2,3,10,8,6,5,4,7,9,5,8,7,7,10,9,6,4,5,2,7,6,6,4,6,8,10,Journalism / Media
6443,2,1,2,1,5,3,5,4,7,6,5,4,2,9,5,6,6,7,7,7,4,3,5,9,4,10,3,7,6,5,6,10,Law
6444,2,2,4,4,7,3,7,3,10,6,8,4,3,6,10,6,10,7,7,8,3,2,3,8,3,9,7,9,4,5,9,8,Journalism / Media
6445,1,2,2,9,2,3,4,4,7,10,6,4,5,10,8,6,8,7,10,5,4,7,1,8,5,7,5,9,8,2,8,10,Psychology
6446,4,3,10,6,3,3,1,4,1,3,6,3,7,3,7,5,5,4,4,3,5,4,1,2,2,1,1,7,5,1,6,4,Pharmacy
6447,6,4,9,9,5,3,3,3,3,8,7,7,8,7,4,4,6,4,10,4,8,10,3,2,3,3,4,8,9,3,5,6,Pharmacy
6448,6,4,5,5,6,6,7,5,5,7,7,6,4,5,10,7,7,8,6,10,4,1,5,10,3,6,10,6,7,5,7,10,Teaching / Professor
6449,5,2,4,1,2,1,4,4,8,6,7,6,4,6,5,7,5,7,7,7,5,3,6,6,10,10,5,8,6,5,6,9,Law
6450,6,7,3,3,7,5,7,7,9,6,10,4,2,8,10,10,9,5,8,9,4,6,8,8,9,10,6,7,7,5,8,7,Law
6451,3,2,5,3,6,1,3,6,9,4,8,4,3,9,10,5,9,8,10,10,7,3,3,7,7,4,4,3,7,8,7,10,Journalism / Media
6452,5,4,6,4,7,4,8,9,5,7,7,6,4,8,9,9,10,10,4,8,9,3,6,8,5,6,7,7,8,7,8,10,Business / Management
6453,4,4,3,3,4,3,7,6,6,4,9,3,3,8,8,7,5,7,4,9,1,1,4,7,7,6,4,6,8,4,6,8,Law
6454,8,2,2,2,2,7,6,8,3,4,6,9,3,5,5,6,5,5,4,6,9,1,9,6,4,3,2,6,6,7,8,6,Finance / Banking
6455,3,1,5,5,1,3,3,5,6,7,7,2,6,8,9,7,7,10,8,5,1,7,3,8,5,5,5,10,1,2,9,10,Psychology
6456,7,1,1,2,5,10,5,6,2,4,7,10,3,9,5,5,3,1,4,4,6,1,7,2,4,6,1,10,4,6,4,7,CA / Accounting
6457,8,5,3,3,8,10,9,10,4,6,9,6,6,7,7,8,4,5,6,4,7,2,10,7,3,5,4,7,10,8,7,5,Finance / Banking
6458,8,5,6,7,5,2,3,3,7,4,8,5,7,7,10,8,6,7,7,8,6,5,7,8,3,4,10,8,6,2,8,7,Teaching / Professor
6459,5,2,4,4,7,1,4,3,4,5,7,2,5,6,9,6,8,8,6,9,5,4,2,6,1,4,9,8,3,2,5,7,Teaching / Professor
6460,7,3,3,2,2,6,10,6,4,3,9,9,1,6,4,7,3,4,5,5,6,1,7,2,1,5,5,5,9,6,8,8,Finance / Banking
6461,6,4,6,2,5,5,10,10,6,7,7,8,2,9,9,10,7,5,3,8,8,2,10,6,4,5,7,7,10,6,7,8,Business / Management
6462,7,3,9,10,4,3,5,3,4,6,9,5,7,8,7,5,8,10,6,4,6,8,3,6,6,5,6,10,10,2,9,7,MBBS / Doctor
6463,5,6,8,8,4,5,5,8,4,5,8,4,10,8,7,4,5,6,9,3,7,9,4,2,1,2,6,9,9,3,7,5,Pharmacy
6464,7,8,6,4,7,3,6,4,6,1,5,8,5,10,7,7,8,3,3,6,6,5,4,3,4,4,4,8,8,6,5,7,Engineering
6465,4,6,9,10,4,1,3,4,4,4,9,7,10,6,6,7,5,7,5,4,8,7,1,3,5,3,7,8,8,5,10,10,MBBS / Doctor
6466,8,9,6,5,6,2,5,5,6,5,9,10,7,7,6,4,7,2,5,4,9,4,2,7,4,4,2,5,8,6,7,6,Engineering
6467,5,4,5,10,4,4,4,5,6,5,4,4,10,8,8,7,6,7,7,6,4,9,1,2,1,5,5,7,10,3,6,6,Dentist
6468,8,4,5,2,5,5,7,5,5,3,7,9,6,7,5,5,2,5,6,4,5,5,7,3,4,5,4,7,8,10,6,6,Finance / Banking
6469,9,6,9,10,2,3,4,1,4,6,6,4,10,3,8,8,6,10,6,4,6,9,2,5,4,3,5,10,7,3,7,9,MBBS / Doctor
6470,6,4,3,3,6,6,8,5,10,7,7,4,1,8,7,8,5,6,8,9,8,1,4,9,10,8,6,10,8,4,9,7,Civil Services
6471,3,2,4,3,2,3,6,3,9,5,5,5,1,7,8,7,5,7,4,7,5,2,3,7,3,10,3,7,3,5,5,5,Law
6472,7,2,1,1,5,8,6,7,1,3,9,7,4,4,5,6,6,7,6,6,5,2,7,5,3,4,1,3,9,10,7,8,Finance / Banking
6473,7,5,5,3,4,5,5,5,10,3,7,5,5,6,8,9,8,9,8,9,4,1,3,9,7,10,3,7,8,4,7,7,Civil Services
6474,5,7,4,6,5,2,6,3,7,7,5,6,6,5,8,5,7,10,7,7,5,3,4,5,1,5,9,7,6,5,6,8,Teaching / Professor
6475,4,4,8,9,6,2,3,7,4,3,10,6,8,9,7,5,8,9,2,3,4,9,3,5,2,3,5,8,10,6,9,8,Dentist
6476,4,5,6,9,6,6,5,2,2,7,7,5,10,6,8,8,5,10,6,6,5,6,3,7,4,3,7,10,8,5,9,8,MBBS / Doctor
6477,6,5,5,7,7,3,4,4,5,7,8,4,10,7,8,5,5,7,7,7,6,10,4,5,5,4,8,7,9,3,9,10,MBBS / Doctor
6478,6,4,2,4,6,10,7,8,3,4,7,10,3,7,7,8,8,3,5,5,6,1,10,3,5,4,4,6,6,2,10,4,CA / Accounting
6479,7,5,4,2,4,9,8,8,3,6,8,8,2,6,7,6,1,3,6,3,4,1,10,4,3,6,6,10,8,4,7,8,CA / Accounting
6480,3,5,4,5,5,1,7,5,9,7,8,6,4,7,7,8,6,8,5,5,3,4,1,8,9,7,4,10,9,2,9,7,Civil Services
6481,3,4,5,7,4,3,4,7,2,3,8,5,7,6,5,6,8,7,7,4,4,6,1,3,4,1,5,9,9,6,4,8,Dentist
6482,7,4,4,4,4,6,7,9,7,7,7,6,1,7,9,8,7,7,7,6,9,5,6,4,7,4,5,9,7,10,8,9,Business / Management
6483,4,3,4,5,3,6,4,5,8,3,8,5,5,5,6,8,8,7,5,8,6,3,4,7,9,7,7,6,8,5,8,9,Civil Services
6484,4,3,3,6,4,3,1,6,6,10,6,4,5,8,7,5,9,7,7,4,1,5,3,4,5,6,4,8,7,6,5,7,Psychology
6485,7,5,5,9,2,4,1,3,3,4,5,6,8,7,9,5,5,5,3,5,5,10,1,5,3,3,6,8,6,3,5,7,MBBS / Doctor
6486,4,5,3,6,7,2,4,3,5,5,6,7,5,7,10,7,10,8,7,6,7,3,2,5,3,5,8,9,10,3,10,7,Teaching / Professor
6487,3,4,4,5,6,2,5,7,6,6,6,4,5,8,7,5,6,8,7,7,5,4,5,8,3,5,10,10,5,4,9,7,Teaching / Professor
6488,6,2,3,2,5,8,5,6,3,5,7,9,1,8,5,5,4,2,2,4,7,1,9,4,3,4,5,10,9,5,7,6,CA / Accounting
6489,6,6,2,2,5,5,6,7,4,5,8,6,2,8,10,9,9,5,5,6,7,3,8,4,2,6,6,6,9,8,9,8,Business / Management
6490,3,3,4,7,3,1,3,1,4,5,9,1,9,5,10,5,8,10,6,9,2,6,5,8,4,4,8,9,7,3,8,6,Psychology
6491,4,1,10,7,1,4,4,2,1,2,4,5,9,3,5,4,3,6,4,2,6,7,1,3,1,3,2,9,7,6,5,5,Pharmacy
6492,9,4,6,2,8,4,7,9,5,4,6,7,4,6,8,9,8,7,5,6,6,4,6,4,2,5,5,3,6,6,10,6,Business / Management
6493,3,3,1,1,5,1,6,3,5,5,4,2,2,4,7,4,8,7,3,9,6,1,1,4,3,5,4,4,6,5,5,7,Journalism / Media
6494,5,7,4,6,5,7,10,9,6,7,8,9,7,9,10,8,9,5,5,9,8,1,6,7,4,7,4,7,9,10,8,10,Business / Management
6495,6,3,2,4,6,4,3,3,8,4,6,4,4,8,10,6,8,5,6,8,8,2,3,6,2,5,3,4,7,8,8,9,Journalism / Media
6496,5,5,4,4,7,1,5,4,8,7,6,6,7,8,9,9,9,7,6,7,6,5,6,5,5,5,10,9,6,4,10,9,Teaching / Professor
6497,10,3,2,3,5,9,8,5,5,5,10,8,5,9,5,5,5,5,6,3,10,1,10,2,4,6,7,10,7,3,9,6,CA / Accounting
6498,4,2,4,6,4,3,4,3,7,10,7,5,8,6,8,2,5,10,8,6,6,7,3,10,4,4,6,7,2,3,6,9,Psychology
6499,4,2,3,6,5,9,3,6,7,9,4,4,4,7,8,6,6,10,8,6,4,6,1,8,4,6,8,9,6,2,9,10,Psychology
6500,7,1,6,2,6,10,9,5,2,6,9,8,4,8,7,7,5,6,6,6,9,4,9,4,3,5,3,8,9,7,7,8,Finance / Banking
6501,6,5,2,5,6,4,5,9,7,5,8,6,6,8,4,8,8,7,4,7,6,5,9,4,2,2,6,6,6,8,7,9,Business / Management
6502,6,3,2,1,7,10,7,6,5,4,9,8,4,8,6,6,2,4,5,4,5,4,10,4,5,3,3,8,6,6,6,5,CA / Accounting
6503,4,3,6,5,6,6,5,9,5,5,7,6,3,10,10,8,6,3,8,7,8,2,7,5,5,5,4,5,8,6,7,8,Business / Management
6504,6,8,3,6,7,4,4,4,6,7,9,4,6,9,7,7,3,7,6,10,4,2,2,5,4,4,10,7,7,3,5,8,Teaching / Professor
6505,4,1,4,3,4,1,6,5,8,7,8,2,4,6,7,6,4,4,4,6,4,3,7,8,8,7,7,7,10,4,8,6,Law
6506,4,3,1,3,8,5,5,5,10,4,6,4,4,8,8,7,4,7,4,6,3,1,2,9,9,9,6,8,10,3,8,7,Civil Services
6507,9,5,1,1,4,10,9,5,3,4,10,10,1,9,5,6,2,1,4,2,6,1,9,4,5,6,6,9,6,6,7,7,CA / Accounting
6508,5,2,7,8,1,1,3,6,3,6,8,4,10,8,6,6,6,6,5,4,5,8,4,2,4,2,5,5,7,1,8,6,Pharmacy
6509,7,4,6,4,8,3,4,4,6,8,8,2,5,5,9,5,9,6,5,8,6,1,4,4,3,4,8,10,4,1,6,6,Teaching / Professor
6510,2,1,3,3,4,3,3,6,6,10,7,3,6,6,7,6,5,7,8,7,2,8,3,6,4,5,9,9,6,5,8,10,Psychology
6511,8,4,4,4,8,3,7,4,3,5,8,8,7,10,3,6,7,4,8,6,9,3,4,4,4,4,5,8,5,5,5,7,Engineering
6512,4,4,3,3,4,2,6,4,6,4,8,4,3,8,10,7,8,3,6,10,7,3,2,9,7,7,8,5,8,8,10,10,Journalism / Media
6513,7,7,6,8,7,6,6,9,6,9,6,6,7,4,8,10,10,6,6,6,5,4,5,8,8,7,6,8,5,7,7,7,Teaching / Professor
6514,3,1,3,2,1,3,1,7,5,7,5,4,5,5,8,3,9,8,6,7,4,7,3,8,2,1,7,7,7,2,5,8,Psychology
6515,5,2,1,2,6,9,9,6,3,4,10,9,2,8,5,6,4,2,3,6,6,2,9,3,4,4,4,6,8,4,4,5,CA / Accounting
6516,4,4,6,2,6,4,6,9,6,6,7,5,4,6,10,10,8,7,6,8,9,2,7,5,5,3,8,7,10,8,8,10,Business / Management
6517,8,3,3,2,7,10,9,7,4,3,10,10,6,9,7,7,6,9,6,5,8,4,5,5,1,7,2,6,5,10,8,10,Finance / Banking
6518,5,3,2,2,7,9,5,7,6,3,7,9,4,8,6,5,3,4,3,2,5,1,8,4,4,4,2,7,5,3,5,6,CA / Accounting
6519,2,5,4,10,5,1,2,4,3,4,6,6,10,8,6,3,3,5,7,2,5,9,1,4,3,3,6,8,7,5,5,6,Pharmacy
6520,1,3,4,3,5,7,3,4,7,4,9,5,3,8,8,7,6,6,8,9,4,3,2,5,6,10,6,4,10,5,7,8,Law
6521,10,5,4,4,10,6,7,3,3,3,7,10,7,8,7,4,7,3,6,4,8,4,4,4,5,3,6,7,6,5,7,9,Engineering
6522,2,2,4,3,4,1,7,1,7,7,9,5,5,6,6,5,6,9,6,7,4,4,6,5,10,8,6,6,9,6,7,8,Civil Services
6523,3,3,6,10,2,4,3,5,1,5,7,3,7,7,7,7,6,7,3,3,4,7,5,3,3,1,7,8,6,4,7,9,Dentist
6524,4,3,1,3,7,6,3,7,7,6,5,2,1,8,8,6,8,5,6,10,7,2,4,7,5,5,7,4,9,5,9,8,Journalism / Media
6525,5,4,7,8,4,1,2,4,4,6,7,7,10,10,4,6,6,6,7,5,8,10,5,4,1,3,4,10,7,3,7,6,Pharmacy
6526,7,4,8,7,5,4,4,3,4,8,6,6,10,8,10,9,7,10,4,4,5,8,3,1,5,3,6,10,7,2,9,8,MBBS / Doctor
6527,2,5,6,10,6,4,1,4,1,4,8,3,9,9,7,6,6,5,4,7,4,10,5,4,1,6,5,8,6,5,9,9,Dentist
6528,5,1,3,3,3,3,6,6,6,7,8,9,4,8,7,8,6,5,4,7,5,3,4,8,10,8,4,8,8,2,7,6,Civil Services
6529,8,10,4,4,10,4,6,6,4,7,10,6,7,6,8,6,9,5,4,9,9,2,5,7,4,4,5,5,6,9,7,5,Engineering
6530,4,3,9,8,4,1,7,6,4,6,6,7,8,9,10,5,9,10,5,4,5,8,6,4,4,3,6,8,10,4,6,8,Dentist
6531,4,3,4,3,3,4,3,6,10,5,9,2,4,3,10,10,6,5,5,9,2,2,5,9,4,10,5,8,8,4,10,10,Law
6532,6,4,5,7,3,1,6,4,5,10,9,5,7,4,10,4,7,8,7,8,7,4,4,8,6,3,8,7,8,4,10,7,Psychology
6533,2,4,5,2,3,3,4,5,9,8,7,2,7,9,9,8,7,8,5,8,3,1,5,6,5,9,4,10,7,5,6,7,Civil Services
6534,2,3,3,5,4,3,3,3,2,9,7,4,3,7,7,6,5,10,7,3,3,7,1,7,1,6,7,9,7,1,5,7,Psychology
6535,7,1,2,3,5,9,6,8,4,3,7,8,3,8,3,5,2,2,6,2,3,1,9,4,4,1,3,10,7,1,5,2,CA / Accounting
6536,2,5,1,3,7,1,7,3,4,5,6,3,3,6,9,7,10,3,6,9,4,1,3,8,4,8,5,5,6,7,8,7,Journalism / Media
6537,7,4,1,2,7,10,8,5,4,4,9,8,5,7,7,6,5,4,6,6,10,2,9,4,3,5,3,7,5,7,9,5,Finance / Banking
6538,4,3,5,5,4,2,4,3,9,3,8,4,2,7,6,6,5,8,5,5,6,1,4,10,6,4,7,10,9,5,10,9,Civil Services
6539,6,4,3,5,5,4,4,6,7,6,9,6,4,9,10,7,10,4,3,10,5,1,5,7,7,9,7,8,8,6,8,8,Law
6540,5,10,7,4,5,4,2,4,8,8,8,6,9,6,8,10,8,9,8,10,5,6,1,7,7,7,10,10,6,5,10,8,Teaching / Professor
6541,4,3,3,6,5,2,3,6,9,5,6,5,2,7,10,7,6,6,6,9,4,2,6,8,7,10,5,7,7,8,5,8,Law
6542,3,1,3,5,3,2,4,6,7,4,8,4,4,9,7,8,7,7,6,5,2,1,3,8,6,9,5,6,9,5,7,7,Law
6543,4,5,7,7,5,3,6,6,4,8,8,5,9,9,7,7,9,7,9,6,6,10,8,3,1,4,8,8,7,4,10,10,Dentist
6544,6,3,4,1,3,7,7,9,4,5,8,7,5,7,8,6,6,5,5,5,7,1,9,6,4,4,4,8,7,4,7,7,Finance / Banking
6545,6,2,4,2,7,3,4,4,8,7,7,4,5,10,10,5,10,8,6,9,5,1,4,10,3,5,6,5,5,7,9,10,Journalism / Media
6546,3,2,2,4,3,3,1,3,5,7,8,6,7,5,10,5,7,8,6,8,4,6,3,4,4,3,6,9,7,2,8,9,Psychology
6547,2,4,6,10,6,2,5,4,3,6,6,3,9,6,7,3,5,6,7,5,5,9,1,4,3,3,5,9,5,2,10,7,MBBS / Doctor
6548,1,4,2,1,4,1,4,7,7,5,7,4,2,6,10,7,9,7,3,8,4,2,4,9,4,8,5,6,7,7,8,5,Law
6549,6,5,2,4,7,4,6,9,5,6,7,6,4,6,5,9,8,6,3,7,7,5,8,4,4,4,1,8,7,9,7,7,Business / Management
6550,6,2,1,4,6,8,8,8,1,5,9,9,5,8,5,5,6,3,3,4,5,5,10,6,6,5,1,8,5,1,7,4,CA / Accounting
6551,5,5,5,8,2,1,3,4,3,5,5,2,7,7,9,4,9,5,4,3,3,7,4,4,3,2,6,8,7,3,4,7,Dentist
6552,8,4,1,4,4,10,5,8,2,3,7,7,4,4,6,6,2,3,2,3,7,1,9,3,7,4,3,8,8,3,8,3,CA / Accounting
6553,5,3,2,2,6,9,5,6,4,2,6,8,1,6,8,5,4,2,5,3,7,1,8,3,4,5,3,7,5,3,3,4,CA / Accounting
6554,5,3,2,2,5,4,7,5,8,5,8,8,2,8,9,10,6,5,5,7,5,4,6,7,8,6,6,8,7,5,10,6,Civil Services
6555,5,4,4,6,2,4,5,6,3,7,5,7,7,10,9,3,6,8,8,6,6,7,3,8,5,4,7,9,7,3,8,6,Teaching / Professor
6556,6,4,4,3,5,7,10,10,6,5,7,8,2,8,10,8,9,7,3,8,7,4,9,6,5,6,4,7,7,10,10,10,Business / Management
6557,8,1,1,1,7,9,7,7,6,5,8,10,6,6,8,6,4,5,2,3,7,3,10,5,7,4,5,10,8,4,5,6,CA / Accounting
6558,5,5,5,8,5,1,6,4,6,6,6,7,7,7,8,4,8,7,9,6,5,3,1,4,5,8,10,6,6,2,8,8,Teaching / Professor
6559,6,5,2,1,4,5,4,10,3,6,4,4,1,9,7,9,7,6,3,6,6,3,7,8,6,2,4,5,9,7,8,4,Business / Management
6560,7,8,7,6,7,5,6,6,4,4,10,9,9,9,6,2,5,4,5,6,7,3,3,6,3,5,5,8,8,6,5,6,Engineering
6561,7,7,9,6,5,4,5,6,8,6,7,7,7,5,7,8,6,6,9,7,6,5,2,8,6,4,10,8,8,3,7,10,Teaching / Professor
6562,7,7,9,8,6,3,1,4,4,7,6,7,9,10,9,7,4,6,9,7,5,9,3,3,4,5,8,9,10,6,7,6,MBBS / Doctor
6563,5,1,5,3,4,4,7,3,8,5,10,5,3,9,7,10,5,8,8,6,2,1,6,8,9,10,4,10,10,7,10,8,Civil Services
6564,5,3,5,5,8,5,3,8,7,5,4,7,5,7,8,8,9,6,3,7,6,5,9,5,4,7,5,7,10,7,10,10,Business / Management
6565,5,3,6,5,4,4,4,4,4,3,8,6,6,7,8,7,8,8,6,9,6,4,2,5,5,3,9,8,6,4,5,10,Teaching / Professor
6566,4,1,5,5,2,5,5,5,8,6,5,5,2,10,4,6,5,6,5,7,1,1,5,7,5,8,3,6,6,5,7,6,Law
6567,4,2,7,5,7,8,7,10,4,7,6,5,5,6,9,8,5,5,4,8,8,5,8,4,4,5,6,6,7,8,9,7,Business / Management
6568,8,8,5,5,9,3,6,5,3,2,8,8,8,6,4,6,6,2,6,2,7,5,6,2,3,3,7,6,6,8,6,6,Engineering
6569,9,7,8,5,9,4,7,6,4,6,9,10,9,8,10,3,8,4,10,6,8,3,3,4,4,3,6,8,6,4,8,7,Engineering
6570,6,5,6,5,3,6,4,4,5,8,5,3,5,7,7,5,5,8,8,9,4,3,4,4,6,5,10,9,4,2,4,5,Teaching / Professor
6571,5,8,8,8,7,2,4,4,6,7,9,3,8,9,7,7,7,7,6,6,3,10,3,6,4,5,7,10,6,5,9,9,MBBS / Doctor
6572,3,2,3,2,7,2,4,4,7,5,9,2,4,6,5,4,8,8,4,5,4,1,2,8,7,8,7,4,4,7,7,8,Journalism / Media
6573,6,4,2,2,3,5,4,6,8,4,9,6,3,6,10,6,6,10,4,7,5,3,5,8,6,10,7,8,7,6,7,10,Law
6574,9,5,3,5,7,10,8,9,3,5,10,10,3,10,5,7,7,3,6,5,8,2,10,4,5,6,5,10,10,5,7,9,CA / Accounting
6575,4,1,2,3,6,2,4,4,6,6,10,3,5,7,10,8,10,7,7,9,7,5,3,10,3,8,6,6,8,9,8,9,Journalism / Media
6576,6,4,4,4,5,8,7,6,4,4,9,8,5,6,6,5,6,7,6,5,7,1,10,5,2,6,3,6,8,6,10,6,Finance / Banking
6577,6,4,4,4,9,7,8,8,3,6,9,9,1,10,9,10,6,6,6,6,3,4,7,7,4,5,6,8,7,10,8,9,Business / Management
6578,6,2,3,2,5,10,6,7,6,4,8,8,2,9,6,7,5,4,6,1,5,1,10,4,5,7,3,10,7,5,7,6,CA / Accounting
6579,3,4,1,3,5,1,5,6,8,4,6,3,5,8,7,5,5,6,6,6,3,2,6,6,6,10,7,9,9,6,6,10,Law
6580,5,7,7,5,8,5,8,6,6,5,8,4,8,8,8,7,9,9,8,8,6,5,4,5,6,4,10,6,6,3,6,8,Teaching / Professor
6581,4,6,6,2,4,4,7,4,10,5,9,5,1,10,10,10,7,10,5,6,4,2,5,9,9,7,5,8,9,4,10,8,Civil Services
6582,3,2,3,3,4,4,6,7,8,7,4,5,4,6,10,4,4,6,2,8,6,2,3,9,3,10,5,5,6,5,7,10,Law
6583,4,1,3,3,3,6,5,7,1,3,5,7,3,6,6,7,9,4,4,2,6,3,7,2,2,2,3,5,6,4,6,4,CA / Accounting
6584,3,4,4,8,3,2,3,7,4,8,8,6,10,8,6,6,9,6,8,1,6,7,1,3,5,4,6,9,4,3,7,4,Pharmacy
6585,4,2,6,5,3,5,6,9,3,5,8,7,7,8,6,10,9,7,3,5,8,2,7,9,7,6,4,5,9,10,8,8,Business / Management
6586,4,1,3,1,4,3,3,6,8,5,8,6,3,6,6,5,5,6,7,8,1,3,4,8,7,7,4,8,7,7,8,7,Law
6587,2,1,1,5,3,3,5,5,3,8,6,3,4,6,9,6,8,10,7,4,1,4,1,10,3,2,7,5,4,4,9,7,Psychology
6588,2,4,2,4,5,2,6,4,9,6,8,5,1,9,8,10,7,8,7,8,3,3,4,7,6,6,5,10,7,8,8,7,Civil Services
6589,4,4,4,6,1,6,6,3,4,9,7,7,6,8,9,5,9,10,10,6,4,5,5,9,6,4,7,7,8,3,7,8,Psychology
6590,6,3,4,5,3,3,6,5,8,7,6,7,4,9,7,10,9,9,7,7,5,1,5,8,9,8,4,10,10,4,9,10,Civil Services
6591,6,5,5,6,4,3,5,4,5,7,3,1,5,4,10,8,7,4,5,6,5,1,5,5,3,5,8,6,8,2,6,9,Teaching / Professor
6592,8,3,2,3,4,10,10,6,3,3,7,10,1,7,6,8,6,3,3,3,8,2,10,5,7,4,3,10,5,5,6,5,CA / Accounting
6593,4,2,3,8,2,2,4,2,6,6,7,1,5,6,7,5,7,9,7,4,6,4,4,10,6,4,8,8,5,1,8,9,Psychology
6594,3,1,1,4,4,2,5,4,8,4,9,4,4,7,6,7,8,4,4,7,7,1,6,7,5,10,5,9,6,6,5,5,Law
6595,4,3,4,9,5,2,4,3,3,4,6,6,10,8,8,8,4,8,6,7,4,9,2,5,6,5,8,7,7,6,8,7,MBBS / Doctor
6596,4,3,2,2,5,9,5,5,2,3,7,9,3,4,4,6,4,1,6,5,9,4,8,4,4,7,4,10,8,3,5,7,CA / Accounting
6597,3,2,5,2,5,3,5,6,9,6,8,4,3,7,6,7,9,7,4,8,6,2,5,10,9,9,6,7,7,7,8,9,Law
6598,5,2,4,5,8,1,4,4,9,6,4,6,6,9,10,4,9,7,5,10,8,4,3,8,5,7,6,8,6,9,10,10,Journalism / Media
6599,7,4,7,8,4,6,3,2,3,6,6,6,8,8,7,7,7,9,9,4,4,8,3,4,4,5,8,10,9,4,8,10,MBBS / Doctor
6600,6,8,5,4,8,9,8,6,6,5,5,9,8,8,8,10,8,7,4,7,6,5,10,6,5,7,6,10,7,10,9,8,Business / Management
6601,6,8,5,9,7,3,5,4,4,1,6,3,5,9,8,9,7,9,8,8,8,7,3,5,5,6,10,9,6,7,7,8,Teaching / Professor
6602,6,3,7,9,5,3,4,6,2,6,8,7,6,9,6,5,7,6,4,2,5,8,1,4,3,2,2,6,9,4,4,9,Dentist
6603,5,8,3,5,5,4,6,10,4,8,7,7,6,6,9,10,10,5,4,9,10,3,6,5,3,6,4,8,8,10,6,7,Business / Management
6604,6,4,7,6,7,6,6,4,5,4,6,8,8,7,6,4,8,8,6,5,6,8,3,5,4,4,6,6,7,4,9,3,Pharmacy
6605,6,5,8,8,3,2,4,5,2,6,5,5,7,10,6,9,8,9,4,6,5,10,4,3,3,2,6,9,7,3,10,9,Dentist
6606,3,3,3,1,4,1,7,3,9,5,7,4,4,9,7,8,7,7,4,9,7,3,4,6,8,6,8,9,7,2,7,10,Civil Services
6607,10,7,6,2,8,1,5,9,4,3,8,7,5,10,7,6,6,4,8,5,4,7,4,5,5,4,6,6,5,7,9,5,Engineering
6608,6,2,1,2,7,10,7,4,2,3,9,7,1,6,6,4,3,4,2,3,6,2,8,5,3,5,5,4,9,2,5,7,CA / Accounting
6609,6,6,8,6,8,1,3,2,6,8,7,4,7,7,9,6,7,10,6,9,7,5,1,7,4,5,9,8,9,5,6,8,Teaching / Professor
6610,4,5,7,10,4,1,3,4,4,1,7,6,10,7,6,4,5,5,10,3,5,10,2,6,4,3,5,8,6,5,4,7,Pharmacy
6611,6,5,8,9,8,2,5,4,5,5,6,6,7,7,7,8,6,8,5,8,7,10,1,5,3,5,7,10,7,3,7,8,MBBS / Doctor
6612,3,5,2,4,9,5,4,9,5,7,9,8,5,7,7,8,9,4,3,8,6,4,6,6,3,2,7,5,7,7,10,9,Business / Management
6613,5,2,4,2,7,10,9,8,2,4,9,8,4,9,5,4,5,8,5,3,7,3,10,8,3,6,5,9,7,3,9,9,CA / Accounting
6614,3,4,7,8,6,3,3,3,6,7,8,5,8,8,4,6,5,9,6,7,5,10,3,6,7,2,9,8,8,4,10,7,MBBS / Doctor
6615,9,3,3,2,7,10,9,9,5,5,9,10,4,7,8,8,5,5,6,5,4,1,10,5,3,3,5,9,9,8,5,7,CA / Accounting
6616,6,1,1,2,5,2,7,3,7,9,8,3,1,6,8,8,5,4,5,10,6,1,4,8,6,7,6,8,9,5,6,8,Law
6617,3,5,4,5,5,4,4,4,6,9,6,4,6,6,9,4,7,8,5,8,2,3,4,4,4,3,10,9,7,4,6,7,Teaching / Professor
6618,4,3,3,6,6,5,4,4,6,7,8,5,3,4,10,5,9,5,6,5,5,4,3,7,4,8,5,6,5,7,10,9,Journalism / Media
6619,5,5,1,1,5,5,7,7,9,5,9,6,5,5,7,8,5,9,4,10,2,1,4,9,7,5,5,8,8,3,6,7,Civil Services
6620,5,3,3,5,3,1,5,3,7,4,8,6,4,9,9,8,6,8,6,6,5,4,4,8,6,8,4,10,8,7,9,8,Civil Services
6621,6,3,3,3,10,10,10,7,2,7,6,8,5,10,10,8,9,4,6,7,6,3,10,5,3,5,5,6,9,9,7,8,Finance / Banking
6622,3,3,10,8,4,3,4,4,1,5,6,8,7,8,5,8,6,8,4,4,4,9,4,5,3,4,5,7,7,6,7,6,Pharmacy
6623,1,4,3,2,8,3,3,4,7,7,6,3,5,6,10,5,8,5,5,9,7,5,7,10,7,7,8,8,9,7,9,9,Journalism / Media
6624,3,3,2,5,4,3,9,4,8,6,9,4,4,9,9,7,5,5,4,7,4,1,4,8,10,6,2,10,7,1,8,9,Civil Services
6625,6,5,4,8,2,4,1,3,2,2,4,4,8,8,5,6,6,8,5,5,5,10,4,5,4,2,6,8,6,6,6,9,MBBS / Doctor
6626,5,3,9,9,3,2,4,2,4,3,8,5,8,7,7,4,4,7,7,3,4,9,4,2,2,4,5,4,7,3,8,8,Pharmacy
6627,4,5,6,7,3,4,5,1,3,6,8,4,6,9,2,5,7,9,4,5,7,8,4,3,1,2,7,5,9,4,6,6,Dentist
6628,4,4,1,2,7,10,5,8,5,5,8,10,2,9,8,5,5,5,4,1,6,1,10,5,4,6,3,10,8,5,6,5,CA / Accounting
6629,3,2,3,1,6,2,3,8,6,7,8,3,4,7,8,7,8,6,6,9,6,3,7,8,5,7,4,5,5,6,7,7,Journalism / Media
6630,7,4,3,1,8,8,8,6,3,5,8,9,3,8,4,7,5,5,2,8,7,3,10,4,5,6,4,8,8,7,10,7,Finance / Banking
6631,10,2,2,2,8,10,7,5,3,3,8,9,2,7,8,5,7,5,5,5,3,3,10,5,3,6,3,10,8,4,7,7,CA / Accounting
6632,1,1,1,3,3,2,4,3,4,9,3,6,2,4,7,4,5,10,6,4,2,5,2,7,4,3,7,9,5,2,8,7,Psychology
6633,6,3,3,2,6,3,3,3,6,3,6,3,3,5,10,8,10,5,4,10,5,1,4,7,4,3,5,4,6,7,5,7,Journalism / Media
6634,4,4,5,6,7,2,4,3,6,8,10,8,7,5,8,6,6,10,9,9,9,4,5,6,4,8,8,6,5,2,8,9,Teaching / Professor
6635,4,2,4,1,7,1,2,5,3,10,8,5,7,8,8,3,7,7,7,5,5,4,2,7,5,3,5,5,5,1,7,7,Psychology
6636,6,5,4,3,4,2,5,7,8,7,7,1,3,9,9,8,3,6,7,8,6,3,2,8,10,5,5,9,9,5,7,9,Civil Services
6637,9,1,5,2,5,9,10,7,6,6,9,6,4,8,6,6,6,3,7,5,6,2,9,6,5,6,4,6,10,6,6,6,Finance / Banking
6638,4,2,1,8,3,2,1,4,5,9,4,5,4,8,9,4,6,6,8,4,5,7,3,7,4,4,7,6,5,1,8,10,Psychology
6639,4,7,6,5,5,2,4,4,5,7,10,5,3,7,8,8,6,7,7,6,3,4,1,6,6,4,10,8,4,3,8,9,Teaching / Professor
6640,5,5,4,6,5,3,6,3,5,10,10,1,6,6,10,6,7,10,10,7,6,9,6,7,5,5,7,9,5,6,10,7,Psychology
6641,2,2,5,2,4,4,5,4,5,6,4,1,5,7,8,4,10,8,7,10,5,1,5,10,7,7,3,7,4,6,8,9,Journalism / Media
6642,1,1,1,3,4,4,5,6,8,9,6,2,3,6,8,9,7,7,5,7,6,1,5,7,5,9,5,8,7,4,9,10,Law
6643,6,4,6,8,8,1,3,5,5,8,8,6,5,8,9,6,5,10,6,6,6,5,2,5,5,8,10,10,7,3,7,8,Teaching / Professor
6644,5,5,3,1,3,9,7,4,6,6,6,10,3,8,4,7,7,5,5,1,7,2,8,3,4,5,2,8,9,5,5,6,CA / Accounting
6645,3,1,1,6,2,2,7,2,5,6,4,3,5,6,7,8,5,9,5,5,3,4,5,7,4,4,9,6,6,5,6,10,Psychology
6646,7,7,4,4,8,2,4,3,6,6,7,4,3,8,8,5,8,8,10,5,6,3,2,8,5,5,9,10,4,5,7,8,Teaching / Professor
6647,3,4,6,10,4,1,6,4,5,6,8,5,9,8,6,7,5,8,7,6,4,9,1,5,5,6,7,10,6,5,6,9,MBBS / Doctor
6648,6,4,9,7,5,3,4,6,3,4,6,6,10,7,5,6,4,6,9,4,6,7,3,2,4,1,6,7,5,5,6,5,Pharmacy
6649,7,4,3,3,6,1,4,5,5,6,6,6,6,6,6,9,6,6,9,8,7,3,3,7,4,3,9,5,7,2,6,9,Teaching / Professor
6650,9,3,3,1,5,9,10,5,4,5,7,6,2,5,8,6,4,3,7,4,8,1,7,6,4,4,5,8,9,5,7,5,Finance / Banking
6651,8,8,4,6,9,5,5,4,4,6,9,8,4,9,3,6,7,2,7,8,8,4,7,5,3,4,5,9,8,2,6,5,Engineering
6652,7,5,9,9,1,5,5,4,5,7,8,5,8,9,7,5,6,10,6,5,4,8,1,7,3,5,7,10,10,5,10,10,MBBS / Doctor
6653,4,6,6,7,3,3,3,3,3,5,5,5,8,5,3,3,6,6,9,2,7,6,1,1,2,1,3,4,7,3,6,7,Pharmacy
6654,3,1,2,1,4,3,6,9,8,6,6,4,2,5,10,8,7,8,4,6,6,1,5,8,9,10,7,5,8,7,7,7,Law
6655,4,3,4,4,5,1,5,3,7,7,5,4,6,7,7,7,10,10,7,6,3,6,3,7,3,1,8,9,8,4,5,9,Psychology
6656,3,6,7,3,8,1,1,1,6,5,6,4,4,7,7,8,7,6,6,4,6,3,3,4,4,3,7,10,5,3,5,6,Teaching / Professor
6657,1,2,1,5,3,3,4,2,6,7,6,5,5,5,7,7,7,9,7,6,2,5,2,8,4,3,7,9,4,6,8,6,Psychology
6658,6,7,8,9,4,1,2,6,2,6,9,4,8,6,4,4,2,2,8,3,4,9,3,2,3,4,6,9,6,3,8,8,Pharmacy
6659,4,2,3,1,5,1,5,5,10,2,5,3,4,8,8,9,5,5,7,9,3,2,3,6,5,6,5,7,7,7,7,7,Law
6660,7,9,5,4,10,2,2,3,4,4,6,9,7,9,7,4,8,6,8,6,9,1,4,3,6,6,4,7,7,8,5,3,Engineering
6661,2,1,5,5,5,3,7,4,7,9,7,5,7,8,10,8,9,10,8,6,5,8,3,9,4,4,7,10,5,5,8,9,Psychology
6662,2,1,4,6,5,2,5,2,4,10,8,6,5,8,6,7,7,9,8,6,4,5,8,6,4,3,8,6,6,4,7,8,Psychology
6663,5,2,2,4,4,7,10,7,2,2,9,7,2,8,5,4,3,3,2,3,7,4,8,3,3,1,4,8,8,5,6,6,CA / Accounting
6664,9,7,5,5,10,3,8,4,2,2,6,7,7,9,6,7,7,5,6,7,6,4,4,6,4,4,5,9,7,9,8,6,Engineering
6665,6,3,8,6,2,2,3,6,2,4,5,2,7,6,7,4,4,7,8,4,6,6,1,3,2,4,4,10,8,4,8,4,Pharmacy
6666,5,2,2,3,7,4,6,9,4,5,5,7,6,6,7,9,6,6,4,5,9,2,8,3,6,7,2,5,9,7,9,6,Business / Management
6667,5,2,5,10,7,2,3,5,4,7,7,5,10,9,7,5,3,6,6,6,3,7,3,7,6,1,7,10,7,4,9,9,MBBS / Doctor
6668,5,4,5,7,6,1,8,8,7,6,6,5,6,8,10,9,10,4,2,8,7,3,6,4,5,5,4,7,9,8,10,7,Business / Management
6669,8,2,1,3,8,9,8,8,4,3,10,9,5,6,6,8,5,5,4,5,6,3,8,4,7,5,4,8,6,6,7,9,Finance / Banking
6670,4,7,1,4,6,5,5,8,6,8,7,5,2,10,10,5,5,7,5,7,8,3,8,4,5,5,4,4,8,10,9,9,Business / Management
6671,7,1,2,1,8,7,8,6,2,6,7,7,2,5,3,4,2,2,3,4,3,2,6,2,4,4,4,6,10,6,2,6,CA / Accounting
6672,4,4,2,4,4,1,5,6,8,7,7,5,3,8,8,7,4,7,4,6,5,3,4,8,9,6,6,9,9,1,9,10,Civil Services
6673,8,5,4,7,7,1,7,4,4,4,7,7,5,8,6,8,7,1,6,8,9,2,4,3,1,3,5,4,5,6,6,6,Engineering
6674,5,5,2,2,6,5,6,9,5,5,6,6,3,7,9,9,7,5,3,7,10,4,5,6,3,5,4,9,6,9,8,10,Business / Management
6675,3,2,4,6,5,2,4,5,8,6,5,5,3,6,10,5,10,8,7,8,7,2,5,8,6,8,6,6,7,8,8,10,Journalism / Media
6676,3,4,4,7,5,3,2,2,4,4,8,4,6,8,6,4,7,5,5,3,2,7,8,3,4,1,4,5,5,3,9,9,Dentist
6677,3,4,4,5,3,4,3,4,6,7,8,6,5,7,6,6,9,9,7,7,4,4,2,9,4,3,9,7,5,5,8,10,Psychology
6678,2,1,3,4,2,6,3,6,10,3,6,6,5,5,7,6,6,6,6,6,6,1,5,4,4,7,8,6,7,6,8,7,Law
6679,6,3,4,2,3,3,7,4,6,8,8,3,4,8,6,9,7,8,6,10,2,3,5,9,7,8,5,9,7,4,9,6,Civil Services
6680,6,7,2,6,5,7,8,9,4,5,6,6,4,8,6,9,10,7,4,10,6,3,5,4,7,4,3,7,8,9,8,7,Business / Management
6681,6,5,4,2,9,3,6,5,4,6,9,8,9,8,5,4,8,6,6,7,5,3,4,3,7,4,4,7,4,5,8,5,Engineering
6682,2,1,7,7,6,4,2,5,2,7,7,6,8,8,7,2,6,5,5,3,4,9,2,5,2,1,3,9,7,3,8,8,Pharmacy
6683,1,2,1,3,3,3,4,3,7,2,7,3,6,8,7,5,7,7,7,9,6,2,3,9,2,9,2,3,9,8,6,6,Journalism / Media
6684,4,2,2,1,4,1,2,2,6,7,6,1,3,4,9,5,9,8,7,8,6,1,5,7,4,9,4,5,7,7,9,8,Journalism / Media
6685,3,4,3,4,4,4,3,1,7,6,5,4,2,7,10,7,7,7,6,10,5,2,3,9,3,9,5,7,7,3,10,7,Journalism / Media
6686,6,1,1,5,6,4,6,6,5,5,5,6,5,8,8,9,7,6,5,8,8,2,8,6,3,4,6,8,5,10,10,9,Business / Management
6687,6,3,9,7,5,1,3,3,4,5,7,8,10,8,7,4,5,5,5,1,5,10,3,1,1,1,7,7,7,5,6,5,Pharmacy
6688,4,6,10,9,6,4,4,4,3,6,8,5,10,8,7,8,7,6,6,3,4,7,4,1,4,4,6,10,8,6,7,6,Pharmacy
6689,3,2,2,2,4,4,7,6,7,4,8,4,2,8,8,9,4,6,6,9,5,5,5,7,7,7,5,8,7,5,8,9,Law
6690,5,6,2,5,8,5,7,8,5,6,9,6,8,10,9,9,8,7,6,8,7,4,8,5,5,5,5,7,7,8,10,9,Business / Management
6691,6,6,6,4,5,3,6,8,7,8,9,8,4,6,7,6,7,6,5,8,7,4,7,6,3,7,6,8,6,9,10,6,Business / Management
6692,6,5,1,8,6,2,2,2,6,10,6,5,7,6,8,6,8,8,7,7,4,10,2,10,5,4,10,8,5,4,9,10,Psychology
6693,2,1,3,3,3,1,2,1,4,10,9,3,5,7,10,6,8,9,3,2,3,5,1,6,2,2,9,7,4,2,9,8,Psychology
6694,5,2,2,7,6,1,3,5,5,7,6,5,6,6,9,1,7,9,5,7,3,5,2,3,5,6,8,6,6,5,6,9,Psychology
6695,9,8,4,3,9,5,8,9,5,3,5,9,6,8,5,6,9,6,7,4,7,3,4,7,5,6,5,6,6,6,10,5,Engineering
6696,5,5,8,5,6,3,1,2,2,4,6,6,7,10,8,6,4,6,8,10,7,2,1,3,4,7,8,7,6,3,7,4,Teaching / Professor
6697,3,5,3,3,5,4,6,5,7,5,4,5,3,6,8,7,6,8,7,9,6,3,4,9,10,7,7,9,6,3,7,8,Civil Services
6698,4,4,4,6,6,3,5,3,5,5,7,4,6,7,9,5,5,7,6,7,5,4,1,8,5,4,10,7,6,4,8,7,Teaching / Professor
6699,4,8,10,10,7,2,4,5,5,6,6,9,10,10,9,7,8,10,6,7,4,9,5,4,1,3,3,10,9,5,8,7,Dentist
6700,5,6,1,1,5,10,7,8,1,3,9,5,1,8,6,5,4,4,3,3,4,3,7,3,5,7,4,10,5,5,5,8,CA / Accounting
6701,9,1,4,2,4,9,7,6,1,6,8,7,3,6,8,5,4,3,5,3,7,2,10,3,3,3,3,7,9,4,6,4,CA / Accounting
6702,3,1,3,5,2,3,6,3,4,9,7,3,4,5,7,7,6,8,6,6,3,5,5,10,4,3,6,8,5,2,5,8,Psychology
6703,5,2,3,2,3,2,5,6,10,6,7,5,3,10,7,8,8,6,5,10,4,5,5,8,7,10,4,7,6,4,6,9,Law
6704,5,1,2,7,2,1,5,4,4,10,3,2,7,5,7,7,4,9,7,6,8,7,3,8,3,5,7,6,6,2,6,8,Psychology
6705,3,4,10,8,5,3,5,3,5,3,6,7,10,5,6,6,6,4,7,4,5,7,3,7,3,1,3,9,7,4,7,8,Pharmacy
6706,8,4,7,10,6,3,5,1,3,6,6,2,10,7,7,8,7,7,5,4,7,10,3,5,3,4,8,9,8,3,10,6,MBBS / Doctor
6707,5,4,7,8,3,3,4,1,4,5,7,5,6,8,4,6,5,7,8,4,4,8,2,1,1,3,4,10,7,5,7,8,Dentist
6708,3,6,7,8,4,3,2,5,3,4,7,6,5,9,7,5,8,5,2,1,6,9,3,5,2,4,4,8,6,4,6,9,Dentist
6709,3,2,5,10,5,2,5,2,6,6,7,6,7,9,8,7,10,8,9,5,4,10,3,5,3,3,5,7,7,6,7,8,Dentist
6710,5,2,2,5,6,5,10,10,2,8,8,7,5,10,8,7,9,5,8,7,7,3,8,6,4,6,6,6,7,10,10,10,Business / Management
6711,4,7,4,6,9,5,3,6,7,6,9,8,5,7,8,8,9,9,7,10,5,4,3,5,5,6,10,9,7,7,8,6,Teaching / Professor
6712,9,7,7,3,8,3,6,3,5,2,7,5,8,9,7,8,7,6,6,5,10,6,3,6,4,4,5,6,2,9,6,6,Engineering
6713,5,5,3,3,5,6,6,5,8,5,10,7,1,8,10,8,7,8,9,8,3,3,4,9,5,10,4,8,8,5,8,9,Law
6714,3,2,1,3,6,3,7,5,8,7,8,3,2,8,9,7,8,9,7,7,4,4,5,7,6,8,3,7,6,6,6,8,Law
6715,3,6,3,2,3,3,2,7,7,5,9,7,2,9,10,5,5,6,5,7,5,4,6,6,6,8,7,8,7,5,7,7,Law
6716,5,4,3,2,9,6,5,8,2,7,7,6,3,8,9,10,9,4,4,7,6,1,5,7,2,5,5,6,7,9,9,8,Business / Management
6717,5,4,2,2,6,7,7,7,3,2,9,7,5,7,7,8,4,5,5,4,7,1,10,4,3,3,5,5,9,8,5,7,Finance / Banking
6718,5,4,4,1,5,10,8,7,4,4,7,10,2,7,8,5,7,4,5,5,7,4,9,5,4,4,5,10,6,2,5,5,CA / Accounting
6719,5,6,2,4,5,3,7,6,8,6,9,8,2,10,10,9,7,7,7,10,8,5,5,10,7,8,8,10,8,4,8,7,Civil Services
6720,5,4,1,6,7,3,6,4,5,9,7,3,6,7,9,8,8,9,7,8,3,4,2,8,3,4,8,8,4,3,7,7,Psychology
6721,2,2,1,6,1,1,4,1,2,7,6,3,4,6,8,4,8,6,8,4,4,4,1,6,4,4,7,9,6,1,8,9,Psychology
6722,5,3,4,4,6,7,8,9,1,5,8,6,5,8,8,10,9,4,2,8,9,1,7,9,4,9,4,5,7,6,6,8,Business / Management
6723,6,3,4,2,7,2,6,4,8,6,6,4,6,9,10,6,9,8,5,9,7,3,4,10,4,6,6,5,8,7,8,7,Journalism / Media
6724,4,4,8,10,4,2,1,4,4,5,9,6,8,9,6,6,10,8,6,6,5,8,4,4,2,6,8,10,10,7,10,7,Dentist
6725,5,5,1,1,7,5,5,5,5,4,7,5,4,7,7,9,7,5,5,8,5,3,6,5,6,5,8,6,7,8,8,9,Business / Management
6726,8,2,3,3,7,10,7,5,5,4,7,6,4,8,5,6,6,2,6,2,4,1,10,3,4,2,5,7,6,5,5,6,CA / Accounting
6727,6,4,10,5,5,5,3,4,5,4,4,6,7,8,7,7,6,7,7,5,7,10,4,3,5,4,1,10,6,4,6,7,Pharmacy
6728,3,2,2,4,7,3,5,6,4,5,7,3,4,6,8,6,9,8,7,8,7,1,3,10,9,7,8,3,5,9,8,10,Journalism / Media
6729,3,3,1,4,3,4,6,6,8,8,5,5,4,10,7,7,9,6,8,10,7,2,4,5,5,10,7,8,8,4,4,10,Law
6730,6,4,2,3,9,8,8,9,4,6,8,9,3,8,7,7,6,4,6,7,7,1,8,4,3,3,3,7,9,4,9,8,Finance / Banking
6731,4,1,5,5,3,4,9,6,8,4,7,5,4,7,9,10,7,8,6,10,6,2,3,10,7,8,5,9,4,6,8,8,Law
6732,6,4,10,10,4,2,1,4,4,4,7,9,10,7,7,6,3,6,7,6,5,10,5,6,3,3,8,6,8,6,7,7,Pharmacy
6733,3,4,3,2,3,4,6,7,8,4,10,4,4,7,8,7,7,7,8,6,3,2,5,7,7,9,4,9,8,6,7,7,Law
6734,5,3,1,3,4,10,6,6,3,4,7,7,5,8,7,7,4,5,6,5,7,1,10,2,3,1,4,7,6,4,4,6,CA / Accounting
6735,4,2,3,5,4,2,5,4,9,5,8,7,4,7,8,7,8,7,5,6,8,3,3,6,10,8,6,9,7,4,9,9,Civil Services
6736,10,10,5,3,9,4,6,1,9,6,8,7,9,9,6,7,7,6,8,6,9,6,2,3,4,3,4,9,7,4,7,6,Engineering
6737,8,4,2,3,4,8,4,7,4,2,9,10,1,10,6,8,3,5,5,3,4,1,10,3,4,4,2,8,5,5,7,8,CA / Accounting
6738,4,2,5,6,5,4,5,4,5,10,9,4,8,8,8,7,7,9,9,8,4,7,2,6,3,5,5,10,7,6,8,8,Psychology
6739,8,5,2,3,4,9,10,4,4,4,8,9,3,8,6,8,4,3,5,3,7,4,9,2,3,5,4,7,6,6,8,9,Finance / Banking
6740,5,4,4,7,4,1,6,3,9,3,10,4,4,7,7,9,4,9,8,10,5,2,3,9,8,10,5,9,9,3,6,10,Civil Services
6741,7,7,5,4,10,4,6,5,5,3,10,7,7,9,6,7,8,5,9,6,10,5,3,8,3,5,5,7,7,6,9,5,Engineering
6742,6,2,2,3,4,10,8,6,5,3,7,8,1,5,8,8,3,5,4,3,6,2,10,1,4,8,1,8,7,5,8,6,CA / Accounting
6743,3,1,7,4,6,2,7,4,7,6,7,5,1,10,9,10,7,7,7,7,4,4,2,8,10,8,6,7,10,4,8,8,Civil Services
6744,2,2,3,1,4,3,4,4,8,6,6,8,3,6,9,9,5,6,5,6,5,3,5,5,9,7,4,9,9,4,8,6,Civil Services
6745,2,3,9,4,3,5,2,4,3,3,5,6,10,4,7,1,6,7,8,3,7,7,3,2,5,2,5,4,5,2,5,6,Pharmacy
6746,4,3,6,6,6,2,6,3,4,4,6,6,4,6,10,6,8,8,9,8,5,3,2,6,4,2,10,8,7,3,9,9,Teaching / Professor
6747,5,4,5,2,7,9,7,9,5,6,5,9,6,7,8,8,9,6,5,6,6,5,7,1,4,9,6,5,8,9,6,7,Business / Management
6748,2,2,2,6,4,4,5,6,9,5,9,7,2,9,8,7,6,7,4,8,3,1,6,5,8,10,5,6,8,7,7,10,Law
6749,5,4,5,9,8,2,5,5,6,9,9,8,7,10,10,6,1,7,6,7,5,10,2,5,5,3,8,10,7,5,6,6,MBBS / Doctor
6750,5,4,3,1,4,7,6,6,4,5,7,10,4,5,7,7,7,4,6,1,5,1,8,4,4,6,7,7,9,5,6,7,CA / Accounting
6751,9,8,7,7,8,3,4,8,5,6,7,9,9,9,8,10,7,4,6,8,10,4,5,4,6,4,5,9,7,7,8,8,Engineering
6752,3,5,7,6,8,3,4,4,9,8,8,6,5,5,8,9,10,5,9,10,7,3,4,4,2,9,9,7,6,6,9,7,Teaching / Professor
6753,6,6,7,10,5,3,5,2,6,4,6,2,9,10,6,6,5,8,5,5,8,8,3,5,4,4,6,9,8,2,5,5,MBBS / Doctor
6754,4,3,1,1,5,9,7,8,3,2,5,6,1,6,8,6,3,5,5,3,8,3,9,4,4,5,1,10,5,3,9,5,CA / Accounting
6755,1,1,1,1,6,1,4,5,7,3,8,1,1,7,9,5,9,8,10,9,6,4,4,8,5,7,4,6,6,8,7,7,Journalism / Media
6756,3,4,7,7,5,3,3,4,5,5,5,4,8,5,4,6,3,4,7,3,5,7,4,2,1,5,5,8,4,4,4,5,Pharmacy
6757,8,1,5,4,5,3,5,3,10,3,8,5,3,8,10,7,7,7,7,8,4,3,5,8,5,7,6,6,7,5,6,9,Law
6758,8,1,2,4,4,10,7,7,5,3,6,8,3,8,6,5,5,4,6,5,6,1,9,3,5,6,2,7,9,3,5,7,CA / Accounting
6759,9,3,2,2,4,9,7,7,6,3,10,6,4,7,4,4,5,3,6,4,5,4,10,1,5,4,3,6,9,7,9,7,Finance / Banking
6760,7,6,3,1,4,5,3,5,7,4,9,5,6,10,7,8,7,6,7,8,4,2,6,7,10,8,3,6,7,5,8,8,Civil Services
6761,8,9,8,1,9,3,3,3,4,5,10,9,9,9,5,6,9,7,7,4,10,5,6,4,3,5,5,7,9,5,10,6,Engineering
6762,4,3,1,2,7,6,7,6,8,7,7,5,3,8,10,7,10,7,9,8,7,3,6,9,4,8,4,6,7,5,10,10,Journalism / Media
6763,5,3,1,3,3,3,4,5,9,6,10,5,3,6,9,7,5,6,5,8,5,2,7,9,9,7,5,7,10,6,9,7,Civil Services
6764,8,2,1,2,4,5,6,3,1,3,10,7,4,6,6,4,2,6,2,6,6,1,7,5,2,3,5,6,9,7,5,8,Finance / Banking
6765,7,3,3,4,7,6,6,5,5,5,8,6,5,8,5,6,6,4,3,5,7,1,9,3,5,1,2,3,8,4,5,6,Finance / Banking
6766,9,8,4,5,6,3,2,1,4,3,5,8,10,10,5,5,8,6,5,5,9,4,3,4,5,5,5,9,6,8,7,10,Engineering
6767,8,6,2,4,5,4,5,3,7,7,9,5,7,8,7,8,7,9,5,8,5,6,3,6,5,6,10,8,8,4,7,8,Teaching / Professor
6768,7,6,5,4,4,2,2,5,3,8,6,5,5,9,9,8,6,8,8,8,6,4,3,7,3,1,8,7,7,3,6,5,Teaching / Professor
6769,3,3,2,3,6,4,3,7,10,6,6,5,2,7,10,5,10,7,7,9,6,3,2,9,6,8,6,6,6,8,8,10,Journalism / Media
6770,7,5,5,10,6,3,3,4,5,5,7,5,9,10,8,6,7,8,6,6,7,10,6,8,4,4,7,10,7,4,7,10,Dentist
6771,3,5,4,1,6,8,5,6,4,4,7,10,2,9,4,5,5,5,3,2,6,4,10,2,3,3,6,8,7,5,7,5,CA / Accounting
6772,4,3,4,3,5,6,7,9,3,5,10,5,2,9,7,10,8,7,5,7,9,1,6,4,2,5,5,8,8,8,8,7,Business / Management
6773,4,3,3,3,7,7,9,6,5,6,9,10,3,7,6,8,5,4,5,4,7,2,7,3,4,6,2,7,10,8,7,6,Finance / Banking
6774,8,4,6,8,8,3,6,7,5,1,9,10,8,7,6,4,9,4,7,4,8,6,4,4,2,1,3,7,8,6,9,5,Engineering
6775,4,3,3,2,7,6,8,8,6,4,9,4,7,8,9,10,7,8,4,7,6,6,6,6,4,7,9,5,8,8,10,9,Business / Management
6776,5,3,1,6,2,1,1,5,5,10,6,1,7,7,7,5,6,9,7,6,5,5,3,5,2,1,7,6,6,3,7,7,Psychology
6777,3,4,2,3,7,4,7,10,6,6,7,4,6,8,8,9,8,7,5,9,7,5,8,5,1,5,7,4,7,8,9,8,Business / Management
6778,2,5,3,1,7,1,4,4,10,5,6,3,5,8,9,6,10,10,7,10,6,3,3,8,5,6,9,5,7,7,8,10,Journalism / Media
6779,6,6,2,5,7,5,7,10,6,6,6,5,6,7,8,10,9,8,4,6,9,3,10,6,10,5,6,6,10,9,8,9,Business / Management
6780,3,5,7,7,5,2,4,5,1,4,6,5,9,3,5,1,6,5,8,3,6,7,2,4,6,1,6,6,5,6,7,5,Pharmacy
6781,9,8,6,4,9,3,3,5,3,2,7,8,7,5,5,8,6,5,8,6,10,1,6,5,7,3,2,7,6,7,9,6,Engineering
6782,2,3,3,3,6,3,6,3,4,6,5,3,7,10,10,7,10,5,6,9,7,3,6,9,1,8,4,5,9,5,7,6,Journalism / Media
6783,8,6,5,6,7,1,4,7,7,8,8,7,7,10,8,6,5,8,9,10,6,6,4,5,6,4,9,10,9,4,7,7,Teaching / Professor
6784,3,4,3,3,5,6,5,4,6,8,7,4,3,5,9,6,9,7,5,7,5,3,3,7,7,7,3,7,4,5,8,8,Journalism / Media
6785,4,2,4,2,5,4,5,7,5,6,7,5,4,6,6,10,9,5,2,4,6,3,7,5,4,3,7,5,7,7,9,10,Business / Management
6786,1,1,1,1,4,3,5,5,6,5,7,5,2,6,7,4,9,7,9,8,3,3,3,9,6,7,3,4,6,7,8,9,Journalism / Media
6787,1,1,5,4,3,3,5,5,6,7,9,5,6,5,8,5,9,9,7,8,9,1,3,10,5,7,5,9,8,6,9,9,Journalism / Media
6788,6,1,1,2,5,10,7,6,3,4,9,8,4,7,4,4,3,3,5,6,5,1,8,3,4,2,5,6,7,4,5,7,CA / Accounting
6789,3,1,2,3,5,2,6,7,8,4,5,3,3,6,9,7,8,7,9,7,7,3,5,8,6,8,2,4,7,4,8,10,Journalism / Media
6790,6,2,3,6,7,3,6,10,5,6,7,6,4,7,10,9,9,7,7,8,8,3,6,5,5,6,7,6,8,8,10,9,Business / Management
6791,7,3,3,1,8,9,6,10,4,3,10,7,2,9,10,8,6,6,4,2,5,4,8,4,5,6,6,10,10,6,9,6,CA / Accounting
6792,7,2,3,2,5,8,10,9,4,1,8,7,3,7,6,7,5,4,6,3,6,1,10,4,7,1,5,4,5,3,7,7,Finance / Banking
6793,6,5,4,7,4,2,3,3,7,5,8,4,5,8,9,7,5,7,5,6,4,8,3,4,6,4,5,7,7,7,7,9,MBBS / Doctor
6794,8,10,5,3,8,4,3,5,3,6,5,7,5,7,6,6,7,5,7,4,10,4,5,5,4,7,5,7,6,5,5,5,Engineering
6795,6,7,4,6,7,3,2,1,4,8,9,4,7,4,8,7,8,7,7,8,4,5,3,5,4,7,8,7,5,7,9,7,Teaching / Professor
6796,2,1,6,2,10,2,3,5,7,7,7,2,4,6,9,6,10,5,4,10,7,4,2,10,2,8,7,5,6,7,8,9,Journalism / Media
6797,3,5,9,7,6,2,4,3,2,5,6,4,10,8,5,2,6,2,7,5,4,9,1,3,4,2,1,7,4,3,5,1,Pharmacy
6798,4,4,7,6,2,1,4,4,4,4,6,5,9,7,5,5,3,6,7,4,4,6,1,4,2,2,5,6,4,3,6,6,Pharmacy
6799,6,7,4,5,7,5,7,9,5,5,8,7,5,9,8,9,6,6,3,8,6,1,10,5,6,5,8,5,8,7,10,9,Business / Management
6800,3,7,4,6,5,4,5,4,6,5,7,5,8,7,8,4,6,8,7,8,7,6,2,6,2,7,10,8,6,4,8,9,Teaching / Professor
6801,3,2,1,2,5,3,6,5,8,5,5,3,4,6,9,4,7,7,7,7,6,1,4,10,4,7,7,5,7,7,7,7,Journalism / Media
6802,5,4,2,3,4,2,7,4,10,6,7,8,4,10,9,10,6,9,6,10,6,3,2,7,10,8,8,9,10,5,10,7,Civil Services
6803,3,5,5,4,7,9,8,10,7,6,8,6,5,9,8,7,10,8,3,8,9,5,7,7,5,6,4,1,7,9,9,10,Business / Management
6804,7,6,7,6,3,3,7,6,2,4,8,2,8,9,8,5,7,9,4,7,7,9,5,3,2,1,5,10,8,6,6,8,Dentist
6805,6,2,5,8,4,3,2,2,3,10,6,4,6,8,8,6,6,7,7,9,3,8,2,9,7,2,7,8,8,3,8,9,Psychology
6806,6,8,5,3,9,2,7,6,5,3,5,9,7,7,7,4,6,6,5,5,10,4,6,6,4,1,3,8,4,6,7,8,Engineering
6807,4,5,6,6,4,2,2,5,1,5,7,6,6,4,6,2,5,7,5,6,5,7,2,1,2,1,5,6,9,4,6,6,Dentist
6808,6,5,6,5,7,3,6,6,8,5,7,6,6,7,10,5,5,7,8,10,9,4,2,7,5,3,7,7,9,4,7,9,Teaching / Professor
6809,5,3,3,3,4,4,5,3,10,6,7,6,7,10,10,10,8,7,9,8,4,2,4,9,10,7,3,10,9,7,8,8,Civil Services
6810,7,3,3,1,6,6,6,7,1,1,7,10,5,8,4,5,7,4,1,4,4,1,10,3,3,6,5,8,10,4,6,5,CA / Accounting
6811,7,6,5,3,9,3,7,4,3,2,10,8,6,10,8,4,6,5,5,5,9,1,4,6,4,4,4,8,5,7,7,7,Engineering
6812,4,4,6,4,4,4,4,5,6,10,7,4,6,7,9,6,9,9,7,9,7,5,1,7,3,4,9,8,7,5,8,7,Teaching / Professor
6813,4,3,6,9,2,3,4,2,1,6,9,4,7,7,5,8,6,7,4,1,6,7,4,4,3,4,5,8,8,3,7,9,Dentist
6814,9,3,8,9,3,2,1,1,3,5,4,6,7,7,7,6,6,9,7,5,6,9,3,4,3,2,4,8,10,4,8,9,Dentist
6815,5,4,7,8,2,4,4,1,4,7,6,6,9,8,10,7,5,7,6,4,3,7,2,6,4,3,9,10,6,5,6,8,MBBS / Doctor
6816,4,5,6,2,4,5,6,9,5,6,7,8,6,8,9,7,10,6,3,6,9,2,8,6,4,4,5,4,7,6,8,7,Business / Management
6817,7,5,5,5,5,5,4,6,6,6,7,6,4,7,8,6,7,5,7,9,5,3,1,5,5,7,5,10,7,3,6,9,Teaching / Professor
6818,2,8,8,9,6,4,5,5,5,5,5,4,10,9,4,5,4,6,8,4,7,9,3,5,4,2,4,8,6,3,8,9,Pharmacy
6819,6,8,5,5,8,2,8,10,5,6,6,6,4,10,10,10,7,6,4,6,6,3,9,5,6,8,6,8,6,8,9,9,Business / Management
6820,2,1,2,3,6,1,2,4,9,6,7,3,1,6,9,5,7,7,5,10,5,4,1,10,2,5,6,6,4,7,6,8,Journalism / Media
6821,7,1,1,2,5,10,7,5,5,3,6,10,3,10,7,5,2,2,1,3,7,1,9,4,6,4,3,7,9,3,8,5,CA / Accounting
6822,1,4,1,3,7,3,5,6,8,8,7,3,5,6,8,6,9,6,9,10,4,1,4,8,5,8,4,4,7,9,10,10,Journalism / Media
6823,6,6,7,7,3,3,3,3,2,5,6,6,8,8,6,3,4,3,8,2,5,6,2,1,5,3,5,5,6,4,7,5,Pharmacy
6824,1,1,2,4,6,6,3,6,8,4,8,4,4,6,9,9,7,8,7,10,8,1,6,8,4,8,5,7,5,8,10,10,Journalism / Media
6825,2,3,8,6,6,4,6,4,5,7,5,6,10,10,7,8,8,10,8,4,6,10,4,6,7,1,8,10,10,7,7,10,MBBS / Doctor
6826,5,2,1,6,4,1,5,2,4,6,6,3,6,5,7,7,4,9,9,5,4,5,2,6,2,2,7,7,4,2,8,8,Psychology
6827,6,3,5,3,4,4,5,3,9,4,8,5,4,7,8,5,7,4,4,7,4,3,3,9,10,6,6,10,8,3,7,5,Civil Services
6828,3,5,1,5,3,3,2,7,7,5,7,3,4,7,7,5,10,7,5,9,7,4,2,10,5,7,4,6,5,5,8,8,Journalism / Media
6829,4,5,10,9,7,3,4,5,2,9,8,7,9,10,10,7,5,7,7,6,6,9,4,5,4,6,8,8,7,4,9,10,MBBS / Doctor
6830,3,1,4,5,6,1,7,4,6,5,7,3,2,7,7,8,6,4,4,8,4,3,4,8,4,8,7,7,8,3,6,6,Law
6831,4,2,1,3,6,5,5,6,8,7,5,4,2,6,10,7,10,7,7,8,7,3,7,9,8,6,6,9,6,5,7,8,Journalism / Media
6832,7,4,9,10,4,5,5,5,3,6,7,8,9,8,6,5,5,9,5,5,3,10,3,6,3,5,9,9,8,6,9,10,MBBS / Doctor
6833,5,3,3,2,5,4,5,6,8,6,5,3,5,7,10,4,10,9,6,9,8,1,5,7,5,7,6,5,8,9,8,10,Journalism / Media
6834,4,3,5,4,5,5,2,5,7,5,7,3,2,8,9,6,3,4,6,7,5,5,1,9,10,8,5,7,7,2,7,7,Civil Services
6835,6,8,4,6,9,4,4,4,6,7,9,7,8,10,6,8,6,5,8,6,8,3,6,6,6,7,5,7,9,8,6,5,Engineering
6836,3,3,3,1,4,2,2,4,9,5,9,4,1,8,9,6,4,5,5,8,6,4,5,8,5,10,3,6,7,8,6,9,Law
6837,5,3,3,4,5,5,6,4,4,4,8,3,4,7,7,5,3,5,7,9,4,4,5,9,7,7,4,9,6,4,5,8,Civil Services
6838,6,5,2,2,6,6,8,7,5,4,6,6,3,6,10,10,10,6,5,7,6,4,9,6,3,5,4,5,10,6,10,9,Business / Management
6839,3,4,1,2,6,5,5,4,7,6,7,3,2,9,8,6,6,6,3,9,6,1,3,9,3,10,3,6,5,3,7,8,Law
6840,1,2,3,3,7,1,4,3,5,5,6,6,2,8,7,6,8,9,6,7,3,4,6,5,4,5,9,9,6,4,6,8,Teaching / Professor
6841,7,7,1,3,7,10,6,7,1,5,7,9,4,7,6,5,6,3,5,4,7,2,8,4,2,4,5,9,6,7,4,6,CA / Accounting
6842,1,4,5,5,7,3,5,6,6,7,9,5,1,9,9,6,7,9,7,10,7,2,4,8,3,10,6,7,7,4,9,8,Law
6843,5,3,9,5,6,2,4,6,4,4,9,5,8,7,5,3,4,8,10,3,6,8,2,5,3,4,4,9,6,5,5,4,Pharmacy
6844,3,3,2,7,3,4,2,5,3,10,8,4,5,7,7,7,9,9,7,4,5,6,3,8,4,5,9,7,7,2,10,7,Psychology
6845,2,5,9,8,3,4,1,5,1,4,7,3,7,8,8,4,10,6,8,5,4,8,2,3,3,5,6,6,9,7,8,7,Dentist
6846,6,2,2,1,4,10,7,6,2,3,7,9,1,6,5,6,4,5,4,1,5,1,6,2,4,2,5,8,8,6,7,4,CA / Accounting
6847,6,2,6,4,3,4,7,7,7,7,9,7,4,7,9,5,8,6,6,8,4,3,5,8,8,7,6,5,10,5,7,8,Civil Services
6848,9,2,5,5,8,10,8,6,4,5,7,10,6,9,7,3,3,5,6,3,7,3,9,3,2,5,3,9,7,7,8,6,Finance / Banking
6849,6,7,6,4,8,1,5,2,3,4,8,7,5,5,6,5,8,4,3,5,7,3,2,6,1,2,4,4,6,8,5,5,Engineering
6850,2,1,2,3,8,2,4,4,8,8,6,5,1,8,8,4,7,7,6,10,4,2,3,6,2,7,8,7,6,6,8,10,Journalism / Media
6851,8,1,1,2,5,8,8,6,3,3,7,9,1,9,7,7,7,4,4,4,5,1,8,5,2,3,3,6,6,3,7,3,CA / Accounting
6852,5,6,3,4,5,3,5,1,5,5,7,7,6,5,9,4,7,8,7,9,3,7,1,2,2,9,10,6,8,5,5,10,Teaching / Professor
6853,6,8,5,5,6,2,1,1,7,7,8,7,7,10,5,6,7,4,6,5,7,4,3,5,6,4,6,4,6,6,10,3,Engineering
6854,2,3,2,6,4,4,4,4,8,8,6,4,3,6,6,8,5,5,5,8,5,1,4,6,4,8,6,8,8,2,6,8,Law
6855,4,4,4,1,3,2,4,5,5,5,8,3,3,9,6,7,3,4,8,7,4,1,4,8,7,10,4,8,7,3,6,6,Law
6856,7,4,8,10,4,2,4,6,4,10,8,6,10,6,9,5,7,7,5,8,5,7,4,3,7,4,5,10,9,2,8,9,MBBS / Doctor
6857,7,3,6,4,6,3,8,7,9,7,10,8,4,7,10,7,6,7,5,10,5,2,6,8,8,7,6,10,10,7,9,10,Civil Services
6858,7,6,7,10,5,3,6,6,5,5,7,6,10,10,7,8,4,8,5,8,6,10,3,6,5,3,4,7,6,5,7,10,MBBS / Doctor
6859,5,3,6,6,6,2,3,3,1,5,5,5,8,6,6,4,7,7,5,3,4,7,1,3,5,3,4,5,1,2,8,5,Pharmacy
6860,4,4,8,6,4,4,1,3,3,3,7,7,9,8,5,4,4,6,10,4,4,5,3,5,2,2,3,8,4,4,6,6,Pharmacy
6861,4,1,4,3,5,5,6,7,8,7,7,6,3,7,9,10,7,7,5,10,3,3,5,8,7,10,3,10,6,5,6,7,Law
6862,3,4,7,7,4,4,3,2,5,6,7,6,8,8,5,5,8,6,6,8,6,10,1,4,4,4,8,9,7,4,9,8,MBBS / Doctor
6863,6,4,4,8,4,3,4,4,4,5,7,5,7,10,9,6,4,6,10,9,6,5,2,7,5,7,9,8,7,3,9,8,Teaching / Professor
6864,6,3,4,8,4,3,4,5,3,4,8,5,7,10,5,3,6,6,4,7,7,10,5,4,1,1,7,7,8,5,10,8,Dentist
6865,2,3,8,7,4,3,2,3,3,4,5,5,10,6,6,3,8,5,3,3,4,8,3,2,3,4,4,6,9,5,8,7,Dentist
6866,4,4,8,8,3,3,2,4,2,3,4,4,7,8,4,5,2,4,8,4,4,5,3,2,3,1,3,6,8,2,4,5,Pharmacy
6867,4,3,3,3,5,5,3,9,3,5,6,7,5,8,7,10,10,6,2,6,8,2,6,4,4,3,5,6,7,7,10,7,Business / Management
6868,9,2,3,2,5,5,8,5,4,5,5,10,1,10,7,5,6,4,2,7,7,3,9,3,3,6,5,7,9,7,9,9,Finance / Banking
6869,4,7,10,10,6,4,4,2,3,6,6,7,10,10,9,5,8,8,9,8,8,10,3,5,8,4,6,10,10,6,7,10,MBBS / Doctor
6870,4,5,7,6,4,2,4,5,5,6,6,6,7,5,8,5,7,7,6,7,5,4,1,4,3,3,8,8,7,2,4,8,Teaching / Professor
6871,8,6,4,5,6,8,8,6,4,4,8,10,4,10,6,6,3,4,6,6,9,4,10,5,6,3,2,7,7,7,6,6,Finance / Banking
6872,5,1,4,1,5,1,4,5,8,6,10,3,3,8,7,7,6,8,7,9,8,2,6,6,6,9,5,8,7,6,6,6,Law
6873,4,2,2,2,7,1,6,5,5,7,6,3,2,8,7,6,10,8,7,9,6,2,3,10,6,9,4,7,5,5,7,8,Journalism / Media
6874,5,2,2,7,5,2,3,3,4,5,5,4,5,8,9,4,5,4,7,8,4,4,1,5,2,4,7,8,5,4,4,8,Teaching / Professor
6875,6,6,7,10,6,4,4,5,3,3,7,3,7,5,5,4,2,4,7,1,4,8,1,3,3,4,7,8,9,6,7,4,Pharmacy
6876,2,4,2,1,6,4,4,5,9,7,7,6,2,9,5,9,4,5,7,8,5,1,3,7,3,10,5,6,7,5,7,7,Law
6877,3,4,4,8,6,1,2,3,4,6,7,3,6,10,7,3,8,6,3,2,4,8,2,4,1,1,7,7,5,3,5,10,Dentist
6878,5,1,3,2,6,4,7,3,10,6,6,6,4,8,8,7,3,6,3,7,6,1,5,9,8,7,6,8,7,6,6,7,Civil Services
6879,7,5,2,3,7,6,8,8,3,2,8,8,3,6,6,5,3,5,3,2,4,1,8,4,1,1,1,6,7,7,5,6,Finance / Banking
6880,3,2,4,7,4,1,2,1,6,10,3,4,6,6,8,4,8,8,7,7,6,7,1,6,3,2,5,9,6,4,8,9,Psychology
6881,5,3,2,2,4,2,5,3,8,7,8,4,1,6,6,6,6,5,6,10,5,5,2,8,5,10,4,7,6,6,9,5,Law
6882,4,2,2,2,4,2,6,5,7,5,7,3,5,5,9,9,7,8,7,9,7,3,4,7,5,7,6,4,5,7,9,9,Journalism / Media
6883,3,1,4,3,5,5,7,8,2,2,5,4,4,5,7,8,7,6,3,5,8,2,9,4,3,4,5,5,7,10,9,9,Business / Management
6884,6,5,4,9,3,3,4,4,1,3,9,1,8,7,7,6,8,8,7,5,2,8,6,3,5,2,4,9,10,6,7,7,Dentist
6885,3,4,1,5,5,5,6,4,8,5,6,3,4,7,9,8,7,9,4,9,5,1,5,5,7,9,6,5,6,7,4,10,Journalism / Media
6886,7,5,5,4,4,4,8,6,7,7,9,5,5,6,10,8,10,6,8,8,6,7,4,10,9,6,7,9,8,5,8,10,Civil Services
6887,7,8,4,3,7,5,4,2,2,4,6,5,8,9,5,6,7,5,7,1,8,4,3,4,4,4,7,8,6,6,2,5,Engineering
6888,5,3,3,2,7,3,6,4,8,5,7,6,3,10,6,6,5,7,7,8,3,3,6,7,5,3,5,10,6,3,10,7,Civil Services
6889,6,3,3,6,6,4,8,3,5,7,7,7,6,6,10,7,9,8,8,6,5,5,6,8,7,5,10,9,6,4,8,7,Teaching / Professor
6890,4,3,1,3,6,6,5,6,7,5,10,4,2,8,7,6,7,5,2,7,4,3,5,8,5,10,6,7,7,8,8,10,Law
6891,6,4,5,5,5,3,6,7,6,4,9,6,7,7,8,10,7,9,5,8,2,5,5,9,8,8,8,7,10,5,7,7,Civil Services
6892,4,7,6,8,4,3,2,7,2,5,8,6,7,7,8,5,9,6,5,3,4,7,4,2,4,2,5,9,8,5,9,6,Dentist
6893,4,7,7,6,4,1,4,3,2,5,5,5,7,7,6,4,6,7,8,5,4,8,1,3,2,2,6,8,8,5,7,8,Dentist
6894,4,4,2,3,6,2,4,4,6,5,6,3,3,8,9,8,10,6,6,10,4,3,4,9,2,10,5,4,7,6,6,10,Journalism / Media
6895,8,1,5,3,7,6,9,8,3,2,8,7,3,9,7,6,3,5,5,3,9,4,8,5,1,5,5,5,7,7,10,10,Finance / Banking
6896,3,5,6,8,1,3,2,5,1,5,7,4,6,6,4,5,4,6,10,1,5,7,4,3,3,1,3,7,4,2,7,5,Pharmacy
6897,3,1,4,6,5,2,7,5,8,7,8,3,4,8,7,6,10,9,5,10,9,2,5,9,7,10,4,6,7,7,7,9,Journalism / Media
6898,9,3,1,3,7,6,7,6,2,3,7,8,7,6,4,7,5,3,6,2,7,1,8,3,7,3,2,7,8,4,7,4,Finance / Banking
6899,3,1,1,3,7,1,5,4,9,6,7,5,3,5,9,4,10,4,3,6,4,1,1,6,4,6,4,5,6,3,8,7,Journalism / Media
6900,5,3,4,3,7,3,5,3,9,4,9,7,3,9,8,7,5,8,6,6,6,3,5,10,10,8,5,10,10,7,6,9,Civil Services
6901,8,1,2,4,3,7,9,8,4,3,10,6,4,7,5,5,7,2,2,3,7,4,9,1,4,5,4,7,4,4,6,8,Finance / Banking
6902,6,4,1,2,3,7,7,5,3,2,8,5,4,4,7,5,4,3,3,1,6,1,9,5,1,4,1,9,7,3,7,6,CA / Accounting
6903,8,10,6,4,10,5,6,5,5,6,5,9,7,8,6,4,5,7,7,2,8,5,4,6,6,2,5,6,5,5,6,5,Engineering
6904,8,5,2,1,7,7,9,4,3,3,6,7,3,6,2,4,3,4,3,4,5,3,9,3,4,5,4,7,4,6,6,8,Finance / Banking
6905,2,4,8,6,4,2,5,4,6,6,7,3,6,10,6,5,1,9,4,3,6,5,4,3,3,2,4,7,6,2,9,6,MBBS / Doctor
6906,9,5,2,2,4,10,8,6,4,4,6,8,1,9,5,4,6,4,1,5,3,1,10,4,3,3,7,10,7,4,5,5,CA / Accounting
6907,5,6,6,7,5,1,5,2,6,5,7,8,7,9,8,7,6,7,8,5,6,4,3,7,5,3,10,9,7,4,9,8,Teaching / Professor
6908,9,5,5,3,10,2,6,3,3,4,10,5,5,6,4,5,5,4,3,3,10,4,4,3,2,2,5,8,8,7,6,6,Engineering
6909,7,2,2,4,4,2,5,4,10,5,7,6,3,7,9,9,6,6,5,6,4,2,5,5,7,9,6,7,7,3,7,6,Civil Services
6910,8,5,3,5,7,7,9,7,5,6,9,10,6,7,7,5,6,5,7,6,10,2,10,6,9,6,5,8,9,10,8,7,Finance / Banking
6911,6,5,6,9,5,6,3,5,4,5,8,8,9,7,8,7,9,9,5,7,7,10,3,6,5,3,7,9,8,5,8,8,MBBS / Doctor
6912,3,4,5,10,2,1,3,1,2,5,5,4,6,6,7,7,6,8,4,5,2,10,1,2,1,1,5,5,9,4,6,7,Dentist
6913,4,5,8,8,2,3,4,4,3,6,7,3,9,7,7,5,10,8,5,2,8,7,3,1,2,1,10,9,7,5,8,7,Dentist
6914,7,1,4,5,4,7,6,4,3,2,9,6,1,8,5,8,4,4,5,4,5,1,10,3,4,4,5,10,6,3,5,7,CA / Accounting
6915,3,4,4,5,6,6,6,8,6,3,6,7,4,7,7,9,9,7,4,8,7,4,5,7,4,1,7,6,7,7,9,7,Business / Management
6916,5,4,5,10,6,1,1,3,4,7,8,5,10,7,7,7,7,9,6,5,4,10,1,2,4,2,2,8,9,5,8,10,MBBS / Doctor
6917,8,3,2,2,1,8,4,9,2,4,6,8,2,7,5,4,1,6,3,3,4,3,8,2,4,6,4,8,7,3,8,4,CA / Accounting
6918,5,5,4,3,5,3,4,6,9,6,8,5,4,7,6,8,7,7,6,8,5,1,3,6,5,4,9,8,6,3,8,7,Teaching / Professor
6919,3,7,10,9,6,3,4,5,1,4,6,3,7,7,5,7,6,5,9,3,2,8,5,6,3,2,4,7,6,2,5,5,Pharmacy
6920,7,5,5,3,7,5,9,9,6,6,8,5,3,10,10,9,10,4,4,7,5,1,8,4,4,5,4,6,8,8,8,9,Business / Management
6921,5,6,7,5,5,4,4,3,5,5,5,8,4,7,6,9,7,10,7,10,4,4,1,6,5,5,9,9,6,6,8,6,Teaching / Professor
6922,5,7,4,5,4,3,8,10,3,6,6,5,5,8,6,7,6,7,6,8,6,5,9,5,4,4,6,9,9,8,10,7,Business / Management
6923,5,5,6,10,3,3,4,7,1,7,5,4,7,10,9,6,9,4,5,4,4,10,1,5,4,5,6,6,9,4,7,9,Dentist
6924,2,1,1,2,7,1,6,7,5,5,6,4,1,3,9,2,8,9,6,10,6,3,2,9,6,4,4,6,5,3,4,8,Journalism / Media
6925,7,5,2,9,7,3,5,6,6,4,9,5,5,5,10,8,4,9,9,10,5,1,2,4,6,1,9,7,6,3,8,8,Teaching / Professor
6926,10,4,3,3,5,9,5,9,4,5,9,8,6,7,5,7,3,4,6,6,7,1,9,3,4,3,3,5,5,8,8,5,Finance / Banking
6927,10,10,7,5,10,3,6,4,5,4,8,9,8,6,5,5,7,6,8,7,10,6,6,6,6,6,6,10,4,7,7,8,Engineering
6928,4,1,1,2,6,8,4,8,3,2,6,10,3,8,3,6,2,1,4,4,6,2,7,1,5,5,3,7,7,3,7,7,CA / Accounting
6929,7,3,5,3,5,7,5,6,2,3,8,7,4,8,7,7,2,4,7,8,8,2,8,6,4,4,6,2,7,5,8,9,Finance / Banking
6930,4,3,9,9,3,4,4,1,4,2,6,7,9,6,7,4,7,5,7,4,7,9,4,4,5,1,3,7,8,5,9,7,Pharmacy
6931,4,2,1,2,4,3,6,8,3,8,5,7,4,7,8,8,6,8,1,6,7,5,6,8,5,1,2,6,5,8,7,6,Business / Management
6932,5,2,10,8,3,7,5,4,1,5,9,4,9,9,3,3,5,5,9,1,6,8,4,2,1,2,5,7,5,2,6,9,Pharmacy
6933,5,6,9,7,3,4,2,4,2,4,6,6,10,6,5,4,5,5,5,1,7,7,1,6,3,1,2,9,4,1,7,3,Pharmacy
6934,3,5,7,6,7,2,5,5,7,7,5,4,7,8,9,10,7,8,6,9,6,4,6,6,6,7,9,6,6,5,7,6,Teaching / Professor
6935,7,9,5,3,8,4,3,2,7,3,8,7,8,10,7,4,5,4,6,2,10,2,6,7,3,4,3,8,6,5,7,5,Engineering
6936,6,3,8,9,6,3,5,7,6,5,8,6,6,8,8,6,4,7,7,7,7,6,1,8,4,5,9,8,9,3,10,9,Teaching / Professor
6937,2,1,2,5,3,2,1,4,2,7,6,1,5,6,9,3,7,10,8,6,5,6,1,10,5,4,7,7,6,5,5,9,Psychology
6938,5,7,8,8,5,4,5,5,4,3,5,4,10,7,8,9,7,8,6,4,6,9,3,1,1,2,6,9,9,4,8,10,Dentist
6939,4,5,4,6,5,5,6,3,9,4,8,6,3,7,10,6,8,8,4,4,3,2,4,8,10,6,6,8,8,5,8,9,Civil Services
6940,5,4,8,9,3,4,3,4,5,7,6,7,8,5,9,8,4,8,8,8,7,10,4,5,3,3,8,10,9,4,10,8,MBBS / Doctor
6941,6,3,5,2,4,2,6,7,7,6,10,6,6,7,9,5,7,6,5,5,5,2,6,9,10,9,6,10,8,5,9,6,Civil Services
6942,6,3,4,6,4,8,5,6,1,5,8,8,1,9,5,8,3,3,2,5,3,2,10,1,5,6,4,9,7,4,4,5,CA / Accounting
6943,4,6,7,9,6,1,5,4,3,6,7,1,10,10,6,5,7,9,7,6,6,8,2,6,5,4,6,10,7,7,7,7,MBBS / Doctor
6944,4,4,1,9,6,1,3,4,8,9,10,7,6,7,5,3,8,8,6,7,3,6,2,8,6,1,7,6,8,3,5,7,Psychology
6945,3,4,5,6,4,4,3,3,5,10,6,6,6,7,9,7,9,10,10,4,4,7,5,8,5,4,8,7,5,3,8,6,Psychology
6946,3,3,3,4,4,3,4,1,8,3,7,4,2,7,8,8,2,5,7,7,6,7,5,8,9,6,6,8,8,4,9,7,Civil Services
6947,7,5,3,5,4,1,6,2,8,5,8,7,7,7,8,6,4,6,4,7,3,4,1,5,4,5,6,10,6,2,5,7,Teaching / Professor
6948,6,6,6,9,2,2,5,7,3,4,7,4,7,9,8,5,6,9,4,3,7,10,1,4,2,4,6,9,8,6,7,7,Dentist
6949,2,2,7,4,5,3,6,3,9,5,9,5,4,10,7,8,7,7,8,6,3,5,4,9,7,8,6,10,7,6,10,8,Civil Services
6950,3,5,3,3,7,5,7,10,3,6,9,8,8,7,7,10,10,5,5,10,7,5,10,9,5,7,4,6,7,5,6,9,Business / Management
6951,5,6,4,2,5,4,7,4,10,6,8,5,4,9,6,9,6,6,7,10,6,1,4,9,10,7,5,10,10,4,7,10,Civil Services
6952,5,8,9,8,3,1,5,4,1,4,5,3,9,7,4,6,7,7,4,4,6,10,5,3,2,3,6,9,7,4,9,8,Dentist
6953,4,3,8,7,2,4,4,2,1,7,7,7,7,8,4,3,5,4,7,3,2,5,3,2,4,3,4,10,7,4,7,6,Pharmacy
6954,2,3,2,3,4,5,4,7,10,8,9,7,3,9,10,8,6,5,8,9,5,4,4,9,7,9,5,10,7,7,9,8,Law
6955,9,5,1,5,4,4,10,8,3,5,7,6,2,6,5,5,4,3,5,5,7,1,7,2,5,2,1,7,7,10,5,6,Finance / Banking
6956,7,3,2,5,8,5,8,9,6,8,7,5,3,10,7,10,10,6,5,9,6,2,7,7,7,5,5,8,6,9,9,10,Business / Management
6957,4,1,5,4,4,1,4,3,6,6,6,1,4,6,7,4,7,7,3,8,4,3,3,7,6,6,1,6,6,6,10,10,Journalism / Media
6958,7,2,3,4,4,10,8,6,1,7,8,9,3,10,5,6,4,5,5,2,3,3,10,3,3,7,5,9,8,5,6,5,CA / Accounting
6959,3,2,2,2,4,3,6,7,8,6,10,3,4,7,7,7,2,6,5,6,5,1,5,9,7,10,4,6,10,5,7,9,Law
6960,5,4,7,8,7,2,2,2,3,7,8,3,7,7,7,8,6,9,8,5,4,8,4,6,5,5,7,8,6,6,8,7,MBBS / Doctor
6961,4,4,6,4,5,1,4,1,6,8,7,6,5,6,9,5,6,4,6,7,3,3,3,5,4,4,10,6,8,4,6,8,Teaching / Professor
6962,3,4,5,7,6,2,7,6,7,8,6,6,4,7,9,8,9,7,7,8,8,6,4,7,5,6,9,8,6,6,10,9,Teaching / Professor
6963,5,7,7,9,6,3,4,4,3,3,9,3,7,7,6,5,6,8,7,6,4,8,4,4,3,4,6,8,7,6,8,8,MBBS / Doctor
6964,5,4,7,9,3,2,2,3,2,7,7,4,8,8,6,6,6,7,5,4,3,10,3,5,4,2,7,7,8,3,7,5,Pharmacy
6965,3,2,9,9,4,1,2,3,5,4,8,2,7,6,5,2,5,4,2,5,2,10,2,5,1,1,4,8,9,7,4,9,Dentist
6966,2,3,3,5,5,5,8,7,8,5,6,4,2,6,8,10,7,8,4,10,2,1,2,10,10,6,7,8,7,5,5,8,Civil Services
6967,9,6,4,5,9,6,10,8,7,10,8,9,4,8,7,10,6,5,6,4,5,2,10,6,4,5,8,7,6,7,9,8,Finance / Banking
6968,5,1,3,5,2,2,3,3,6,8,5,1,5,8,7,4,7,8,7,5,4,5,6,7,2,3,8,9,6,1,5,10,Psychology
6969,6,1,5,4,3,3,4,6,10,6,7,5,1,10,8,7,7,5,5,9,4,1,6,4,4,10,5,9,9,7,9,8,Law
6970,4,4,4,4,6,1,1,3,5,4,6,4,8,5,8,5,6,6,8,8,3,5,3,5,5,3,9,6,7,3,7,8,Teaching / Professor
6971,3,3,2,4,5,2,5,3,9,5,8,5,2,6,8,6,8,5,5,8,7,3,2,8,5,6,4,4,5,5,9,7,Journalism / Media
6972,7,5,4,7,6,4,8,6,7,7,6,5,5,6,8,8,7,7,5,10,8,1,5,9,10,8,7,8,10,6,9,9,Civil Services
6973,2,5,3,2,4,4,5,5,10,6,7,4,6,8,7,7,7,5,8,6,7,1,5,9,6,8,5,8,9,4,6,10,Law
6974,5,5,4,6,7,4,5,2,7,5,8,7,4,6,8,6,6,9,8,9,6,6,3,7,1,3,10,9,6,3,4,7,Teaching / Professor
6975,9,2,1,3,3,9,6,6,4,2,5,9,1,7,6,2,3,4,6,2,5,2,9,4,3,2,4,5,7,5,6,6,Finance / Banking
6976,2,5,2,5,2,7,5,7,5,6,7,7,3,7,8,8,5,6,4,9,5,2,9,5,5,6,6,9,8,6,9,8,Business / Management
6977,7,5,10,7,6,4,5,6,3,5,6,6,7,5,6,5,6,5,9,5,5,8,1,7,3,4,5,8,7,1,8,5,Pharmacy
6978,1,2,4,2,4,2,1,2,4,7,7,4,5,5,8,4,6,9,6,6,4,7,1,5,2,5,7,8,6,3,5,5,Psychology
6979,2,1,2,1,2,2,4,3,9,4,7,3,2,6,9,6,5,4,4,8,3,1,4,6,5,10,4,7,5,6,5,8,Law
6980,3,5,6,7,4,2,5,5,3,4,7,3,9,6,3,4,4,6,7,4,5,7,1,4,3,2,5,6,6,2,6,6,Pharmacy
6981,5,4,7,8,6,1,4,4,2,5,9,7,8,10,7,6,5,5,5,6,6,8,5,4,2,3,4,7,9,5,8,8,Pharmacy
6982,4,3,5,2,3,3,6,4,8,8,6,4,6,7,9,8,3,6,6,5,4,1,2,10,10,9,3,6,9,1,6,6,Civil Services
6983,2,6,5,6,4,3,6,4,10,7,8,3,6,6,7,7,4,8,5,7,3,2,4,7,9,8,6,9,6,3,8,6,Civil Services
6984,7,4,3,5,9,4,8,10,4,9,7,6,6,10,8,8,7,9,4,10,8,4,9,5,6,5,8,6,9,8,9,9,Business / Management
6985,4,6,6,9,4,2,4,4,7,6,7,2,9,6,9,7,7,7,7,7,4,10,4,5,7,5,4,10,7,6,9,4,MBBS / Doctor
6986,3,1,4,2,5,4,8,5,8,7,6,5,5,8,9,6,10,7,5,8,5,2,3,9,10,6,7,6,7,5,10,7,Civil Services
6987,3,6,4,8,3,4,3,4,4,10,8,5,6,7,5,3,6,10,6,4,5,5,2,8,3,4,8,8,8,1,4,9,Psychology
6988,7,1,1,1,4,8,6,6,4,3,6,8,1,4,6,4,2,3,3,4,4,2,7,4,3,2,3,7,6,2,7,5,CA / Accounting
6989,5,4,2,1,4,3,6,7,9,5,9,4,5,3,10,7,10,7,6,7,7,4,1,6,4,8,8,6,6,4,9,9,Journalism / Media
6990,2,3,2,2,3,5,6,7,10,6,10,4,3,9,9,8,5,8,6,9,5,5,6,7,4,10,7,7,8,7,9,8,Law
6991,6,6,8,9,4,1,3,3,4,3,5,6,6,8,6,5,6,8,7,4,4,10,2,5,4,4,3,10,7,3,6,8,MBBS / Doctor
6992,1,2,3,1,4,3,4,5,6,4,5,4,5,7,6,6,5,7,6,8,5,3,3,7,9,7,6,4,8,3,7,8,Civil Services
6993,3,1,5,3,5,3,5,1,7,6,6,7,3,9,9,8,7,6,7,6,2,3,4,5,10,8,6,10,7,5,7,10,Civil Services
6994,7,5,4,2,7,7,6,5,5,5,9,10,2,9,7,6,2,3,8,7,5,1,10,4,3,2,2,9,7,4,6,9,Finance / Banking
6995,2,7,4,7,2,2,5,4,5,6,8,3,7,9,10,6,7,8,7,10,9,2,3,6,2,6,9,10,8,4,9,6,Teaching / Professor
6996,5,4,2,6,3,3,7,5,9,8,10,4,4,9,8,7,8,8,5,8,4,2,7,6,9,10,7,9,7,3,8,10,Civil Services
6997,8,3,6,4,6,8,10,8,1,4,9,9,2,8,8,8,4,3,5,4,6,2,10,3,2,3,2,7,7,8,6,7,Finance / Banking
6998,7,7,8,10,8,4,3,6,4,7,7,2,10,10,9,10,6,9,7,6,7,10,2,6,6,6,4,8,9,7,8,10,MBBS / Doctor
6999,5,3,9,6,5,3,1,4,3,9,9,6,5,8,7,8,6,9,8,8,8,10,2,6,5,5,6,10,8,5,6,8,MBBS / Doctor
7000,5,1,4,2,4,1,8,5,10,5,6,4,4,6,7,6,4,7,9,9,6,2,5,8,7,6,5,10,10,5,10,8,Civil Services
7001,6,4,1,4,6,2,4,6,7,7,5,3,5,7,9,5,10,10,5,9,5,1,2,9,5,8,4,8,7,7,8,10,Journalism / Media
7002,2,3,1,5,5,2,2,4,6,6,5,4,4,7,8,5,6,5,7,7,5,2,3,5,2,8,5,5,6,6,6,8,Journalism / Media
7003,4,1,4,1,5,6,8,5,10,7,8,5,3,9,8,8,6,4,5,8,5,4,6,7,6,10,5,7,6,5,8,7,Law
7004,4,6,4,3,1,1,7,5,9,5,5,5,5,8,9,8,7,6,5,9,2,1,3,6,10,10,6,7,7,5,7,9,Civil Services
7005,1,2,1,5,2,2,1,2,5,9,7,2,5,4,7,3,6,9,7,7,2,4,2,10,1,5,10,6,5,3,5,10,Psychology
7006,2,1,3,4,5,4,3,1,6,8,8,4,6,8,8,6,9,7,5,6,2,3,4,8,3,6,10,8,8,3,7,7,Psychology
7007,7,3,1,5,3,8,7,4,2,1,7,10,2,9,7,3,2,5,3,1,6,3,10,4,5,5,2,9,6,6,5,5,CA / Accounting
7008,4,4,5,5,6,1,3,2,6,4,5,6,8,7,7,7,6,9,8,6,5,1,3,5,7,5,9,5,7,5,9,8,Teaching / Professor
7009,3,5,6,8,5,3,2,5,6,9,7,7,10,8,6,8,6,10,8,7,5,10,1,6,6,5,6,6,7,4,9,5,MBBS / Doctor
7010,5,1,2,2,5,1,5,6,8,7,7,2,2,5,10,7,8,7,7,10,8,2,7,10,5,8,5,5,4,10,7,8,Journalism / Media
7011,7,1,1,1,4,8,6,6,1,3,9,7,1,4,4,4,4,4,2,2,2,2,8,3,5,4,6,8,6,2,5,6,CA / Accounting
7012,9,1,3,2,5,10,8,9,2,6,10,9,2,6,6,6,4,5,5,3,5,1,9,2,4,5,2,8,8,2,6,4,CA / Accounting
7013,4,3,2,2,5,3,6,1,10,6,8,5,5,8,10,9,6,8,5,8,4,2,2,8,9,6,6,9,5,6,6,8,Civil Services
7014,6,6,5,6,6,4,4,5,7,5,8,5,10,10,10,6,10,8,7,10,7,3,3,8,5,6,10,8,7,8,9,9,Teaching / Professor
7015,5,5,4,6,4,2,6,6,9,5,8,3,8,7,9,7,7,6,6,9,5,2,3,6,4,5,9,7,5,4,8,7,Teaching / Professor
7016,6,4,8,9,7,1,3,4,6,6,8,5,8,10,8,6,5,8,6,5,6,10,1,4,4,2,6,10,10,4,7,8,MBBS / Doctor
7017,4,3,4,3,3,1,5,2,5,9,5,4,7,8,8,8,5,10,8,4,4,8,3,8,5,2,9,7,6,2,6,8,Psychology
7018,1,4,2,2,5,4,8,6,5,5,6,1,4,9,10,6,8,6,6,10,6,2,3,9,4,7,5,5,6,6,9,8,Journalism / Media
7019,6,5,5,3,7,7,4,10,8,6,4,5,2,8,7,10,10,7,7,7,8,7,9,6,3,5,4,9,6,10,10,7,Business / Management
7020,2,2,6,8,5,2,1,4,2,6,6,3,8,6,4,3,4,5,6,4,3,8,2,2,4,3,4,8,8,4,6,6,Pharmacy
7021,4,3,6,5,3,2,7,5,6,6,6,5,4,6,9,8,7,8,4,8,6,2,2,7,5,4,10,8,8,2,7,10,Teaching / Professor
7022,4,5,8,9,6,1,3,4,4,7,7,5,9,7,6,7,4,10,4,5,8,10,2,7,6,3,7,8,6,5,9,6,MBBS / Doctor
7023,3,1,3,1,3,1,4,6,5,3,5,2,2,6,9,6,9,8,6,8,4,3,2,7,5,6,4,3,5,5,8,9,Journalism / Media
7024,4,5,5,8,3,2,5,4,5,7,7,6,9,7,6,7,8,8,7,4,5,7,4,6,3,1,5,9,8,7,6,7,Dentist
7025,2,4,6,2,6,4,5,7,7,4,8,4,3,10,9,8,9,7,5,10,6,3,4,9,5,7,5,7,7,4,8,10,Journalism / Media
7026,5,6,8,8,6,1,3,1,4,6,4,4,9,10,6,6,4,9,6,6,5,7,3,3,6,6,8,8,8,5,10,8,MBBS / Doctor
7027,1,3,7,10,2,3,4,6,3,4,7,4,6,10,6,5,7,8,6,5,6,7,4,5,3,2,5,7,6,1,8,8,Dentist
7028,6,3,1,1,4,1,7,6,7,5,7,4,1,8,7,7,8,6,2,10,5,1,4,9,5,9,5,10,10,7,9,6,Law
7029,4,1,5,5,4,4,2,5,7,10,10,3,6,8,8,5,8,8,9,6,5,7,1,9,5,2,10,9,7,2,8,10,Psychology
7030,7,5,5,3,6,1,5,2,2,5,7,8,6,8,6,7,8,6,5,3,9,5,5,4,4,4,4,7,6,5,5,4,Engineering
7031,8,2,2,2,8,10,8,7,4,3,7,8,3,9,6,4,2,8,3,7,6,1,9,5,4,4,2,8,8,2,6,6,CA / Accounting
7032,1,3,3,3,3,4,4,10,3,2,6,7,4,6,6,8,7,3,4,4,8,4,5,3,3,4,5,6,7,10,8,6,Business / Management
7033,6,4,6,8,5,2,5,5,4,5,7,4,8,7,10,7,5,9,5,4,6,9,4,1,6,3,5,6,7,7,9,10,MBBS / Doctor
7034,4,3,3,6,6,3,6,5,9,3,10,4,2,10,8,10,6,10,6,8,5,7,3,7,10,7,5,10,9,4,7,4,Civil Services
7035,5,2,2,6,3,2,6,5,6,10,6,4,5,5,8,6,8,6,9,7,1,6,2,8,1,6,6,8,5,2,6,9,Psychology
7036,6,10,5,5,8,4,6,4,5,3,9,7,8,8,6,4,7,5,6,5,9,2,4,3,7,5,5,9,4,3,7,4,Engineering
7037,4,5,10,7,5,3,2,3,4,4,3,4,7,6,3,4,5,5,7,2,5,6,5,5,1,5,5,8,6,4,6,4,Pharmacy
7038,3,3,3,1,5,4,4,4,5,5,6,5,2,8,8,4,10,7,5,8,8,2,4,8,5,7,3,3,4,5,7,7,Journalism / Media
7039,7,4,3,6,6,4,9,8,6,3,7,8,5,10,7,10,9,7,8,10,9,5,7,5,2,4,4,7,6,9,9,8,Business / Management
7040,5,6,7,10,5,5,4,4,4,5,10,6,8,7,6,5,6,4,10,4,5,7,2,6,3,1,5,9,8,2,4,5,Pharmacy
7041,4,2,4,4,5,1,5,5,7,6,7,3,4,5,8,7,7,10,6,9,9,3,3,8,4,8,3,2,6,5,7,7,Journalism / Media
7042,8,7,6,3,10,3,6,3,5,5,9,6,6,10,5,7,6,6,5,4,8,3,5,5,2,4,3,8,8,6,8,8,Engineering
7043,5,3,1,4,6,7,5,8,4,5,4,4,5,7,6,10,10,6,2,7,4,1,7,3,3,2,5,7,6,8,7,7,Business / Management
7044,3,3,2,3,5,5,5,8,9,6,7,5,4,8,7,5,7,7,9,9,7,2,4,4,6,10,3,8,9,4,9,8,Law
7045,7,2,1,2,5,7,7,7,4,4,8,8,2,7,5,5,5,4,4,4,7,3,9,6,6,5,3,7,7,3,4,4,CA / Accounting
7046,4,4,4,3,3,4,6,5,9,8,9,5,5,7,8,7,8,7,7,7,5,5,4,9,9,8,6,9,10,3,8,8,Civil Services
7047,1,4,2,3,4,3,6,5,9,7,5,1,2,5,10,4,9,6,6,10,7,4,3,9,5,6,5,5,6,5,8,9,Journalism / Media
7048,3,4,5,8,4,5,3,2,5,9,8,5,4,7,9,6,6,10,8,4,4,7,3,10,5,7,9,7,5,4,9,6,Psychology
7049,5,3,5,8,6,2,3,4,3,3,5,4,8,9,7,8,6,6,3,4,5,9,2,5,6,3,7,10,5,7,4,7,MBBS / Doctor
7050,7,1,1,2,5,8,6,6,4,3,7,6,1,7,6,3,5,3,7,5,5,1,7,2,6,3,4,7,6,3,7,6,CA / Accounting
7051,4,4,4,5,5,4,6,3,9,4,9,1,3,7,6,10,7,9,7,8,6,1,4,9,6,9,5,7,10,5,8,9,Civil Services
7052,6,1,2,1,4,5,7,6,4,1,7,8,1,5,3,3,3,2,3,4,5,2,8,2,1,5,5,9,7,2,4,3,CA / Accounting
7053,4,4,7,9,3,1,1,4,3,8,8,5,6,9,6,6,7,6,6,4,6,8,4,2,1,1,4,7,10,3,8,7,Dentist
7054,4,6,3,3,5,5,6,9,4,7,9,6,8,10,10,9,6,5,4,6,4,4,4,6,7,4,6,5,9,6,8,10,Business / Management
7055,6,4,2,1,6,6,4,3,8,5,6,5,2,8,8,9,4,5,7,8,8,6,1,9,8,7,6,5,8,6,8,10,Civil Services
7056,3,3,4,3,6,3,6,6,10,5,10,5,4,8,10,9,5,8,10,8,4,5,4,10,7,9,6,10,8,5,7,10,Law
7057,6,4,2,3,6,10,10,7,3,4,9,10,2,10,4,7,6,2,5,2,5,2,10,6,4,6,6,9,8,3,4,5,CA / Accounting
7058,6,5,8,6,2,2,5,4,2,7,7,4,7,6,8,4,3,5,8,4,7,9,2,3,3,3,3,9,6,4,7,6,Pharmacy
7059,6,5,4,6,5,5,6,4,7,4,7,3,6,6,10,6,6,7,4,9,7,4,2,5,2,4,6,5,8,6,6,8,Teaching / Professor
7060,3,3,2,7,1,3,3,6,5,10,4,2,5,8,7,7,7,10,6,8,4,6,2,8,3,4,5,9,5,4,8,10,Psychology
7061,7,6,5,2,6,3,10,4,8,6,8,4,2,10,7,6,6,5,6,8,3,2,5,6,8,9,4,7,9,4,9,8,Civil Services
7062,9,7,6,4,9,1,5,4,5,3,4,6,7,8,8,7,7,5,8,4,8,2,6,5,3,4,6,6,6,5,7,5,Engineering
7063,7,4,7,10,3,1,1,6,2,6,4,4,5,5,6,4,9,8,6,4,5,8,3,3,5,3,4,8,7,5,5,7,Dentist
7064,3,4,5,4,4,1,3,2,5,5,9,4,6,7,9,6,10,5,7,8,2,1,4,6,2,6,8,9,8,2,4,6,Teaching / Professor
7065,6,4,9,8,2,1,2,4,5,5,7,6,5,9,9,7,7,8,4,2,6,9,1,4,6,1,8,6,9,2,7,8,Dentist
7066,10,2,5,5,6,7,6,6,4,4,8,10,7,7,6,6,5,7,5,6,10,5,9,4,3,5,2,10,7,7,8,5,Finance / Banking
7067,5,8,5,9,7,5,4,2,9,9,7,9,4,8,9,7,10,6,9,7,5,5,4,7,3,8,9,10,7,6,10,9,Teaching / Professor
7068,4,3,1,1,4,4,5,1,6,5,9,4,4,6,6,6,7,6,6,4,3,1,4,6,6,8,4,9,6,4,7,7,Civil Services
7069,5,4,8,6,5,1,4,3,3,6,6,4,8,8,7,5,3,7,6,4,7,7,4,3,1,4,4,7,8,4,5,3,Pharmacy
7070,5,5,8,6,5,2,5,6,5,4,8,2,10,7,6,5,7,6,5,5,4,5,3,6,2,4,8,9,7,5,5,8,Dentist
7071,4,2,8,10,4,1,2,3,2,5,6,5,7,8,8,4,5,6,7,4,6,6,3,3,5,2,3,9,8,5,8,4,Pharmacy
7072,2,3,1,3,7,3,6,7,10,7,10,4,5,6,6,10,7,6,5,7,4,1,3,9,10,6,5,7,8,5,7,9,Civil Services
7073,5,10,6,5,9,2,4,3,4,5,7,9,4,8,8,6,6,4,2,3,10,3,3,1,2,6,6,5,6,6,5,3,Engineering
7074,2,4,1,3,9,4,5,4,9,7,9,6,3,6,10,8,10,6,6,7,8,4,5,8,5,6,4,5,7,7,8,10,Journalism / Media
7075,5,4,4,3,4,2,6,2,9,5,8,4,5,7,8,10,8,5,6,8,5,1,4,7,9,6,7,9,8,5,8,7,Civil Services
7076,2,2,3,4,1,3,5,1,4,7,7,6,5,8,6,7,7,7,8,5,1,5,1,7,3,5,6,5,9,2,7,7,Psychology
7077,6,5,4,9,3,3,4,4,4,4,7,6,8,8,5,7,5,6,7,5,6,10,3,3,4,7,8,10,8,3,8,7,MBBS / Doctor
7078,5,1,4,3,6,10,8,7,5,6,10,10,3,8,7,5,4,3,4,3,6,1,10,6,5,3,5,10,7,6,8,4,CA / Accounting
7079,8,8,3,1,8,9,8,6,3,6,9,10,6,8,2,5,3,7,6,4,6,4,8,2,2,4,3,8,7,5,7,5,Finance / Banking
7080,5,3,4,6,6,1,4,6,6,8,6,4,6,8,9,10,9,10,8,6,4,8,5,9,6,5,8,8,4,3,7,7,Psychology
7081,4,6,3,3,4,2,8,2,9,8,9,6,3,8,9,10,6,5,8,8,5,2,3,6,10,9,7,8,10,7,10,8,Civil Services
7082,9,3,1,1,3,8,2,8,1,5,7,8,5,7,4,5,2,5,5,3,7,3,9,4,4,4,1,8,7,2,7,5,CA / Accounting
7083,9,7,6,3,8,3,5,5,4,4,7,8,7,8,9,5,7,6,6,8,8,4,3,4,4,5,5,9,7,6,10,6,Engineering
7084,2,1,2,1,6,4,7,5,8,3,9,2,2,6,10,7,6,5,7,10,6,6,3,6,7,9,5,5,8,4,7,7,Law
7085,7,4,3,4,6,8,6,6,2,5,7,8,3,7,8,6,4,5,7,4,5,1,8,2,1,3,4,8,7,7,7,6,Finance / Banking
7086,3,3,3,4,5,1,4,1,7,7,7,5,4,6,7,5,6,9,8,7,5,5,4,5,1,5,9,8,6,1,6,7,Psychology
7087,9,7,6,5,8,3,6,2,7,3,7,5,5,9,9,4,7,5,7,7,10,2,4,5,3,2,3,8,8,5,7,7,Engineering
7088,6,7,6,6,9,2,3,4,5,4,9,8,8,6,8,4,8,5,6,5,9,4,6,7,4,6,5,9,8,6,7,7,Engineering
7089,3,6,2,10,5,2,5,2,1,5,6,2,9,8,6,6,7,7,5,2,6,8,2,4,2,1,5,9,6,2,5,9,Dentist
7090,5,2,3,3,2,4,4,3,5,8,4,5,7,7,10,4,8,8,7,4,5,8,2,7,6,4,7,5,8,2,8,7,Psychology
7091,4,4,6,9,1,3,2,5,1,6,8,3,9,6,9,5,9,7,5,6,5,10,3,6,2,4,5,9,7,2,7,7,Dentist
7092,3,4,4,3,6,4,8,1,9,5,8,6,3,8,8,8,7,5,7,9,5,4,5,6,6,9,3,9,10,6,6,5,Law
7093,5,4,7,6,4,1,4,3,6,9,6,2,7,8,9,6,8,9,10,6,5,6,2,8,4,2,9,6,5,2,7,8,Psychology
7094,4,1,3,2,8,5,5,10,5,5,9,5,6,7,8,8,7,5,2,7,7,1,8,7,3,4,7,7,7,9,9,10,Business / Management
7095,6,2,1,5,6,6,8,10,4,4,4,4,4,7,6,8,10,5,2,8,5,5,6,5,6,3,3,5,7,10,7,6,Business / Management
7096,9,7,5,4,9,2,5,5,3,2,6,7,5,8,9,4,7,8,7,5,9,4,7,4,3,2,5,5,7,5,9,5,Engineering
7097,3,1,2,2,4,2,3,5,7,5,4,4,4,5,10,6,8,9,6,7,5,2,3,7,7,5,6,5,7,7,10,10,Journalism / Media
7098,5,8,7,8,5,1,3,2,3,4,8,7,7,10,8,5,7,6,4,5,7,5,3,4,1,3,5,8,8,5,6,9,Dentist
7099,5,4,5,6,7,4,8,9,2,3,7,7,5,10,7,7,7,6,5,6,4,1,8,4,2,6,8,6,8,9,6,10,Business / Management
7100,6,6,6,10,6,2,1,4,4,8,6,4,7,7,10,4,4,8,9,7,8,9,1,4,4,4,6,10,7,3,6,8,MBBS / Doctor
7101,6,3,1,4,6,3,3,7,8,7,8,2,4,9,7,10,5,5,8,6,4,1,4,6,9,8,6,5,7,7,7,10,Law
7102,6,8,8,4,5,3,3,5,3,3,5,4,8,6,5,3,7,5,6,4,4,7,3,3,1,3,4,6,8,4,5,4,Pharmacy
7103,4,5,6,4,6,3,7,2,8,7,5,6,5,7,9,5,9,7,7,9,6,4,4,9,5,5,10,8,4,2,6,10,Teaching / Professor
7104,4,1,6,4,2,4,5,6,6,10,6,3,6,7,8,8,8,10,7,6,5,3,4,7,4,3,8,9,7,1,9,6,Psychology
7105,4,4,6,6,3,3,2,3,4,5,7,4,7,9,8,4,8,8,6,3,2,7,1,5,3,2,3,7,8,3,7,8,Dentist
7106,5,2,2,4,5,2,9,9,3,6,7,7,4,8,9,7,7,7,4,7,6,2,6,3,5,6,5,7,7,7,9,9,Business / Management
7107,8,1,1,2,6,6,6,3,6,6,7,6,6,4,8,7,4,7,4,6,7,1,10,3,3,5,6,5,9,6,7,6,Finance / Banking
7108,4,3,8,5,7,5,2,4,1,3,8,5,9,7,6,1,5,8,8,1,5,7,5,3,6,5,5,8,8,2,7,5,Pharmacy
7109,7,7,7,5,10,1,5,5,1,3,7,8,9,10,5,6,8,5,7,5,10,5,2,5,5,4,6,7,7,6,4,6,Engineering
7110,4,2,3,4,5,2,6,7,10,4,7,5,2,10,9,8,8,8,8,7,6,1,5,9,10,7,3,8,10,4,9,8,Civil Services
7111,3,5,3,3,2,1,4,3,2,5,6,3,3,5,9,7,10,5,6,8,4,2,3,9,6,6,5,5,5,4,9,9,Journalism / Media
7112,2,3,8,9,3,3,2,3,5,6,6,5,8,9,6,4,8,8,5,3,5,9,1,3,2,3,5,5,9,3,5,9,Dentist
7113,4,2,7,9,4,3,2,3,2,8,6,4,10,10,4,4,8,6,9,4,6,8,3,3,3,3,6,8,6,3,6,4,Pharmacy
7114,7,5,9,10,8,3,4,3,8,6,9,6,9,9,10,7,6,8,8,5,7,10,4,8,4,5,9,10,10,5,10,7,MBBS / Doctor
7115,6,3,4,2,7,5,5,5,7,3,7,5,5,9,6,9,8,6,8,10,4,2,4,7,7,7,3,8,7,7,5,7,Law
7116,5,2,1,7,4,3,2,3,5,8,6,2,6,6,6,6,7,10,10,7,2,6,1,8,7,4,9,8,5,3,7,10,Psychology
7117,7,2,2,3,4,9,7,7,1,4,8,6,1,8,4,7,2,5,2,4,5,1,7,3,2,3,6,10,5,4,7,4,CA / Accounting
7118,3,3,7,5,7,6,3,8,5,7,9,7,8,7,9,8,9,6,9,8,5,6,3,6,6,6,10,9,6,4,8,10,Teaching / Professor
7119,6,5,2,3,6,5,7,10,5,4,8,9,5,8,8,10,8,4,4,8,8,3,7,6,3,5,6,5,9,7,8,8,Business / Management
7120,6,9,5,5,7,4,7,6,6,5,8,4,5,4,8,9,7,5,10,7,6,4,4,7,4,5,8,7,6,6,6,6,Teaching / Professor
7121,5,2,2,2,6,3,6,6,7,4,10,5,3,8,6,6,7,5,7,8,3,1,5,6,6,8,7,6,8,4,8,8,Law
7122,6,6,7,8,3,1,5,2,6,7,7,9,10,7,6,5,5,6,4,5,6,10,2,5,1,4,5,9,8,4,5,6,MBBS / Doctor
7123,7,5,1,2,3,5,5,8,3,4,8,9,6,7,5,7,8,3,3,1,4,4,8,2,4,7,4,9,5,8,6,5,Finance / Banking
7124,3,2,6,5,4,2,5,4,7,5,7,4,7,8,8,4,6,6,7,6,5,3,1,5,4,1,8,5,7,2,6,8,Teaching / Professor
7125,3,2,9,10,3,2,2,6,3,6,7,4,7,8,6,7,7,8,5,5,5,8,3,3,4,3,6,10,9,4,7,10,Dentist
7126,7,7,6,4,10,3,5,2,3,4,8,10,7,10,6,6,7,5,9,2,6,3,4,6,5,4,7,9,8,8,8,5,Engineering
7127,3,2,3,2,5,6,7,6,9,6,9,6,2,9,10,7,7,8,9,8,6,6,6,7,6,8,8,10,8,5,9,8,Law
7128,6,2,5,4,5,5,7,9,8,9,3,7,6,8,10,10,6,7,8,6,7,3,9,7,5,5,3,9,7,8,10,9,Business / Management
7129,8,4,1,1,5,8,6,5,5,1,5,5,3,5,6,5,6,2,4,5,7,3,10,3,5,2,3,10,8,2,6,4,CA / Accounting
7130,5,5,8,8,5,3,3,4,6,8,8,6,9,7,7,9,8,8,9,5,6,10,3,5,6,6,5,10,10,5,8,8,MBBS / Doctor
7131,2,4,3,2,7,4,2,4,5,7,7,2,3,5,10,4,6,6,7,7,6,5,1,6,4,8,6,4,9,5,7,9,Journalism / Media
7132,5,2,3,3,5,1,8,6,7,5,7,4,6,8,8,8,4,8,9,8,3,2,5,9,9,8,3,7,9,4,6,8,Civil Services
7133,7,4,7,8,5,1,3,4,1,6,7,5,6,8,6,5,7,7,4,4,5,8,4,3,6,2,7,5,8,2,10,5,Dentist
7134,6,2,8,10,5,3,3,5,4,7,8,5,9,9,10,8,7,7,6,6,7,10,2,6,4,5,7,9,7,5,8,7,MBBS / Doctor
7135,1,4,3,1,5,2,3,5,1,4,5,1,2,7,9,3,10,7,8,10,4,1,4,8,7,9,5,4,5,3,9,9,Journalism / Media
7136,3,2,2,1,3,7,5,6,2,2,4,7,3,6,2,6,5,3,4,3,5,1,9,1,3,5,5,8,8,3,6,5,CA / Accounting
7137,5,2,2,1,4,8,7,6,4,2,7,9,1,6,6,4,5,3,3,4,5,1,8,3,2,5,3,9,5,5,5,6,CA / Accounting
7138,8,2,2,3,4,7,9,7,5,2,8,9,3,6,4,7,2,2,5,3,7,1,9,5,1,4,5,4,7,6,7,5,Finance / Banking
7139,9,7,3,4,9,4,5,1,2,8,7,10,6,8,7,5,10,5,7,5,10,6,4,7,3,5,6,6,7,7,6,7,Engineering
7140,8,5,6,5,7,8,10,8,6,3,9,10,6,10,5,6,5,3,8,5,9,2,10,3,3,3,2,9,8,9,7,9,Finance / Banking
7141,6,3,2,2,4,6,8,9,3,4,10,9,1,8,7,5,3,6,1,4,7,1,9,2,5,8,3,7,7,7,6,7,Finance / Banking
7142,7,5,6,7,8,7,9,10,5,6,6,8,5,10,10,9,10,3,8,6,9,5,10,5,2,5,6,4,8,7,10,9,Business / Management
7143,5,4,1,2,7,8,7,4,3,2,7,10,4,6,6,5,4,2,4,1,9,4,10,5,5,2,6,10,6,5,6,6,CA / Accounting
7144,2,4,4,6,4,5,4,4,5,10,7,6,6,7,8,3,5,10,6,6,3,6,1,6,4,4,8,7,7,2,9,10,Psychology
7145,4,5,7,7,6,4,4,3,2,5,7,5,7,10,5,6,9,6,4,5,5,9,4,3,2,2,6,8,6,3,7,9,Dentist
7146,7,3,1,1,4,10,9,5,4,1,8,8,1,6,5,6,4,3,4,5,4,2,10,4,5,4,7,7,7,1,5,7,CA / Accounting
7147,5,5,7,8,5,1,4,5,3,4,5,7,5,5,8,5,7,4,7,6,4,7,4,3,5,3,6,8,8,3,7,7,Dentist
7148,6,6,5,5,9,7,7,8,2,5,7,6,1,7,9,7,8,6,6,9,6,3,7,6,4,7,1,6,8,7,5,8,Business / Management
7149,5,2,1,5,5,2,3,6,8,7,5,6,3,9,8,8,5,4,7,10,5,1,6,8,6,10,5,6,8,4,8,8,Law
7150,1,7,5,6,4,3,2,3,7,2,10,3,5,6,10,6,7,5,6,8,2,1,2,6,4,6,7,10,7,3,6,7,Teaching / Professor
7151,4,7,4,4,4,1,3,2,4,4,7,6,2,6,7,9,5,5,7,8,4,3,3,7,4,3,6,6,7,3,4,4,Teaching / Professor
7152,7,8,8,10,5,1,4,4,8,7,6,7,8,9,9,6,8,10,8,9,5,10,3,5,4,7,9,10,8,6,8,10,MBBS / Doctor
7153,5,1,4,3,7,3,4,5,6,6,4,1,2,7,9,6,9,5,9,8,3,1,4,8,7,7,4,6,9,7,8,7,Journalism / Media
7154,8,3,8,9,4,3,4,4,3,8,7,6,10,6,9,6,7,7,8,4,6,10,3,4,4,5,9,10,9,5,9,10,MBBS / Doctor
7155,6,3,3,4,8,9,7,7,4,4,6,10,4,9,7,5,3,6,6,5,10,1,8,4,3,4,5,6,6,7,5,6,Finance / Banking
7156,4,5,10,9,4,4,2,6,5,6,5,3,10,8,4,3,6,4,8,5,5,10,4,4,4,4,3,7,5,1,6,6,Pharmacy
7157,6,4,6,4,6,2,2,5,8,5,8,2,4,5,8,7,5,6,8,6,7,2,4,7,4,5,9,10,3,3,7,9,Teaching / Professor
7158,6,3,1,1,5,8,6,5,2,2,4,9,2,9,3,3,5,1,3,3,7,1,8,3,2,3,2,8,7,2,5,5,CA / Accounting
7159,3,1,4,3,5,3,5,6,8,5,7,3,2,6,8,8,7,5,4,8,5,2,4,9,3,8,1,4,5,6,7,7,Journalism / Media
7160,6,6,5,6,8,2,7,7,6,3,7,10,7,8,7,7,6,5,8,3,9,2,2,4,5,3,4,7,5,7,9,6,Engineering
7161,9,5,2,3,7,8,10,8,4,4,9,9,3,9,10,6,7,4,6,4,7,2,10,3,2,3,5,6,7,8,7,7,Finance / Banking
7162,6,2,3,1,7,4,7,10,7,5,6,8,3,10,10,10,10,8,4,8,6,5,6,6,6,5,4,6,6,8,7,8,Business / Management
7163,6,3,5,3,5,10,7,9,5,4,8,8,3,8,7,5,1,5,4,5,4,2,9,3,7,4,6,10,6,3,6,6,CA / Accounting
7164,9,4,4,2,6,8,9,6,1,1,8,9,3,8,9,5,6,7,3,7,8,2,5,6,7,3,7,4,7,6,5,6,Finance / Banking
7165,7,3,6,4,7,7,7,7,1,3,9,10,4,7,5,6,4,4,1,3,6,1,9,3,3,6,4,4,6,3,5,5,CA / Accounting
7166,6,4,4,2,8,4,10,9,7,7,6,6,5,8,7,10,8,7,7,9,7,5,9,5,4,7,7,5,7,10,8,10,Business / Management
7167,6,8,5,7,9,4,4,2,2,2,9,7,8,8,5,4,7,4,7,4,9,5,4,5,4,6,5,8,6,5,5,7,Engineering
7168,5,5,1,3,5,9,7,6,3,4,6,8,2,8,5,5,5,1,6,2,7,3,8,5,3,3,4,9,6,1,6,8,CA / Accounting
7169,4,4,4,5,4,2,5,5,7,10,7,6,5,7,9,8,8,9,7,8,3,6,2,8,3,5,6,8,6,3,7,8,Psychology
7170,3,5,5,10,6,3,3,6,5,4,9,3,6,9,4,8,8,9,3,6,6,8,4,4,2,3,4,8,7,4,6,8,Dentist
7171,2,6,2,3,5,6,5,7,8,3,8,4,5,6,7,5,8,6,7,9,1,1,6,7,7,9,8,7,8,6,7,8,Law
7172,5,6,4,4,7,6,4,5,4,9,7,6,6,7,6,5,7,8,9,8,9,4,4,5,6,6,10,7,3,4,9,9,Teaching / Professor
7173,4,5,6,7,4,2,2,5,5,5,7,5,10,5,3,3,4,6,9,3,4,8,5,3,2,4,8,8,6,3,9,7,Pharmacy
7174,7,5,1,3,6,2,4,7,3,4,5,6,3,10,8,10,5,5,5,8,6,2,7,4,7,5,5,4,6,8,10,8,Business / Management
7175,5,4,6,9,5,2,1,5,3,4,10,2,6,8,6,6,7,7,7,7,6,10,6,2,5,4,5,8,7,3,6,5,Dentist
7176,4,4,3,5,2,2,4,2,5,8,6,7,3,7,8,5,7,9,7,5,4,5,2,8,2,4,5,8,5,4,6,7,Psychology
7177,7,1,2,2,1,2,1,1,4,7,4,4,5,5,8,5,6,10,6,4,4,5,1,6,4,4,9,7,5,3,5,9,Psychology
7178,7,1,4,2,5,10,6,6,1,4,9,6,1,8,5,5,5,7,4,4,7,1,10,2,4,6,4,10,5,5,7,2,CA / Accounting
7179,2,1,2,1,3,3,5,4,6,8,8,3,6,6,10,6,10,5,7,8,7,4,4,10,5,8,5,6,7,5,8,9,Journalism / Media
7180,4,5,8,3,6,5,5,5,10,6,9,9,5,10,7,9,7,9,4,8,3,2,6,9,10,9,4,8,9,5,10,9,Civil Services
7181,6,4,3,2,7,6,9,6,4,4,8,3,2,6,7,5,2,5,4,4,7,2,10,5,4,4,3,5,8,8,6,7,Finance / Banking
7182,6,5,3,4,5,3,7,10,5,9,7,6,3,8,7,7,7,6,4,7,8,1,8,6,6,6,5,5,8,10,9,9,Business / Management
7183,4,8,6,10,4,2,2,2,4,5,8,7,6,10,6,6,3,6,4,5,6,9,1,2,4,5,7,10,8,5,8,7,MBBS / Doctor
7184,7,5,4,5,8,3,4,3,6,4,7,9,5,7,5,5,7,7,6,1,9,3,3,4,3,3,5,6,5,10,5,5,Engineering
7185,7,3,1,1,6,9,8,7,4,3,6,7,2,4,6,7,4,2,4,1,3,4,6,5,6,4,4,8,4,3,8,6,CA / Accounting
7186,7,4,5,7,5,3,5,6,9,6,9,2,5,8,6,9,9,7,10,9,5,4,2,6,3,5,9,8,6,7,5,5,Teaching / Professor
7187,7,3,1,3,4,2,4,4,4,6,6,5,6,6,10,6,7,10,6,9,5,6,2,4,6,8,10,8,4,4,10,9,Teaching / Professor
7188,2,4,7,10,3,6,1,7,1,7,7,2,6,8,7,5,7,3,5,5,5,10,5,1,2,1,5,9,9,5,7,10,Dentist
7189,4,6,3,6,8,2,8,5,10,7,6,3,3,10,8,10,7,7,9,8,5,1,6,8,10,9,5,9,8,5,9,7,Civil Services
7190,3,5,5,6,3,4,5,4,2,5,10,7,8,7,4,5,5,6,6,4,6,10,2,3,5,4,5,9,8,7,9,5,Pharmacy
7191,4,2,3,3,4,2,5,3,5,9,9,5,6,8,8,7,7,8,8,7,4,8,5,9,3,4,7,7,6,3,9,10,Psychology
7192,10,8,5,4,9,3,7,6,5,7,8,9,9,10,7,7,10,4,6,5,8,1,6,3,4,2,6,6,5,7,6,5,Engineering
7193,5,7,8,9,5,2,2,8,3,6,8,8,10,9,7,5,7,8,4,7,7,8,4,4,2,5,8,9,9,4,10,9,Dentist
7194,5,3,4,5,3,3,8,4,8,5,7,4,7,7,8,8,7,10,7,9,6,3,8,9,9,5,4,10,7,3,9,8,Civil Services
7195,6,5,5,5,5,3,5,4,5,6,8,7,8,7,9,8,7,8,8,6,6,4,2,8,7,6,8,9,6,7,7,9,Teaching / Professor
7196,3,2,1,1,2,3,6,6,5,4,7,2,1,6,9,7,8,6,7,5,6,2,4,8,5,9,3,9,5,3,5,5,Law
7197,3,1,2,9,3,2,6,4,5,10,6,4,7,4,7,5,7,10,7,5,3,6,1,7,2,3,8,8,5,3,7,7,Psychology
7198,6,3,3,3,6,1,4,4,6,10,8,4,7,8,8,7,10,10,8,6,1,5,2,7,3,5,6,7,8,7,8,6,Psychology
7199,4,3,4,6,5,4,4,3,6,9,7,5,7,8,10,6,6,10,7,5,5,4,3,7,3,5,7,7,5,2,7,10,Psychology
7200,5,4,4,4,5,8,8,7,4,2,6,7,8,7,7,9,10,4,7,6,4,2,5,5,1,4,5,7,7,9,7,8,Business / Management
